,efforts_tuples,selected0,selected1,count,count_normalized,selected_motions,alpha_0_2,alpha_2_0,alpha_0_1,alpha_2_1,alpha_1_0,alpha_1_2,direct_comparison_value
0,"[(-1, -1, -1, 0), (-1, -1, 0, -1)]",1,2,5,0.5,1_2,0.0,0.0,0.0,0.3,0.0,0.2,0.5
1,"[(-1, -1, -1, 0), (-1, -1, 0, 0)]",1,2,10,0.833333333333333,1_2,0.0,0.0,0.0,0.833333333333333,0.0,0.6666666666666661,0.833333333333333
2,"[(-1, -1, -1, 0), (-1, -1, 0, 1)]",1,2,6,0.545454545454545,1_2,0.0,0.0,0.0,0.4545454545454541,0.0,0.181818181818181,0.545454545454545
3,"[(-1, -1, -1, 0), (-1, -1, 1, 0)]",1,2,9,0.818181818181818,1_2,0.0,0.0,0.0,0.7272727272727271,0.0,0.7272727272727271,0.818181818181818
4,"[(-1, -1, -1, 0), (-1, 0, -1, -1)]",0,2,4,0.4,0_2,0.2,0.0,0.0,0.0,0.0,0.0,0.4
5,"[(-1, -1, -1, 0), (-1, 0, -1, 0)]",1,2,5,0.454545454545455,1_2,0.0,0.0,0.0,0.090909090909091,0.0,0.272727272727273,0.454545454545455
6,"[(-1, -1, -1, 0), (-1, 0, -1, 1)]",0,2,6,0.545454545454545,0_2,0.363636363636363,0.272727272727272,0.0,0.0,0.0,0.0,0.545454545454545
7,"[(-1, -1, -1, 0), (-1, 0, 0, -1)]",0,1,6,0.6,0_1,0.0,0.0,0.5,0.0,0.3,0.0,0.6
8,"[(-1, -1, -1, 0), (-1, 0, 0, 1)]",1,2,11,1.0,1_2,0.0,0.0,0.0,1.0,0.0,1.0,1.0
9,"[(-1, -1, -1, 0), (-1, 0, 1, -1)]",0,1,5,0.454545454545455,0_1,0.0,0.0,0.3636363636363641,0.0,0.0,0.0,0.454545454545455
10,"[(-1, -1, -1, 0), (-1, 0, 1, 0)]",0,2,5,0.454545454545455,0_2,0.3636363636363641,0.0,0.0,0.0,0.0,0.0,0.454545454545455
11,"[(-1, -1, -1, 0), (-1, 0, 1, 1)]",1,2,7,0.583333333333333,1_2,0.0,0.0,0.0,0.4999999999999997,0.0,0.25000000000000006,0.583333333333333
12,"[(-1, -1, -1, 0), (-1, 1, -1, 0)]",0,2,8,0.727272727272727,0_2,0.545454545454545,0.636363636363636,0.0,0.0,0.0,0.0,0.727272727272727
13,"[(-1, -1, -1, 0), (-1, 1, 0, -1)]",0,1,4,0.4,0_1,0.0,0.0,0.2,0.0,0.0,0.0,0.4
14,"[(-1, -1, -1, 0), (-1, 1, 0, 0)]",1,2,9,0.692307692307692,1_2,0.0,0.0,0.0,0.538461538461538,0.0,0.538461538461538,0.692307692307692
15,"[(-1, -1, -1, 0), (-1, 1, 0, 1)]",1,2,6,0.545454545454545,1_2,0.0,0.0,0.0,0.545454545454545,0.0,0.09090909090909,0.545454545454545
16,"[(-1, -1, -1, 0), (-1, 1, 1, 0)]",0,1,7,0.7,0_1,0.0,0.0,0.7,0.0,0.39999999999999997,0.0,0.7
17,"[(-1, -1, -1, 0), (0, -1, -1, -1)]",0,1,7,0.7,0_1,0.0,0.0,0.39999999999999997,0.0,0.7,0.0,0.7
18,"[(-1, -1, -1, 0), (0, -1, -1, 0)]",0,2,7,0.7,0_2,0.49999999999999994,0.6,0.0,0.0,0.0,0.0,0.7
19,"[(-1, -1, -1, 0), (0, -1, -1, 1)]",0,2,6,0.545454545454545,0_2,0.272727272727272,0.363636363636363,0.0,0.0,0.0,0.0,0.545454545454545
20,"[(-1, -1, -1, 0), (0, -1, 0, -1)]",0,1,4,0.4,0_1,0.0,0.0,0.0,0.0,0.2,0.0,0.4
21,"[(-1, -1, -1, 0), (0, -1, 0, 1)]",1,2,8,0.666666666666667,1_2,0.0,0.0,0.0,0.666666666666667,0.0,0.333333333333334,0.666666666666667
22,"[(-1, -1, -1, 0), (0, -1, 1, -1)]",0,1,5,0.454545454545455,0_1,0.0,0.0,0.3636363636363641,0.0,0.0,0.0,0.454545454545455
23,"[(-1, -1, -1, 0), (0, -1, 1, 0)]",1,2,10,1.0,1_2,0.0,0.0,0.0,1.0,0.0,1.0,1.0
24,"[(-1, -1, -1, 0), (0, -1, 1, 1)]",1,2,7,0.636363636363636,1_2,0.0,0.0,0.0,0.5454545454545451,0.0,0.36363636363636304,0.636363636363636
25,"[(-1, -1, -1, 0), (0, 0, -1, -1)]",0,1,9,0.818181818181818,0_1,0.0,0.0,0.636363636363636,0.0,0.818181818181818,0.0,0.818181818181818
26,"[(-1, -1, -1, 0), (0, 0, -1, 1)]",0,2,8,0.666666666666667,0_2,0.5,0.5,0.0,0.0,0.0,0.0,0.666666666666667
27,"[(-1, -1, -1, 0), (0, 0, 1, -1)]",0,1,6,0.6,0_1,0.0,0.0,0.5,0.0,0.3,0.0,0.6
28,"[(-1, -1, -1, 0), (0, 0, 1, 1)]",1,2,6,0.545454545454545,1_2,0.0,0.0,0.0,0.4545454545454541,0.0,0.181818181818181,0.545454545454545
29,"[(-1, -1, -1, 0), (0, 1, -1, -1)]",0,2,7,0.583333333333333,0_2,0.25000000000000006,0.4999999999999997,0.0,0.0,0.0,0.0,0.583333333333333
30,"[(-1, -1, -1, 0), (0, 1, -1, 0)]",0,2,6,0.6,0_2,0.39999999999999997,0.39999999999999997,0.0,0.0,0.0,0.0,0.6
31,"[(-1, -1, -1, 0), (0, 1, -1, 1)]",0,2,6,0.545454545454545,0_2,0.272727272727272,0.363636363636363,0.0,0.0,0.0,0.0,0.545454545454545
32,"[(-1, -1, -1, 0), (0, 1, 0, -1)]",0,1,7,0.583333333333333,0_1,0.0,0.0,0.4999999999999997,0.0,0.25000000000000006,0.0,0.583333333333333
33,"[(-1, -1, -1, 0), (0, 1, 0, 1)]",1,2,6,0.6,1_2,0.0,0.0,0.0,0.5,0.0,0.3,0.6
34,"[(-1, -1, -1, 0), (0, 1, 1, -1)]",0,1,6,0.545454545454545,0_1,0.0,0.0,0.545454545454545,0.0,0.09090909090909,0.0,0.545454545454545
35,"[(-1, -1, -1, 0), (0, 1, 1, 0)]",1,2,7,0.636363636363636,1_2,0.0,0.0,0.0,0.5454545454545451,0.0,0.36363636363636304,0.636363636363636
36,"[(-1, -1, -1, 0), (0, 1, 1, 1)]",1,2,10,0.909090909090909,1_2,0.0,0.0,0.0,0.909090909090909,0.0,0.818181818181818,0.909090909090909
37,"[(-1, -1, -1, 0), (1, -1, -1, 0)]",0,2,6,0.461538461538462,0_2,0.38461538461538514,0.0,0.0,0.0,0.0,0.0,0.461538461538462
38,"[(-1, -1, -1, 0), (1, -1, 0, -1)]",0,1,4,0.4,0_1,0.0,0.0,0.2,0.0,0.0,0.0,0.4
39,"[(-1, -1, -1, 0), (1, -1, 0, 0)]",1,2,9,0.9,1_2,0.0,0.0,0.0,0.9,0.0,0.8,0.9
40,"[(-1, -1, -1, 0), (1, -1, 0, 1)]",1,2,7,0.7,1_2,0.0,0.0,0.0,0.6,0.0,0.49999999999999994,0.7
41,"[(-1, -1, -1, 0), (1, -1, 1, 0)]",1,2,7,0.7,1_2,0.0,0.0,0.0,0.7,0.0,0.39999999999999997,0.7
42,"[(-1, -1, -1, 0), (1, 0, -1, -1)]",0,1,5,0.454545454545455,0_1,0.0,0.0,0.0,0.0,0.3636363636363641,0.0,0.454545454545455
43,"[(-1, -1, -1, 0), (1, 0, -1, 0)]",0,2,6,0.5,0_2,0.5,0.0,0.0,0.0,0.0,0.0,0.5
44,"[(-1, -1, -1, 0), (1, 0, -1, 1)]",0,2,7,0.583333333333333,0_2,0.25000000000000006,0.4999999999999997,0.0,0.0,0.0,0.0,0.583333333333333
45,"[(-1, -1, -1, 0), (1, 0, 0, -1)]",0,1,7,0.583333333333333,0_1,0.0,0.0,0.583333333333333,0.0,0.16666666666666602,0.0,0.583333333333333
46,"[(-1, -1, -1, 0), (1, 0, 0, 1)]",1,2,9,0.818181818181818,1_2,0.0,0.0,0.0,0.818181818181818,0.0,0.636363636363636,0.818181818181818
47,"[(-1, -1, -1, 0), (1, 0, 1, -1)]",0,1,6,0.545454545454545,0_1,0.0,0.0,0.4545454545454541,0.0,0.181818181818181,0.0,0.545454545454545
48,"[(-1, -1, -1, 0), (1, 0, 1, 0)]",1,2,6,0.6,1_2,0.0,0.0,0.0,0.6,0.0,0.19999999999999996,0.6
49,"[(-1, -1, -1, 0), (1, 0, 1, 1)]",1,2,7,0.636363636363636,1_2,0.0,0.0,0.0,0.5454545454545451,0.0,0.36363636363636304,0.636363636363636
50,"[(-1, -1, -1, 0), (1, 1, -1, 0)]",1,2,5,0.416666666666667,1_2,0.0,0.0,0.0,0.08333333333333404,0.0,0.16666666666666702,0.416666666666667
51,"[(-1, -1, -1, 0), (1, 1, 0, -1)]",0,1,7,0.636363636363636,0_1,0.0,0.0,0.5454545454545451,0.0,0.36363636363636304,0.0,0.636363636363636
52,"[(-1, -1, -1, 0), (1, 1, 0, 0)]",1,2,8,0.727272727272727,1_2,0.0,0.0,0.0,0.727272727272727,0.0,0.454545454545454,0.727272727272727
53,"[(-1, -1, -1, 0), (1, 1, 0, 1)]",1,2,9,0.75,1_2,0.0,0.0,0.0,0.75,0.0,0.5,0.75
54,"[(-1, -1, -1, 0), (1, 1, 1, 0)]",1,2,10,0.909090909090909,1_2,0.0,0.0,0.0,0.909090909090909,0.0,0.818181818181818,0.909090909090909
55,"[(-1, -1, 0, -1), (-1, -1, 0, 0)]",1,2,10,0.909090909090909,1_2,0.0,0.0,0.0,0.909090909090909,0.0,0.818181818181818,0.909090909090909
56,"[(-1, -1, 0, -1), (-1, -1, 0, 1)]",1,2,9,0.75,1_2,0.0,0.0,0.0,0.583333333333333,0.0,0.6666666666666667,0.75
57,"[(-1, -1, 0, -1), (-1, -1, 1, 0)]",1,2,9,0.818181818181818,1_2,0.0,0.0,0.0,0.818181818181818,0.0,0.636363636363636,0.818181818181818
58,"[(-1, -1, 0, -1), (-1, 0, -1, -1)]",0,2,6,0.545454545454545,0_2,0.272727272727272,0.363636363636363,0.0,0.0,0.0,0.0,0.545454545454545
59,"[(-1, -1, 0, -1), (-1, 0, -1, 0)]",1,2,9,0.818181818181818,1_2,0.0,0.0,0.0,0.818181818181818,0.0,0.636363636363636,0.818181818181818
60,"[(-1, -1, 0, -1), (-1, 0, -1, 1)]",1,2,8,0.727272727272727,1_2,0.0,0.0,0.0,0.727272727272727,0.0,0.454545454545454,0.727272727272727
61,"[(-1, -1, 0, -1), (-1, 0, 0, -1)]",0,2,7,0.636363636363636,0_2,0.45454545454545403,0.45454545454545403,0.0,0.0,0.0,0.0,0.636363636363636
62,"[(-1, -1, 0, -1), (-1, 0, 0, 1)]",1,2,9,0.9,1_2,0.0,0.0,0.0,0.8,0.0,0.9,0.9
63,"[(-1, -1, 0, -1), (-1, 0, 1, -1)]",0,2,9,0.818181818181818,0_2,0.636363636363636,0.818181818181818,0.0,0.0,0.0,0.0,0.818181818181818
64,"[(-1, -1, 0, -1), (-1, 0, 1, 0)]",1,2,8,0.727272727272727,1_2,0.0,0.0,0.0,0.636363636363636,0.0,0.545454545454545,0.727272727272727
65,"[(-1, -1, 0, -1), (-1, 0, 1, 1)]",1,2,6,0.6,1_2,0.0,0.0,0.0,0.5,0.0,0.3,0.6
66,"[(-1, -1, 0, -1), (-1, 1, -1, 0)]",0,1,6,0.545454545454545,0_1,0.0,0.0,0.4545454545454541,0.0,0.181818181818181,0.0,0.545454545454545
67,"[(-1, -1, 0, -1), (-1, 1, 0, -1)]",0,2,8,0.727272727272727,0_2,0.636363636363636,0.545454545454545,0.0,0.0,0.0,0.0,0.727272727272727
68,"[(-1, -1, 0, -1), (-1, 1, 0, 0)]",1,2,6,0.6,1_2,0.0,0.0,0.0,0.3,0.0,0.5,0.6
69,"[(-1, -1, 0, -1), (-1, 1, 0, 1)]",1,2,8,0.8,1_2,0.0,0.0,0.0,0.8,0.0,0.6000000000000001,0.8
70,"[(-1, -1, 0, -1), (-1, 1, 1, 0)]",0,1,5,0.5,0_1,0.0,0.0,0.2,0.0,0.3,0.0,0.5
71,"[(-1, -1, 0, -1), (0, -1, -1, -1)]",0,1,7,0.583333333333333,0_1,0.0,0.0,0.16666666666666602,0.0,0.583333333333333,0.0,0.583333333333333
72,"[(-1, -1, 0, -1), (0, -1, -1, 0)]",0,1,8,0.615384615384615,0_1,0.0,0.0,0.461538461538461,0.0,0.38461538461538397,0.0,0.615384615384615
73,"[(-1, -1, 0, -1), (0, -1, -1, 1)]",1,2,6,0.545454545454545,1_2,0.0,0.0,0.0,0.545454545454545,0.0,0.09090909090909,0.545454545454545
74,"[(-1, -1, 0, -1), (0, -1, 0, -1)]",0,2,6,0.5,0_2,0.16666666666666702,0.33333333333333304,0.0,0.0,0.0,0.0,0.5
75,"[(-1, -1, 0, -1), (0, -1, 0, 1)]",1,2,12,0.923076923076923,1_2,0.0,0.0,0.0,0.923076923076923,0.0,0.8461538461538461,0.923076923076923
76,"[(-1, -1, 0, -1), (0, -1, 1, -1)]",0,2,7,0.538461538461538,0_2,0.07692307692307598,0.538461538461538,0.0,0.0,0.0,0.0,0.538461538461538
77,"[(-1, -1, 0, -1), (0, -1, 1, 0)]",1,2,7,0.7,1_2,0.0,0.0,0.0,0.39999999999999997,0.0,0.7,0.7
78,"[(-1, -1, 0, -1), (0, -1, 1, 1)]",1,2,6,0.6,1_2,0.0,0.0,0.0,0.39999999999999997,0.0,0.39999999999999997,0.6
79,"[(-1, -1, 0, -1), (0, 0, -1, -1)]",0,1,6,0.545454545454545,0_1,0.0,0.0,0.181818181818181,0.0,0.4545454545454541,0.0,0.545454545454545
80,"[(-1, -1, 0, -1), (0, 0, -1, 1)]",0,1,7,0.636363636363636,0_1,0.0,0.0,0.636363636363636,0.0,0.27272727272727204,0.0,0.636363636363636
81,"[(-1, -1, 0, -1), (0, 0, 1, -1)]",0,1,5,0.454545454545455,0_1,0.0,0.0,0.090909090909091,0.0,0.272727272727273,0.0,0.454545454545455
82,"[(-1, -1, 0, -1), (0, 0, 1, 1)]",0,1,5,0.5,0_1,0.0,0.0,0.4,0.0,0.09999999999999998,0.0,0.5
83,"[(-1, -1, 0, -1), (0, 1, -1, -1)]",0,2,8,0.571428571428571,0_2,0.21428571428571397,0.49999999999999956,0.0,0.0,0.0,0.0,0.571428571428571
84,"[(-1, -1, 0, -1), (0, 1, -1, 0)]",1,2,5,0.5,1_2,0.0,0.0,0.0,0.4,0.0,0.09999999999999998,0.5
85,"[(-1, -1, 0, -1), (0, 1, -1, 1)]",0,1,7,0.583333333333333,0_1,0.0,0.0,0.4999999999999997,0.0,0.25000000000000006,0.0,0.583333333333333
86,"[(-1, -1, 0, -1), (0, 1, 0, -1)]",1,2,5,0.454545454545455,1_2,0.0,0.0,0.0,0.090909090909091,0.0,0.272727272727273,0.454545454545455
87,"[(-1, -1, 0, -1), (0, 1, 0, 1)]",1,2,11,0.846153846153846,1_2,0.0,0.0,0.0,0.846153846153846,0.0,0.6923076923076921,0.846153846153846
88,"[(-1, -1, 0, -1), (0, 1, 1, -1)]",0,1,7,0.583333333333333,0_1,0.0,0.0,0.25000000000000006,0.0,0.4999999999999997,0.0,0.583333333333333
89,"[(-1, -1, 0, -1), (0, 1, 1, 0)]",1,2,5,0.454545454545455,1_2,0.0,0.0,0.0,0.090909090909091,0.0,0.272727272727273,0.454545454545455
90,"[(-1, -1, 0, -1), (0, 1, 1, 1)]",1,2,5,0.5,1_2,0.0,0.0,0.0,0.4,0.0,0.09999999999999998,0.5
91,"[(-1, -1, 0, -1), (1, -1, -1, 0)]",1,2,8,0.727272727272727,1_2,0.0,0.0,0.0,0.636363636363636,0.0,0.545454545454545,0.727272727272727
92,"[(-1, -1, 0, -1), (1, -1, 0, -1)]",0,2,7,0.636363636363636,0_2,0.5454545454545451,0.36363636363636304,0.0,0.0,0.0,0.0,0.636363636363636
93,"[(-1, -1, 0, -1), (1, -1, 0, 0)]",1,2,10,1.0,1_2,0.0,0.0,0.0,1.0,0.0,1.0,1.0
94,"[(-1, -1, 0, -1), (1, -1, 0, 1)]",1,2,11,1.0,1_2,0.0,0.0,0.0,1.0,0.0,1.0,1.0
95,"[(-1, -1, 0, -1), (1, -1, 1, 0)]",0,1,5,0.454545454545455,0_1,0.0,0.0,0.3636363636363641,0.0,0.0,0.0,0.454545454545455
96,"[(-1, -1, 0, -1), (1, 0, -1, -1)]",0,2,6,0.6,0_2,0.19999999999999996,0.6,0.0,0.0,0.0,0.0,0.6
97,"[(-1, -1, 0, -1), (1, 0, -1, 0)]",0,1,5,0.5,0_1,0.0,0.0,0.5,0.0,0.0,0.0,0.5
98,"[(-1, -1, 0, -1), (1, 0, -1, 1)]",1,2,7,0.636363636363636,1_2,0.0,0.0,0.0,0.5454545454545451,0.0,0.36363636363636304,0.636363636363636
99,"[(-1, -1, 0, -1), (1, 0, 0, -1)]",0,2,8,0.666666666666667,0_2,0.41666666666666696,0.5833333333333337,0.0,0.0,0.0,0.0,0.666666666666667
100,"[(-1, -1, 0, -1), (1, 0, 0, 1)]",1,2,9,0.818181818181818,1_2,0.0,0.0,0.0,0.818181818181818,0.0,0.636363636363636,0.818181818181818
101,"[(-1, -1, 0, -1), (1, 0, 1, -1)]",0,2,7,0.583333333333333,0_2,0.4166666666666661,0.33333333333333304,0.0,0.0,0.0,0.0,0.583333333333333
102,"[(-1, -1, 0, -1), (1, 0, 1, 0)]",0,2,5,0.5,0_2,0.4,0.09999999999999998,0.0,0.0,0.0,0.0,0.5
103,"[(-1, -1, 0, -1), (1, 0, 1, 1)]",0,1,5,0.454545454545455,0_1,0.0,0.0,0.3636363636363641,0.0,0.0,0.0,0.454545454545455
104,"[(-1, -1, 0, -1), (1, 1, -1, 0)]",1,2,8,0.727272727272727,1_2,0.0,0.0,0.0,0.727272727272727,0.0,0.454545454545454,0.727272727272727
105,"[(-1, -1, 0, -1), (1, 1, 0, -1)]",0,2,5,0.5,0_2,0.3,0.2,0.0,0.0,0.0,0.0,0.5
106,"[(-1, -1, 0, -1), (1, 1, 0, 0)]",1,2,9,0.9,1_2,0.0,0.0,0.0,0.9,0.0,0.8,0.9
107,"[(-1, -1, 0, -1), (1, 1, 0, 1)]",1,2,5,0.454545454545455,1_2,0.0,0.0,0.0,0.272727272727273,0.0,0.090909090909091,0.454545454545455
108,"[(-1, -1, 0, -1), (1, 1, 1, 0)]",1,2,6,0.545454545454545,1_2,0.0,0.0,0.0,0.181818181818181,0.0,0.4545454545454541,0.545454545454545
109,"[(-1, -1, 0, 0), (-1, -1, 0, 1)]",0,1,6,0.6,0_1,0.0,0.0,0.5,0.0,0.3,0.0,0.6
110,"[(-1, -1, 0, 0), (-1, -1, 1, 0)]",0,1,10,0.833333333333333,0_1,0.0,0.0,0.7499999999999998,0.0,0.7499999999999998,0.0,0.833333333333333
111,"[(-1, -1, 0, 0), (-1, 0, -1, -1)]",0,1,13,0.928571428571429,0_1,0.0,0.0,0.928571428571429,0.0,0.8571428571428577,0.0,0.928571428571429
112,"[(-1, -1, 0, 0), (-1, 0, -1, 0)]",0,1,9,0.9,0_1,0.0,0.0,0.8,0.0,0.9,0.0,0.9
113,"[(-1, -1, 0, 0), (-1, 0, -1, 1)]",0,1,5,0.5,0_1,0.0,0.0,0.5,0.0,0.0,0.0,0.5
114,"[(-1, -1, 0, 0), (-1, 0, 0, -1)]",0,1,6,0.545454545454545,0_1,0.0,0.0,0.4545454545454541,0.0,0.181818181818181,0.0,0.545454545454545
115,"[(-1, -1, 0, 0), (-1, 0, 0, 1)]",0,1,5,0.5,0_1,0.0,0.0,0.4,0.0,0.09999999999999998,0.0,0.5
116,"[(-1, -1, 0, 0), (-1, 0, 1, -1)]",0,1,9,0.818181818181818,0_1,0.0,0.0,0.818181818181818,0.0,0.636363636363636,0.0,0.818181818181818
117,"[(-1, -1, 0, 0), (-1, 0, 1, 0)]",0,1,8,0.727272727272727,0_1,0.0,0.0,0.545454545454545,0.0,0.636363636363636,0.0,0.727272727272727
118,"[(-1, -1, 0, 0), (-1, 0, 1, 1)]",0,1,11,1.0,0_1,0.0,0.0,1.0,0.0,1.0,0.0,1.0
119,"[(-1, -1, 0, 0), (-1, 1, -1, 0)]",0,1,9,0.818181818181818,0_1,0.0,0.0,0.7272727272727271,0.0,0.7272727272727271,0.0,0.818181818181818
120,"[(-1, -1, 0, 0), (-1, 1, 0, -1)]",0,1,11,0.785714285714286,0_1,0.0,0.0,0.642857142857143,0.0,0.7142857142857146,0.0,0.785714285714286
121,"[(-1, -1, 0, 0), (-1, 1, 0, 0)]",0,1,8,0.727272727272727,0_1,0.0,0.0,0.545454545454545,0.0,0.636363636363636,0.0,0.727272727272727
122,"[(-1, -1, 0, 0), (-1, 1, 0, 1)]",0,1,6,0.5,0_1,0.0,0.0,0.5,0.0,0.0,0.0,0.5
123,"[(-1, -1, 0, 0), (-1, 1, 1, 0)]",0,1,9,0.75,0_1,0.0,0.0,0.6666666666666667,0.0,0.583333333333333,0.0,0.75
124,"[(-1, -1, 0, 0), (0, -1, -1, -1)]",0,1,10,0.833333333333333,0_1,0.0,0.0,0.7499999999999998,0.0,0.7499999999999998,0.0,0.833333333333333
125,"[(-1, -1, 0, 0), (0, -1, -1, 0)]",0,1,9,0.75,0_1,0.0,0.0,0.75,0.0,0.5,0.0,0.75
126,"[(-1, -1, 0, 0), (0, -1, -1, 1)]",0,1,6,0.545454545454545,0_1,0.0,0.0,0.4545454545454541,0.0,0.181818181818181,0.0,0.545454545454545
127,"[(-1, -1, 0, 0), (0, -1, 0, -1)]",0,1,9,0.818181818181818,0_1,0.0,0.0,0.7272727272727271,0.0,0.7272727272727271,0.0,0.818181818181818
128,"[(-1, -1, 0, 0), (0, -1, 0, 1)]",0,1,5,0.5,0_1,0.0,0.0,0.5,0.0,0.0,0.0,0.5
129,"[(-1, -1, 0, 0), (0, -1, 1, -1)]",0,1,10,0.909090909090909,0_1,0.0,0.0,0.909090909090909,0.0,0.818181818181818,0.0,0.909090909090909
130,"[(-1, -1, 0, 0), (0, -1, 1, 0)]",0,1,7,0.636363636363636,0_1,0.0,0.0,0.636363636363636,0.0,0.27272727272727204,0.0,0.636363636363636
131,"[(-1, -1, 0, 0), (0, -1, 1, 1)]",0,1,8,0.8,0_1,0.0,0.0,0.8,0.0,0.6000000000000001,0.0,0.8
132,"[(-1, -1, 0, 0), (0, 0, -1, -1)]",0,1,6,0.6,0_1,0.0,0.0,0.5,0.0,0.3,0.0,0.6
133,"[(-1, -1, 0, 0), (0, 0, -1, 1)]",0,1,7,0.636363636363636,0_1,0.0,0.0,0.5454545454545451,0.0,0.36363636363636304,0.0,0.636363636363636
134,"[(-1, -1, 0, 0), (0, 0, 1, -1)]",0,1,9,0.9,0_1,0.0,0.0,0.9,0.0,0.8,0.0,0.9
135,"[(-1, -1, 0, 0), (0, 0, 1, 1)]",0,1,9,0.75,0_1,0.0,0.0,0.6666666666666667,0.0,0.583333333333333,0.0,0.75
136,"[(-1, -1, 0, 0), (0, 1, -1, -1)]",0,1,7,0.7,0_1,0.0,0.0,0.7,0.0,0.39999999999999997,0.0,0.7
137,"[(-1, -1, 0, 0), (0, 1, -1, 0)]",0,1,8,0.8,0_1,0.0,0.0,0.8,0.0,0.6000000000000001,0.0,0.8
138,"[(-1, -1, 0, 0), (0, 1, -1, 1)]",0,1,9,0.818181818181818,0_1,0.0,0.0,0.818181818181818,0.0,0.636363636363636,0.0,0.818181818181818
139,"[(-1, -1, 0, 0), (0, 1, 0, -1)]",0,1,9,0.818181818181818,0_1,0.0,0.0,0.818181818181818,0.0,0.636363636363636,0.0,0.818181818181818
140,"[(-1, -1, 0, 0), (0, 1, 0, 1)]",0,1,4,0.4,0_1,0.0,0.0,0.2,0.0,0.0,0.0,0.4
141,"[(-1, -1, 0, 0), (0, 1, 1, -1)]",0,1,9,0.9,0_1,0.0,0.0,0.8,0.0,0.9,0.0,0.9
142,"[(-1, -1, 0, 0), (0, 1, 1, 0)]",0,1,8,0.727272727272727,0_1,0.0,0.0,0.727272727272727,0.0,0.454545454545454,0.0,0.727272727272727
143,"[(-1, -1, 0, 0), (0, 1, 1, 1)]",0,1,8,0.727272727272727,0_1,0.0,0.0,0.727272727272727,0.0,0.454545454545454,0.0,0.727272727272727
144,"[(-1, -1, 0, 0), (1, -1, -1, 0)]",0,1,7,0.636363636363636,0_1,0.0,0.0,0.636363636363636,0.0,0.27272727272727204,0.0,0.636363636363636
145,"[(-1, -1, 0, 0), (1, -1, 0, -1)]",0,1,8,0.727272727272727,0_1,0.0,0.0,0.727272727272727,0.0,0.454545454545454,0.0,0.727272727272727
146,"[(-1, -1, 0, 0), (1, -1, 0, 0)]",1,2,6,0.6,1_2,0.0,0.0,0.0,0.39999999999999997,0.0,0.39999999999999997,0.6
147,"[(-1, -1, 0, 0), (1, -1, 0, 1)]",0,1,6,0.545454545454545,0_1,0.0,0.0,0.4545454545454541,0.0,0.181818181818181,0.0,0.545454545454545
148,"[(-1, -1, 0, 0), (1, -1, 1, 0)]",0,1,10,0.833333333333333,0_1,0.0,0.0,0.833333333333333,0.0,0.6666666666666661,0.0,0.833333333333333
149,"[(-1, -1, 0, 0), (1, 0, -1, -1)]",0,1,11,0.916666666666667,0_1,0.0,0.0,0.916666666666667,0.0,0.8333333333333337,0.0,0.916666666666667
150,"[(-1, -1, 0, 0), (1, 0, -1, 0)]",0,1,9,0.818181818181818,0_1,0.0,0.0,0.818181818181818,0.0,0.636363636363636,0.0,0.818181818181818
151,"[(-1, -1, 0, 0), (1, 0, -1, 1)]",0,1,11,0.916666666666667,0_1,0.0,0.0,0.916666666666667,0.0,0.8333333333333337,0.0,0.916666666666667
152,"[(-1, -1, 0, 0), (1, 0, 0, -1)]",0,1,10,1.0,0_1,0.0,0.0,1.0,0.0,1.0,0.0,1.0
153,"[(-1, -1, 0, 0), (1, 0, 0, 1)]",0,1,6,0.545454545454545,0_1,0.0,0.0,0.545454545454545,0.0,0.09090909090909,0.0,0.545454545454545
154,"[(-1, -1, 0, 0), (1, 0, 1, -1)]",0,1,11,1.0,0_1,0.0,0.0,1.0,0.0,1.0,0.0,1.0
155,"[(-1, -1, 0, 0), (1, 0, 1, 0)]",0,1,10,1.0,0_1,0.0,0.0,1.0,0.0,1.0,0.0,1.0
156,"[(-1, -1, 0, 0), (1, 0, 1, 1)]",0,1,10,0.833333333333333,0_1,0.0,0.0,0.7499999999999998,0.0,0.7499999999999998,0.0,0.833333333333333
157,"[(-1, -1, 0, 0), (1, 1, -1, 0)]",0,1,7,0.636363636363636,0_1,0.0,0.0,0.636363636363636,0.0,0.27272727272727204,0.0,0.636363636363636
158,"[(-1, -1, 0, 0), (1, 1, 0, -1)]",0,1,12,0.857142857142857,0_1,0.0,0.0,0.7857142857142856,0.0,0.7857142857142856,0.0,0.857142857142857
159,"[(-1, -1, 0, 0), (1, 1, 0, 0)]",1,2,6,0.545454545454545,1_2,0.0,0.0,0.0,0.4545454545454541,0.0,0.181818181818181,0.545454545454545
160,"[(-1, -1, 0, 0), (1, 1, 0, 1)]",0,1,5,0.5,0_1,0.0,0.0,0.5,0.0,0.0,0.0,0.5
161,"[(-1, -1, 0, 0), (1, 1, 1, 0)]",0,1,10,0.909090909090909,0_1,0.0,0.0,0.909090909090909,0.0,0.818181818181818,0.0,0.909090909090909
162,"[(-1, -1, 0, 1), (-1, -1, 1, 0)]",0,1,11,0.785714285714286,0_1,0.0,0.0,0.7142857142857146,0.0,0.642857142857143,0.0,0.785714285714286
163,"[(-1, -1, 0, 1), (-1, 0, -1, -1)]",0,1,11,0.916666666666667,0_1,0.0,0.0,0.916666666666667,0.0,0.8333333333333337,0.0,0.916666666666667
164,"[(-1, -1, 0, 1), (-1, 0, -1, 0)]",0,1,10,0.909090909090909,0_1,0.0,0.0,0.909090909090909,0.0,0.818181818181818,0.0,0.909090909090909
165,"[(-1, -1, 0, 1), (-1, 0, -1, 1)]",0,1,7,0.7,0_1,0.0,0.0,0.39999999999999997,0.0,0.7,0.0,0.7
166,"[(-1, -1, 0, 1), (-1, 0, 0, -1)]",0,1,8,0.727272727272727,0_1,0.0,0.0,0.727272727272727,0.0,0.454545454545454,0.0,0.727272727272727
167,"[(-1, -1, 0, 1), (-1, 0, 0, 1)]",1,2,7,0.538461538461538,1_2,0.0,0.0,0.0,0.4615384615384611,0.0,0.15384615384615297,0.538461538461538
168,"[(-1, -1, 0, 1), (-1, 0, 1, -1)]",0,1,9,0.75,0_1,0.0,0.0,0.75,0.0,0.5,0.0,0.75
169,"[(-1, -1, 0, 1), (-1, 0, 1, 0)]",0,1,7,0.636363636363636,0_1,0.0,0.0,0.5454545454545451,0.0,0.36363636363636304,0.0,0.636363636363636
170,"[(-1, -1, 0, 1), (-1, 0, 1, 1)]",0,1,8,0.8,0_1,0.0,0.0,0.8,0.0,0.6000000000000001,0.0,0.8
171,"[(-1, -1, 0, 1), (-1, 1, -1, 0)]",0,1,11,0.916666666666667,0_1,0.0,0.0,0.916666666666667,0.0,0.8333333333333337,0.0,0.916666666666667
172,"[(-1, -1, 0, 1), (-1, 1, 0, -1)]",0,1,10,0.909090909090909,0_1,0.0,0.0,0.909090909090909,0.0,0.818181818181818,0.0,0.909090909090909
173,"[(-1, -1, 0, 1), (-1, 1, 0, 0)]",0,1,8,0.666666666666667,0_1,0.0,0.0,0.5833333333333337,0.0,0.41666666666666696,0.0,0.666666666666667
174,"[(-1, -1, 0, 1), (-1, 1, 0, 1)]",0,1,6,0.6,0_1,0.0,0.0,0.6,0.0,0.19999999999999996,0.0,0.6
175,"[(-1, -1, 0, 1), (-1, 1, 1, 0)]",0,1,9,0.75,0_1,0.0,0.0,0.75,0.0,0.5,0.0,0.75
176,"[(-1, -1, 0, 1), (0, -1, -1, -1)]",0,1,11,1.0,0_1,0.0,0.0,1.0,0.0,1.0,0.0,1.0
177,"[(-1, -1, 0, 1), (0, -1, -1, 0)]",0,1,9,0.75,0_1,0.0,0.0,0.75,0.0,0.5,0.0,0.75
178,"[(-1, -1, 0, 1), (0, -1, -1, 1)]",0,1,9,0.818181818181818,0_1,0.0,0.0,0.7272727272727271,0.0,0.7272727272727271,0.0,0.818181818181818
179,"[(-1, -1, 0, 1), (0, -1, 0, -1)]",0,1,9,0.9,0_1,0.0,0.0,0.9,0.0,0.8,0.0,0.9
180,"[(-1, -1, 0, 1), (0, -1, 0, 1)]",0,1,6,0.545454545454545,0_1,0.0,0.0,0.4545454545454541,0.0,0.181818181818181,0.0,0.545454545454545
181,"[(-1, -1, 0, 1), (0, -1, 1, -1)]",0,1,10,0.833333333333333,0_1,0.0,0.0,0.833333333333333,0.0,0.6666666666666661,0.0,0.833333333333333
182,"[(-1, -1, 0, 1), (0, -1, 1, 0)]",0,1,8,0.727272727272727,0_1,0.0,0.0,0.727272727272727,0.0,0.454545454545454,0.0,0.727272727272727
183,"[(-1, -1, 0, 1), (0, -1, 1, 1)]",0,1,6,0.6,0_1,0.0,0.0,0.6,0.0,0.19999999999999996,0.0,0.6
184,"[(-1, -1, 0, 1), (0, 0, -1, -1)]",0,1,9,0.9,0_1,0.0,0.0,0.9,0.0,0.8,0.0,0.9
185,"[(-1, -1, 0, 1), (0, 0, -1, 1)]",0,1,7,0.636363636363636,0_1,0.0,0.0,0.636363636363636,0.0,0.27272727272727204,0.0,0.636363636363636
186,"[(-1, -1, 0, 1), (0, 0, 1, -1)]",0,1,11,0.916666666666667,0_1,0.0,0.0,0.916666666666667,0.0,0.8333333333333337,0.0,0.916666666666667
187,"[(-1, -1, 0, 1), (0, 0, 1, 1)]",0,1,8,0.666666666666667,0_1,0.0,0.0,0.666666666666667,0.0,0.333333333333334,0.0,0.666666666666667
188,"[(-1, -1, 0, 1), (0, 1, -1, -1)]",0,1,12,1.0,0_1,0.0,0.0,1.0,0.0,1.0,0.0,1.0
189,"[(-1, -1, 0, 1), (0, 1, -1, 0)]",0,1,8,0.666666666666667,0_1,0.0,0.0,0.5833333333333337,0.0,0.41666666666666696,0.0,0.666666666666667
190,"[(-1, -1, 0, 1), (0, 1, -1, 1)]",0,1,8,0.8,0_1,0.0,0.0,0.7000000000000001,0.0,0.7000000000000001,0.0,0.8
191,"[(-1, -1, 0, 1), (0, 1, 0, -1)]",0,1,9,0.692307692307692,0_1,0.0,0.0,0.538461538461538,0.0,0.538461538461538,0.0,0.692307692307692
192,"[(-1, -1, 0, 1), (0, 1, 0, 1)]",1,2,7,0.583333333333333,1_2,0.0,0.0,0.0,0.583333333333333,0.0,0.16666666666666602,0.583333333333333
193,"[(-1, -1, 0, 1), (0, 1, 1, -1)]",0,1,9,0.9,0_1,0.0,0.0,0.9,0.0,0.8,0.0,0.9
194,"[(-1, -1, 0, 1), (0, 1, 1, 0)]",0,1,7,0.636363636363636,0_1,0.0,0.0,0.636363636363636,0.0,0.27272727272727204,0.0,0.636363636363636
195,"[(-1, -1, 0, 1), (0, 1, 1, 1)]",0,1,6,0.6,0_1,0.0,0.0,0.3,0.0,0.5,0.0,0.6
196,"[(-1, -1, 0, 1), (1, -1, -1, 0)]",0,1,8,0.8,0_1,0.0,0.0,0.7000000000000001,0.0,0.7000000000000001,0.0,0.8
197,"[(-1, -1, 0, 1), (1, -1, 0, -1)]",0,1,8,0.8,0_1,0.0,0.0,0.8,0.0,0.6000000000000001,0.0,0.8
198,"[(-1, -1, 0, 1), (1, -1, 0, 0)]",0,1,6,0.6,0_1,0.0,0.0,0.6,0.0,0.19999999999999996,0.0,0.6
199,"[(-1, -1, 0, 1), (1, -1, 0, 1)]",1,2,8,0.666666666666667,1_2,0.0,0.0,0.0,0.5,0.0,0.5,0.666666666666667
200,"[(-1, -1, 0, 1), (1, -1, 1, 0)]",0,1,8,0.8,0_1,0.0,0.0,0.8,0.0,0.6000000000000001,0.0,0.8
201,"[(-1, -1, 0, 1), (1, 0, -1, -1)]",0,1,10,1.0,0_1,0.0,0.0,1.0,0.0,1.0,0.0,1.0
202,"[(-1, -1, 0, 1), (1, 0, -1, 0)]",0,1,8,0.727272727272727,0_1,0.0,0.0,0.727272727272727,0.0,0.454545454545454,0.0,0.727272727272727
203,"[(-1, -1, 0, 1), (1, 0, -1, 1)]",0,1,6,0.5,0_1,0.0,0.0,0.33333333333333304,0.0,0.16666666666666702,0.0,0.5
204,"[(-1, -1, 0, 1), (1, 0, 0, -1)]",0,1,8,0.8,0_1,0.0,0.0,0.6000000000000001,0.0,0.8,0.0,0.8
205,"[(-1, -1, 0, 1), (1, 0, 0, 1)]",0,1,7,0.583333333333333,0_1,0.0,0.0,0.4166666666666661,0.0,0.33333333333333304,0.0,0.583333333333333
206,"[(-1, -1, 0, 1), (1, 0, 1, -1)]",0,1,8,0.8,0_1,0.0,0.0,0.8,0.0,0.6000000000000001,0.0,0.8
207,"[(-1, -1, 0, 1), (1, 0, 1, 0)]",1,2,6,0.545454545454545,1_2,0.0,0.0,0.0,0.545454545454545,0.0,0.09090909090909,0.545454545454545
208,"[(-1, -1, 0, 1), (1, 0, 1, 1)]",1,2,5,0.5,1_2,0.0,0.0,0.0,0.4,0.0,0.09999999999999998,0.5
209,"[(-1, -1, 0, 1), (1, 1, -1, 0)]",0,1,6,0.6,0_1,0.0,0.0,0.39999999999999997,0.0,0.39999999999999997,0.0,0.6
210,"[(-1, -1, 0, 1), (1, 1, 0, -1)]",0,1,8,0.727272727272727,0_1,0.0,0.0,0.727272727272727,0.0,0.454545454545454,0.0,0.727272727272727
211,"[(-1, -1, 0, 1), (1, 1, 0, 0)]",1,2,9,0.75,1_2,0.0,0.0,0.0,0.6666666666666667,0.0,0.583333333333333,0.75
212,"[(-1, -1, 0, 1), (1, 1, 0, 1)]",1,2,7,0.7,1_2,0.0,0.0,0.0,0.6,0.0,0.49999999999999994,0.7
213,"[(-1, -1, 0, 1), (1, 1, 1, 0)]",0,1,7,0.7,0_1,0.0,0.0,0.6,0.0,0.49999999999999994,0.0,0.7
214,"[(-1, -1, 1, 0), (-1, 0, -1, -1)]",0,1,9,0.75,0_1,0.0,0.0,0.75,0.0,0.5,0.0,0.75
215,"[(-1, -1, 1, 0), (-1, 0, -1, 0)]",0,1,8,0.727272727272727,0_1,0.0,0.0,0.727272727272727,0.0,0.454545454545454,0.0,0.727272727272727
216,"[(-1, -1, 1, 0), (-1, 0, -1, 1)]",0,1,11,0.916666666666667,0_1,0.0,0.0,0.916666666666667,0.0,0.8333333333333337,0.0,0.916666666666667
217,"[(-1, -1, 1, 0), (-1, 0, 0, -1)]",0,1,8,0.8,0_1,0.0,0.0,0.7000000000000001,0.0,0.7000000000000001,0.0,0.8
218,"[(-1, -1, 1, 0), (-1, 0, 0, 1)]",1,2,10,1.0,1_2,0.0,0.0,0.0,1.0,0.0,1.0,1.0
219,"[(-1, -1, 1, 0), (-1, 0, 1, -1)]",0,1,7,0.583333333333333,0_1,0.0,0.0,0.25000000000000006,0.0,0.4999999999999997,0.0,0.583333333333333
220,"[(-1, -1, 1, 0), (-1, 0, 1, 0)]",0,2,4,0.363636363636364,0_2,0.090909090909091,0.0,0.0,0.0,0.0,0.0,0.363636363636364
221,"[(-1, -1, 1, 0), (-1, 0, 1, 1)]",0,2,7,0.583333333333333,0_2,0.25000000000000006,0.4999999999999997,0.0,0.0,0.0,0.0,0.583333333333333
222,"[(-1, -1, 1, 0), (-1, 1, -1, 0)]",0,1,10,0.833333333333333,0_1,0.0,0.0,0.7499999999999998,0.0,0.7499999999999998,0.0,0.833333333333333
223,"[(-1, -1, 1, 0), (-1, 1, 0, -1)]",0,1,6,0.5,0_1,0.0,0.0,0.4166666666666667,0.0,0.08333333333333298,0.0,0.5
224,"[(-1, -1, 1, 0), (-1, 1, 0, 0)]",1,2,8,0.727272727272727,1_2,0.0,0.0,0.0,0.727272727272727,0.0,0.454545454545454,0.727272727272727
225,"[(-1, -1, 1, 0), (-1, 1, 0, 1)]",1,2,8,0.666666666666667,1_2,0.0,0.0,0.0,0.5833333333333337,0.0,0.41666666666666696,0.666666666666667
226,"[(-1, -1, 1, 0), (-1, 1, 1, 0)]",0,1,6,0.5,0_1,0.0,0.0,0.0,0.0,0.5,0.0,0.5
227,"[(-1, -1, 1, 0), (0, -1, -1, -1)]",0,1,7,0.7,0_1,0.0,0.0,0.6,0.0,0.49999999999999994,0.0,0.7
228,"[(-1, -1, 1, 0), (0, -1, -1, 0)]",0,1,9,0.75,0_1,0.0,0.0,0.583333333333333,0.0,0.6666666666666667,0.0,0.75
229,"[(-1, -1, 1, 0), (0, -1, -1, 1)]",0,1,8,0.8,0_1,0.0,0.0,0.8,0.0,0.6000000000000001,0.0,0.8
230,"[(-1, -1, 1, 0), (0, -1, 0, -1)]",0,1,9,0.75,0_1,0.0,0.0,0.583333333333333,0.0,0.6666666666666667,0.0,0.75
231,"[(-1, -1, 1, 0), (0, -1, 0, 1)]",1,2,8,0.727272727272727,1_2,0.0,0.0,0.0,0.636363636363636,0.0,0.545454545454545,0.727272727272727
232,"[(-1, -1, 1, 0), (0, -1, 1, -1)]",0,1,5,0.416666666666667,0_1,0.0,0.0,0.16666666666666702,0.0,0.08333333333333404,0.0,0.416666666666667
233,"[(-1, -1, 1, 0), (0, -1, 1, 0)]",1,2,6,0.545454545454545,1_2,0.0,0.0,0.0,0.181818181818181,0.0,0.4545454545454541,0.545454545454545
234,"[(-1, -1, 1, 0), (0, -1, 1, 1)]",0,2,9,0.75,0_2,0.583333333333333,0.6666666666666667,0.0,0.0,0.0,0.0,0.75
235,"[(-1, -1, 1, 0), (0, 0, -1, -1)]",0,1,8,0.727272727272727,0_1,0.0,0.0,0.545454545454545,0.0,0.636363636363636,0.0,0.727272727272727
236,"[(-1, -1, 1, 0), (0, 0, -1, 1)]",0,1,9,0.818181818181818,0_1,0.0,0.0,0.636363636363636,0.0,0.818181818181818,0.0,0.818181818181818
237,"[(-1, -1, 1, 0), (0, 0, 1, -1)]",0,2,5,0.5,0_2,0.09999999999999998,0.4,0.0,0.0,0.0,0.0,0.5
238,"[(-1, -1, 1, 0), (0, 0, 1, 1)]",0,1,6,0.545454545454545,0_1,0.0,0.0,0.272727272727272,0.0,0.363636363636363,0.0,0.545454545454545
239,"[(-1, -1, 1, 0), (0, 1, -1, -1)]",0,1,11,1.0,0_1,0.0,0.0,1.0,0.0,1.0,0.0,1.0
240,"[(-1, -1, 1, 0), (0, 1, -1, 0)]",0,1,6,0.6,0_1,0.0,0.0,0.5,0.0,0.3,0.0,0.6
241,"[(-1, -1, 1, 0), (0, 1, -1, 1)]",0,1,8,0.727272727272727,0_1,0.0,0.0,0.727272727272727,0.0,0.454545454545454,0.0,0.727272727272727
242,"[(-1, -1, 1, 0), (0, 1, 0, -1)]",0,1,6,0.6,0_1,0.0,0.0,0.6,0.0,0.19999999999999996,0.0,0.6
243,"[(-1, -1, 1, 0), (0, 1, 0, 1)]",1,2,7,0.583333333333333,1_2,0.0,0.0,0.0,0.4999999999999997,0.0,0.25000000000000006,0.583333333333333
244,"[(-1, -1, 1, 0), (0, 1, 1, -1)]",0,1,6,0.5,0_1,0.0,0.0,0.16666666666666702,0.0,0.33333333333333304,0.0,0.5
245,"[(-1, -1, 1, 0), (0, 1, 1, 0)]",0,2,6,0.6,0_2,0.3,0.5,0.0,0.0,0.0,0.0,0.6
246,"[(-1, -1, 1, 0), (0, 1, 1, 1)]",0,1,5,0.454545454545455,0_1,0.0,0.0,0.181818181818182,0.0,0.181818181818182,0.0,0.454545454545455
247,"[(-1, -1, 1, 0), (1, -1, -1, 0)]",0,1,10,0.909090909090909,0_1,0.0,0.0,0.818181818181818,0.0,0.909090909090909,0.0,0.909090909090909
248,"[(-1, -1, 1, 0), (1, -1, 0, -1)]",0,1,7,0.7,0_1,0.0,0.0,0.7,0.0,0.39999999999999997,0.0,0.7
249,"[(-1, -1, 1, 0), (1, -1, 0, 0)]",0,1,6,0.6,0_1,0.0,0.0,0.6,0.0,0.19999999999999996,0.0,0.6
250,"[(-1, -1, 1, 0), (1, -1, 0, 1)]",1,2,11,0.916666666666667,1_2,0.0,0.0,0.0,0.916666666666667,0.0,0.8333333333333337,0.916666666666667
251,"[(-1, -1, 1, 0), (1, -1, 1, 0)]",0,2,5,0.454545454545455,0_2,0.181818181818182,0.181818181818182,0.0,0.0,0.0,0.0,0.454545454545455
252,"[(-1, -1, 1, 0), (1, 0, -1, -1)]",0,1,11,1.0,0_1,0.0,0.0,1.0,0.0,1.0,0.0,1.0
253,"[(-1, -1, 1, 0), (1, 0, -1, 0)]",0,1,7,0.7,0_1,0.0,0.0,0.49999999999999994,0.0,0.6,0.0,0.7
254,"[(-1, -1, 1, 0), (1, 0, -1, 1)]",0,1,10,0.909090909090909,0_1,0.0,0.0,0.909090909090909,0.0,0.818181818181818,0.0,0.909090909090909
255,"[(-1, -1, 1, 0), (1, 0, 0, -1)]",0,1,7,0.7,0_1,0.0,0.0,0.7,0.0,0.39999999999999997,0.0,0.7
256,"[(-1, -1, 1, 0), (1, 0, 0, 1)]",1,2,7,0.583333333333333,1_2,0.0,0.0,0.0,0.4166666666666661,0.0,0.33333333333333304,0.583333333333333
257,"[(-1, -1, 1, 0), (1, 0, 1, -1)]",0,1,6,0.6,0_1,0.0,0.0,0.3,0.0,0.5,0.0,0.6
258,"[(-1, -1, 1, 0), (1, 0, 1, 0)]",1,2,8,0.8,1_2,0.0,0.0,0.0,0.7000000000000001,0.0,0.7000000000000001,0.8
259,"[(-1, -1, 1, 0), (1, 0, 1, 1)]",0,2,5,0.416666666666667,0_2,0.08333333333333404,0.16666666666666702,0.0,0.0,0.0,0.0,0.416666666666667
260,"[(-1, -1, 1, 0), (1, 1, -1, 0)]",0,1,10,0.909090909090909,0_1,0.0,0.0,0.909090909090909,0.0,0.818181818181818,0.0,0.909090909090909
261,"[(-1, -1, 1, 0), (1, 1, 0, -1)]",0,1,9,0.818181818181818,0_1,0.0,0.0,0.7272727272727271,0.0,0.7272727272727271,0.0,0.818181818181818
262,"[(-1, -1, 1, 0), (1, 1, 0, 0)]",1,2,9,0.9,1_2,0.0,0.0,0.0,0.8,0.0,0.9,0.9
263,"[(-1, -1, 1, 0), (1, 1, 0, 1)]",1,2,10,0.833333333333333,1_2,0.0,0.0,0.0,0.7499999999999998,0.0,0.7499999999999998,0.833333333333333
264,"[(-1, -1, 1, 0), (1, 1, 1, 0)]",0,2,4,0.4,0_2,0.10000000000000003,0.10000000000000003,0.0,0.0,0.0,0.0,0.4
265,"[(-1, 0, -1, -1), (-1, 0, -1, 0)]",1,2,6,0.545454545454545,1_2,0.0,0.0,0.0,0.272727272727272,0.0,0.363636363636363,0.545454545454545
266,"[(-1, 0, -1, -1), (-1, 0, -1, 1)]",1,2,6,0.545454545454545,1_2,0.0,0.0,0.0,0.363636363636363,0.0,0.272727272727272,0.545454545454545
267,"[(-1, 0, -1, -1), (-1, 0, 0, -1)]",1,2,6,0.545454545454545,1_2,0.0,0.0,0.0,0.09090909090909,0.0,0.545454545454545,0.545454545454545
268,"[(-1, 0, -1, -1), (-1, 0, 0, 1)]",1,2,11,0.916666666666667,1_2,0.0,0.0,0.0,0.916666666666667,0.0,0.8333333333333337,0.916666666666667
269,"[(-1, 0, -1, -1), (-1, 0, 1, -1)]",0,2,6,0.545454545454545,0_2,0.363636363636363,0.272727272727272,0.0,0.0,0.0,0.0,0.545454545454545
270,"[(-1, 0, -1, -1), (-1, 0, 1, 0)]",1,2,12,0.923076923076923,1_2,0.0,0.0,0.0,0.8461538461538461,0.0,0.923076923076923,0.923076923076923
271,"[(-1, 0, -1, -1), (-1, 0, 1, 1)]",1,2,10,0.769230769230769,1_2,0.0,0.0,0.0,0.769230769230769,0.0,0.5384615384615381,0.769230769230769
272,"[(-1, 0, -1, -1), (-1, 1, -1, 0)]",0,2,6,0.6,0_2,0.3,0.5,0.0,0.0,0.0,0.0,0.6
273,"[(-1, 0, -1, -1), (-1, 1, 0, -1)]",0,1,4,0.363636363636364,0_1,0.0,0.0,0.0,0.0,0.090909090909091,0.0,0.363636363636364
274,"[(-1, 0, -1, -1), (-1, 1, 0, 0)]",1,2,10,1.0,1_2,0.0,0.0,0.0,1.0,0.0,1.0,1.0
275,"[(-1, 0, -1, -1), (-1, 1, 0, 1)]",1,2,9,0.75,1_2,0.0,0.0,0.0,0.75,0.0,0.5,0.75
276,"[(-1, 0, -1, -1), (-1, 1, 1, 0)]",1,2,7,0.636363636363636,1_2,0.0,0.0,0.0,0.36363636363636304,0.0,0.5454545454545451,0.636363636363636
277,"[(-1, 0, -1, -1), (0, -1, -1, -1)]",0,2,7,0.7,0_2,0.6,0.49999999999999994,0.0,0.0,0.0,0.0,0.7
278,"[(-1, 0, -1, -1), (0, -1, -1, 0)]",0,2,5,0.357142857142857,0_2,0.07142857142857101,0.0,0.0,0.0,0.0,0.0,0.357142857142857
279,"[(-1, 0, -1, -1), (0, -1, -1, 1)]",1,2,9,0.75,1_2,0.0,0.0,0.0,0.5,0.0,0.75,0.75
280,"[(-1, 0, -1, -1), (0, -1, 0, -1)]",0,1,6,0.5,0_1,0.0,0.0,0.16666666666666702,0.0,0.33333333333333304,0.0,0.5
281,"[(-1, 0, -1, -1), (0, -1, 0, 1)]",1,2,9,0.9,1_2,0.0,0.0,0.0,0.9,0.0,0.8,0.9
282,"[(-1, 0, -1, -1), (0, -1, 1, -1)]",1,2,6,0.6,1_2,0.0,0.0,0.0,0.19999999999999996,0.0,0.6,0.6
283,"[(-1, 0, -1, -1), (0, -1, 1, 0)]",1,2,10,0.909090909090909,1_2,0.0,0.0,0.0,0.909090909090909,0.0,0.818181818181818,0.909090909090909
284,"[(-1, 0, -1, -1), (0, -1, 1, 1)]",1,2,10,0.909090909090909,1_2,0.0,0.0,0.0,0.909090909090909,0.0,0.818181818181818,0.909090909090909
285,"[(-1, 0, -1, -1), (0, 0, -1, -1)]",0,2,7,0.636363636363636,0_2,0.45454545454545403,0.45454545454545403,0.0,0.0,0.0,0.0,0.636363636363636
286,"[(-1, 0, -1, -1), (0, 0, -1, 1)]",1,2,6,0.6,1_2,0.0,0.0,0.0,0.19999999999999996,0.0,0.6,0.6
287,"[(-1, 0, -1, -1), (0, 0, 1, -1)]",1,2,5,0.416666666666667,1_2,0.0,0.0,0.0,0.16666666666666702,0.0,0.08333333333333404,0.416666666666667
288,"[(-1, 0, -1, -1), (0, 0, 1, 1)]",1,2,11,0.916666666666667,1_2,0.0,0.0,0.0,0.916666666666667,0.0,0.8333333333333337,0.916666666666667
289,"[(-1, 0, -1, -1), (0, 1, -1, -1)]",0,2,7,0.7,0_2,0.6,0.49999999999999994,0.0,0.0,0.0,0.0,0.7
290,"[(-1, 0, -1, -1), (0, 1, -1, 0)]",0,2,8,0.666666666666667,0_2,0.5833333333333337,0.41666666666666696,0.0,0.0,0.0,0.0,0.666666666666667
291,"[(-1, 0, -1, -1), (0, 1, -1, 1)]",0,2,8,0.615384615384615,0_2,0.5384615384615381,0.307692307692307,0.0,0.0,0.0,0.0,0.615384615384615
292,"[(-1, 0, -1, -1), (0, 1, 0, -1)]",0,1,4,0.363636363636364,0_1,0.0,0.0,0.0,0.0,0.090909090909091,0.0,0.363636363636364
293,"[(-1, 0, -1, -1), (0, 1, 0, 1)]",1,2,10,0.909090909090909,1_2,0.0,0.0,0.0,0.818181818181818,0.0,0.909090909090909,0.909090909090909
294,"[(-1, 0, -1, -1), (0, 1, 1, -1)]",0,1,4,0.4,0_1,0.0,0.0,0.0,0.0,0.2,0.0,0.4
295,"[(-1, 0, -1, -1), (0, 1, 1, 0)]",1,2,8,0.666666666666667,1_2,0.0,0.0,0.0,0.666666666666667,0.0,0.333333333333334,0.666666666666667
296,"[(-1, 0, -1, -1), (0, 1, 1, 1)]",1,2,8,0.666666666666667,1_2,0.0,0.0,0.0,0.41666666666666696,0.0,0.5833333333333337,0.666666666666667
297,"[(-1, 0, -1, -1), (1, -1, -1, 0)]",0,2,7,0.583333333333333,0_2,0.4166666666666661,0.33333333333333304,0.0,0.0,0.0,0.0,0.583333333333333
298,"[(-1, 0, -1, -1), (1, -1, 0, -1)]",1,2,9,0.818181818181818,1_2,0.0,0.0,0.0,0.7272727272727271,0.0,0.7272727272727271,0.818181818181818
299,"[(-1, 0, -1, -1), (1, -1, 0, 0)]",1,2,9,0.9,1_2,0.0,0.0,0.0,0.9,0.0,0.8,0.9
300,"[(-1, 0, -1, -1), (1, -1, 0, 1)]",1,2,11,0.916666666666667,1_2,0.0,0.0,0.0,0.916666666666667,0.0,0.8333333333333337,0.916666666666667
301,"[(-1, 0, -1, -1), (1, -1, 1, 0)]",1,2,7,0.583333333333333,1_2,0.0,0.0,0.0,0.4999999999999997,0.0,0.25000000000000006,0.583333333333333
302,"[(-1, 0, -1, -1), (1, 0, -1, -1)]",0,2,8,0.8,0_2,0.8,0.6000000000000001,0.0,0.0,0.0,0.0,0.8
303,"[(-1, 0, -1, -1), (1, 0, -1, 0)]",0,2,4,0.4,0_2,0.10000000000000003,0.10000000000000003,0.0,0.0,0.0,0.0,0.4
304,"[(-1, 0, -1, -1), (1, 0, -1, 1)]",1,2,7,0.583333333333333,1_2,0.0,0.0,0.0,0.4166666666666661,0.0,0.33333333333333304,0.583333333333333
305,"[(-1, 0, -1, -1), (1, 0, 0, -1)]",0,1,5,0.454545454545455,0_1,0.0,0.0,0.181818181818182,0.0,0.181818181818182,0.0,0.454545454545455
306,"[(-1, 0, -1, -1), (1, 0, 0, 1)]",1,2,11,1.0,1_2,0.0,0.0,0.0,1.0,0.0,1.0,1.0
307,"[(-1, 0, -1, -1), (1, 0, 1, -1)]",0,1,5,0.5,0_1,0.0,0.0,0.2,0.0,0.3,0.0,0.5
308,"[(-1, 0, -1, -1), (1, 0, 1, 0)]",1,2,9,0.75,1_2,0.0,0.0,0.0,0.6666666666666667,0.0,0.583333333333333,0.75
309,"[(-1, 0, -1, -1), (1, 0, 1, 1)]",1,2,12,0.923076923076923,1_2,0.0,0.0,0.0,0.923076923076923,0.0,0.8461538461538461,0.923076923076923
310,"[(-1, 0, -1, -1), (1, 1, -1, 0)]",0,1,5,0.5,0_1,0.0,0.0,0.3,0.0,0.2,0.0,0.5
311,"[(-1, 0, -1, -1), (1, 1, 0, -1)]",1,2,7,0.5,1_2,0.0,0.0,0.0,0.21428571428571402,0.0,0.28571428571428603,0.5
312,"[(-1, 0, -1, -1), (1, 1, 0, 0)]",1,2,10,0.909090909090909,1_2,0.0,0.0,0.0,0.909090909090909,0.0,0.818181818181818,0.909090909090909
313,"[(-1, 0, -1, -1), (1, 1, 0, 1)]",1,2,9,0.9,1_2,0.0,0.0,0.0,0.9,0.0,0.8,0.9
314,"[(-1, 0, -1, -1), (1, 1, 1, 0)]",1,2,6,0.545454545454545,1_2,0.0,0.0,0.0,0.363636363636363,0.0,0.272727272727272,0.545454545454545
315,"[(-1, 0, -1, 0), (-1, 0, -1, 1)]",0,2,8,0.615384615384615,0_2,0.307692307692307,0.5384615384615381,0.0,0.0,0.0,0.0,0.615384615384615
316,"[(-1, 0, -1, 0), (-1, 0, 0, -1)]",1,2,6,0.5,1_2,0.0,0.0,0.0,0.4166666666666667,0.0,0.08333333333333298,0.5
317,"[(-1, 0, -1, 0), (-1, 0, 0, 1)]",1,2,8,0.727272727272727,1_2,0.0,0.0,0.0,0.727272727272727,0.0,0.454545454545454,0.727272727272727
318,"[(-1, 0, -1, 0), (-1, 0, 1, -1)]",0,1,7,0.636363636363636,0_1,0.0,0.0,0.636363636363636,0.0,0.27272727272727204,0.0,0.636363636363636
319,"[(-1, 0, -1, 0), (-1, 0, 1, 0)]",1,2,6,0.545454545454545,1_2,0.0,0.0,0.0,0.4545454545454541,0.0,0.181818181818181,0.545454545454545
320,"[(-1, 0, -1, 0), (-1, 0, 1, 1)]",0,1,7,0.7,0_1,0.0,0.0,0.7,0.0,0.39999999999999997,0.0,0.7
321,"[(-1, 0, -1, 0), (-1, 1, -1, 0)]",0,2,5,0.5,0_2,0.09999999999999998,0.4,0.0,0.0,0.0,0.0,0.5
322,"[(-1, 0, -1, 0), (-1, 1, 0, -1)]",0,1,7,0.636363636363636,0_1,0.0,0.0,0.5454545454545451,0.0,0.36363636363636304,0.0,0.636363636363636
323,"[(-1, 0, -1, 0), (-1, 1, 0, 0)]",1,2,10,0.909090909090909,1_2,0.0,0.0,0.0,0.909090909090909,0.0,0.818181818181818,0.909090909090909
324,"[(-1, 0, -1, 0), (-1, 1, 0, 1)]",1,2,6,0.6,1_2,0.0,0.0,0.0,0.6,0.0,0.19999999999999996,0.6
325,"[(-1, 0, -1, 0), (-1, 1, 1, 0)]",0,1,5,0.5,0_1,0.0,0.0,0.5,0.0,0.0,0.0,0.5
326,"[(-1, 0, -1, 0), (0, -1, -1, -1)]",0,1,5,0.5,0_1,0.0,0.0,0.09999999999999998,0.0,0.4,0.0,0.5
327,"[(-1, 0, -1, 0), (0, -1, -1, 0)]",1,2,4,0.4,1_2,0.0,0.0,0.0,0.10000000000000003,0.0,0.10000000000000003,0.4
328,"[(-1, 0, -1, 0), (0, -1, -1, 1)]",0,2,5,0.454545454545455,0_2,0.090909090909091,0.272727272727273,0.0,0.0,0.0,0.0,0.454545454545455
329,"[(-1, 0, -1, 0), (0, -1, 0, -1)]",1,2,6,0.545454545454545,1_2,0.0,0.0,0.0,0.545454545454545,0.0,0.09090909090909,0.545454545454545
330,"[(-1, 0, -1, 0), (0, -1, 0, 1)]",1,2,7,0.7,1_2,0.0,0.0,0.0,0.6,0.0,0.49999999999999994,0.7
331,"[(-1, 0, -1, 0), (0, -1, 1, -1)]",0,1,6,0.5,0_1,0.0,0.0,0.33333333333333304,0.0,0.16666666666666702,0.0,0.5
332,"[(-1, 0, -1, 0), (0, -1, 1, 0)]",1,2,8,0.666666666666667,1_2,0.0,0.0,0.0,0.5833333333333337,0.0,0.41666666666666696,0.666666666666667
333,"[(-1, 0, -1, 0), (0, -1, 1, 1)]",1,2,10,0.909090909090909,1_2,0.0,0.0,0.0,0.818181818181818,0.0,0.909090909090909,0.909090909090909
334,"[(-1, 0, -1, 0), (0, 0, -1, -1)]",0,2,9,0.818181818181818,0_2,0.636363636363636,0.818181818181818,0.0,0.0,0.0,0.0,0.818181818181818
335,"[(-1, 0, -1, 0), (0, 0, -1, 1)]",0,2,9,0.9,0_2,0.8,0.9,0.0,0.0,0.0,0.0,0.9
336,"[(-1, 0, -1, 0), (0, 0, 1, -1)]",0,1,7,0.583333333333333,0_1,0.0,0.0,0.583333333333333,0.0,0.16666666666666602,0.0,0.583333333333333
337,"[(-1, 0, -1, 0), (0, 0, 1, 1)]",1,2,6,0.6,1_2,0.0,0.0,0.0,0.39999999999999997,0.0,0.39999999999999997,0.6
338,"[(-1, 0, -1, 0), (0, 1, -1, -1)]",0,2,7,0.7,0_2,0.49999999999999994,0.6,0.0,0.0,0.0,0.0,0.7
339,"[(-1, 0, -1, 0), (0, 1, -1, 0)]",0,2,10,0.714285714285714,0_2,0.6428571428571426,0.5,0.0,0.0,0.0,0.0,0.714285714285714
340,"[(-1, 0, -1, 0), (0, 1, -1, 1)]",0,1,6,0.545454545454545,0_1,0.0,0.0,0.272727272727272,0.0,0.363636363636363,0.0,0.545454545454545
341,"[(-1, 0, -1, 0), (0, 1, 0, -1)]",0,1,6,0.6,0_1,0.0,0.0,0.6,0.0,0.19999999999999996,0.0,0.6
342,"[(-1, 0, -1, 0), (0, 1, 0, 1)]",1,2,8,0.727272727272727,1_2,0.0,0.0,0.0,0.545454545454545,0.0,0.636363636363636,0.727272727272727
343,"[(-1, 0, -1, 0), (0, 1, 1, -1)]",0,1,4,0.4,0_1,0.0,0.0,0.2,0.0,0.0,0.0,0.4
344,"[(-1, 0, -1, 0), (0, 1, 1, 0)]",1,2,7,0.636363636363636,1_2,0.0,0.0,0.0,0.636363636363636,0.0,0.27272727272727204,0.636363636363636
345,"[(-1, 0, -1, 0), (0, 1, 1, 1)]",1,2,8,0.666666666666667,1_2,0.0,0.0,0.0,0.5833333333333337,0.0,0.41666666666666696,0.666666666666667
346,"[(-1, 0, -1, 0), (1, -1, -1, 0)]",0,2,7,0.636363636363636,0_2,0.27272727272727204,0.636363636363636,0.0,0.0,0.0,0.0,0.636363636363636
347,"[(-1, 0, -1, 0), (1, -1, 0, -1)]",1,2,6,0.5,1_2,0.0,0.0,0.0,0.33333333333333304,0.0,0.16666666666666702,0.5
348,"[(-1, 0, -1, 0), (1, -1, 0, 0)]",1,2,10,1.0,1_2,0.0,0.0,0.0,1.0,0.0,1.0,1.0
349,"[(-1, 0, -1, 0), (1, -1, 0, 1)]",1,2,5,0.5,1_2,0.0,0.0,0.0,0.4,0.0,0.09999999999999998,0.5
350,"[(-1, 0, -1, 0), (1, -1, 1, 0)]",0,1,6,0.5,0_1,0.0,0.0,0.4166666666666667,0.0,0.08333333333333298,0.0,0.5
351,"[(-1, 0, -1, 0), (1, 0, -1, -1)]",0,1,5,0.5,0_1,0.0,0.0,0.0,0.0,0.5,0.0,0.5
352,"[(-1, 0, -1, 0), (1, 0, -1, 0)]",1,2,6,0.5,1_2,0.0,0.0,0.0,0.08333333333333298,0.0,0.4166666666666667,0.5
353,"[(-1, 0, -1, 0), (1, 0, -1, 1)]",0,2,7,0.636363636363636,0_2,0.36363636363636304,0.5454545454545451,0.0,0.0,0.0,0.0,0.636363636363636
354,"[(-1, 0, -1, 0), (1, 0, 0, -1)]",0,1,7,0.636363636363636,0_1,0.0,0.0,0.636363636363636,0.0,0.27272727272727204,0.0,0.636363636363636
355,"[(-1, 0, -1, 0), (1, 0, 0, 1)]",1,2,9,0.75,1_2,0.0,0.0,0.0,0.75,0.0,0.5,0.75
356,"[(-1, 0, -1, 0), (1, 0, 1, -1)]",0,1,7,0.583333333333333,0_1,0.0,0.0,0.4999999999999997,0.0,0.25000000000000006,0.0,0.583333333333333
357,"[(-1, 0, -1, 0), (1, 0, 1, 0)]",1,2,6,0.545454545454545,1_2,0.0,0.0,0.0,0.4545454545454541,0.0,0.181818181818181,0.545454545454545
358,"[(-1, 0, -1, 0), (1, 0, 1, 1)]",1,2,9,0.75,1_2,0.0,0.0,0.0,0.75,0.0,0.5,0.75
359,"[(-1, 0, -1, 0), (1, 1, -1, 0)]",0,2,8,0.666666666666667,0_2,0.5,0.5,0.0,0.0,0.0,0.0,0.666666666666667
360,"[(-1, 0, -1, 0), (1, 1, 0, -1)]",1,2,7,0.7,1_2,0.0,0.0,0.0,0.7,0.0,0.39999999999999997,0.7
361,"[(-1, 0, -1, 0), (1, 1, 0, 0)]",1,2,9,0.818181818181818,1_2,0.0,0.0,0.0,0.818181818181818,0.0,0.636363636363636,0.818181818181818
362,"[(-1, 0, -1, 0), (1, 1, 0, 1)]",1,2,7,0.636363636363636,1_2,0.0,0.0,0.0,0.636363636363636,0.0,0.27272727272727204,0.636363636363636
363,"[(-1, 0, -1, 0), (1, 1, 1, 0)]",1,2,7,0.583333333333333,1_2,0.0,0.0,0.0,0.4999999999999997,0.0,0.25000000000000006,0.583333333333333
364,"[(-1, 0, -1, 1), (-1, 0, 0, -1)]",1,2,8,0.666666666666667,1_2,0.0,0.0,0.0,0.666666666666667,0.0,0.333333333333334,0.666666666666667
365,"[(-1, 0, -1, 1), (-1, 0, 0, 1)]",1,2,8,0.727272727272727,1_2,0.0,0.0,0.0,0.636363636363636,0.0,0.545454545454545,0.727272727272727
366,"[(-1, 0, -1, 1), (-1, 0, 1, -1)]",0,1,6,0.545454545454545,0_1,0.0,0.0,0.545454545454545,0.0,0.09090909090909,0.0,0.545454545454545
367,"[(-1, 0, -1, 1), (-1, 0, 1, 0)]",1,2,8,0.8,1_2,0.0,0.0,0.0,0.8,0.0,0.6000000000000001,0.8
368,"[(-1, 0, -1, 1), (-1, 0, 1, 1)]",1,2,10,0.909090909090909,1_2,0.0,0.0,0.0,0.909090909090909,0.0,0.818181818181818,0.909090909090909
369,"[(-1, 0, -1, 1), (-1, 1, -1, 0)]",0,2,9,0.9,0_2,0.8,0.9,0.0,0.0,0.0,0.0,0.9
370,"[(-1, 0, -1, 1), (-1, 1, 0, -1)]",0,1,8,0.727272727272727,0_1,0.0,0.0,0.727272727272727,0.0,0.454545454545454,0.0,0.727272727272727
371,"[(-1, 0, -1, 1), (-1, 1, 0, 0)]",1,2,7,0.583333333333333,1_2,0.0,0.0,0.0,0.4999999999999997,0.0,0.25000000000000006,0.583333333333333
372,"[(-1, 0, -1, 1), (-1, 1, 0, 1)]",1,2,7,0.7,1_2,0.0,0.0,0.0,0.7,0.0,0.39999999999999997,0.7
373,"[(-1, 0, -1, 1), (-1, 1, 1, 0)]",0,1,6,0.5,0_1,0.0,0.0,0.5,0.0,0.0,0.0,0.5
374,"[(-1, 0, -1, 1), (0, -1, -1, -1)]",0,2,5,0.5,0_2,0.09999999999999998,0.4,0.0,0.0,0.0,0.0,0.5
375,"[(-1, 0, -1, 1), (0, -1, -1, 0)]",0,2,7,0.7,0_2,0.7,0.39999999999999997,0.0,0.0,0.0,0.0,0.7
376,"[(-1, 0, -1, 1), (0, -1, -1, 1)]",0,2,10,0.833333333333333,0_2,0.6666666666666661,0.833333333333333,0.0,0.0,0.0,0.0,0.833333333333333
377,"[(-1, 0, -1, 1), (0, -1, 0, -1)]",0,1,5,0.5,0_1,0.0,0.0,0.5,0.0,0.0,0.0,0.5
378,"[(-1, 0, -1, 1), (0, -1, 0, 1)]",1,2,11,1.0,1_2,0.0,0.0,0.0,1.0,0.0,1.0,1.0
379,"[(-1, 0, -1, 1), (0, -1, 1, -1)]",0,1,6,0.545454545454545,0_1,0.0,0.0,0.545454545454545,0.0,0.09090909090909,0.0,0.545454545454545
380,"[(-1, 0, -1, 1), (0, -1, 1, 0)]",1,2,11,0.916666666666667,1_2,0.0,0.0,0.0,0.916666666666667,0.0,0.8333333333333337,0.916666666666667
381,"[(-1, 0, -1, 1), (0, -1, 1, 1)]",1,2,10,0.909090909090909,1_2,0.0,0.0,0.0,0.818181818181818,0.0,0.909090909090909,0.909090909090909
382,"[(-1, 0, -1, 1), (0, 0, -1, -1)]",0,1,8,0.666666666666667,0_1,0.0,0.0,0.333333333333334,0.0,0.666666666666667,0.0,0.666666666666667
383,"[(-1, 0, -1, 1), (0, 0, -1, 1)]",0,2,6,0.6,0_2,0.5,0.3,0.0,0.0,0.0,0.0,0.6
384,"[(-1, 0, -1, 1), (0, 0, 1, -1)]",0,1,10,0.833333333333333,0_1,0.0,0.0,0.7499999999999998,0.0,0.7499999999999998,0.0,0.833333333333333
385,"[(-1, 0, -1, 1), (0, 0, 1, 1)]",1,2,9,0.818181818181818,1_2,0.0,0.0,0.0,0.7272727272727271,0.0,0.7272727272727271,0.818181818181818
386,"[(-1, 0, -1, 1), (0, 1, -1, -1)]",0,1,6,0.545454545454545,0_1,0.0,0.0,0.09090909090909,0.0,0.545454545454545,0.0,0.545454545454545
387,"[(-1, 0, -1, 1), (0, 1, -1, 0)]",0,2,8,0.727272727272727,0_2,0.636363636363636,0.545454545454545,0.0,0.0,0.0,0.0,0.727272727272727
388,"[(-1, 0, -1, 1), (0, 1, -1, 1)]",0,2,7,0.636363636363636,0_2,0.36363636363636304,0.5454545454545451,0.0,0.0,0.0,0.0,0.636363636363636
389,"[(-1, 0, -1, 1), (0, 1, 0, -1)]",0,1,6,0.6,0_1,0.0,0.0,0.6,0.0,0.19999999999999996,0.0,0.6
390,"[(-1, 0, -1, 1), (0, 1, 0, 1)]",1,2,7,0.636363636363636,1_2,0.0,0.0,0.0,0.636363636363636,0.0,0.27272727272727204,0.636363636363636
391,"[(-1, 0, -1, 1), (0, 1, 1, -1)]",0,1,6,0.6,0_1,0.0,0.0,0.6,0.0,0.19999999999999996,0.0,0.6
392,"[(-1, 0, -1, 1), (0, 1, 1, 0)]",0,1,6,0.545454545454545,0_1,0.0,0.0,0.545454545454545,0.0,0.09090909090909,0.0,0.545454545454545
393,"[(-1, 0, -1, 1), (0, 1, 1, 1)]",1,2,10,0.909090909090909,1_2,0.0,0.0,0.0,0.818181818181818,0.0,0.909090909090909,0.909090909090909
394,"[(-1, 0, -1, 1), (1, -1, -1, 0)]",0,2,6,0.6,0_2,0.39999999999999997,0.39999999999999997,0.0,0.0,0.0,0.0,0.6
395,"[(-1, 0, -1, 1), (1, -1, 0, -1)]",0,1,6,0.6,0_1,0.0,0.0,0.5,0.0,0.3,0.0,0.6
396,"[(-1, 0, -1, 1), (1, -1, 0, 0)]",1,2,7,0.7,1_2,0.0,0.0,0.0,0.7,0.0,0.39999999999999997,0.7
397,"[(-1, 0, -1, 1), (1, -1, 0, 1)]",1,2,6,0.6,1_2,0.0,0.0,0.0,0.6,0.0,0.19999999999999996,0.6
398,"[(-1, 0, -1, 1), (1, -1, 1, 0)]",1,2,9,0.818181818181818,1_2,0.0,0.0,0.0,0.818181818181818,0.0,0.636363636363636,0.818181818181818
399,"[(-1, 0, -1, 1), (1, 0, -1, -1)]",1,2,5,0.416666666666667,1_2,0.0,0.0,0.0,0.08333333333333404,0.0,0.16666666666666702,0.416666666666667
400,"[(-1, 0, -1, 1), (1, 0, -1, 0)]",0,2,7,0.7,0_2,0.6,0.49999999999999994,0.0,0.0,0.0,0.0,0.7
401,"[(-1, 0, -1, 1), (1, 0, -1, 1)]",0,2,11,0.785714285714286,0_2,0.642857142857143,0.7142857142857146,0.0,0.0,0.0,0.0,0.785714285714286
402,"[(-1, 0, -1, 1), (1, 0, 0, -1)]",0,1,5,0.454545454545455,0_1,0.0,0.0,0.3636363636363641,0.0,0.0,0.0,0.454545454545455
403,"[(-1, 0, -1, 1), (1, 0, 0, 1)]",1,2,5,0.5,1_2,0.0,0.0,0.0,0.3,0.0,0.2,0.5
404,"[(-1, 0, -1, 1), (1, 0, 1, -1)]",0,1,9,0.75,0_1,0.0,0.0,0.75,0.0,0.5,0.0,0.75
405,"[(-1, 0, -1, 1), (1, 0, 1, 0)]",1,2,10,0.909090909090909,1_2,0.0,0.0,0.0,0.909090909090909,0.0,0.818181818181818,0.909090909090909
406,"[(-1, 0, -1, 1), (1, 0, 1, 1)]",1,2,7,0.7,1_2,0.0,0.0,0.0,0.39999999999999997,0.0,0.7,0.7
407,"[(-1, 0, -1, 1), (1, 1, -1, 0)]",0,2,5,0.454545454545455,0_2,0.272727272727273,0.090909090909091,0.0,0.0,0.0,0.0,0.454545454545455
408,"[(-1, 0, -1, 1), (1, 1, 0, -1)]",0,1,6,0.5,0_1,0.0,0.0,0.5,0.0,0.0,0.0,0.5
409,"[(-1, 0, -1, 1), (1, 1, 0, 0)]",1,2,10,1.0,1_2,0.0,0.0,0.0,1.0,0.0,1.0,1.0
410,"[(-1, 0, -1, 1), (1, 1, 0, 1)]",1,2,7,0.636363636363636,1_2,0.0,0.0,0.0,0.45454545454545403,0.0,0.45454545454545403,0.636363636363636
411,"[(-1, 0, -1, 1), (1, 1, 1, 0)]",1,2,7,0.636363636363636,1_2,0.0,0.0,0.0,0.636363636363636,0.0,0.27272727272727204,0.636363636363636
412,"[(-1, 0, 0, -1), (-1, 0, 0, 1)]",1,2,9,0.818181818181818,1_2,0.0,0.0,0.0,0.818181818181818,0.0,0.636363636363636,0.818181818181818
413,"[(-1, 0, 0, -1), (-1, 0, 1, -1)]",0,2,4,0.363636363636364,0_2,0.090909090909091,0.0,0.0,0.0,0.0,0.0,0.363636363636364
414,"[(-1, 0, 0, -1), (-1, 0, 1, 0)]",1,2,6,0.545454545454545,1_2,0.0,0.0,0.0,0.363636363636363,0.0,0.272727272727272,0.545454545454545
415,"[(-1, 0, 0, -1), (-1, 0, 1, 1)]",0,1,6,0.545454545454545,0_1,0.0,0.0,0.4545454545454541,0.0,0.181818181818181,0.0,0.545454545454545
416,"[(-1, 0, 0, -1), (-1, 1, -1, 0)]",1,2,6,0.545454545454545,1_2,0.0,0.0,0.0,0.272727272727272,0.0,0.363636363636363,0.545454545454545
417,"[(-1, 0, 0, -1), (-1, 1, 0, -1)]",0,2,8,0.666666666666667,0_2,0.333333333333334,0.666666666666667,0.0,0.0,0.0,0.0,0.666666666666667
418,"[(-1, 0, 0, -1), (-1, 1, 0, 0)]",1,2,7,0.583333333333333,1_2,0.0,0.0,0.0,0.4999999999999997,0.0,0.25000000000000006,0.583333333333333
419,"[(-1, 0, 0, -1), (-1, 1, 0, 1)]",1,2,7,0.636363636363636,1_2,0.0,0.0,0.0,0.5454545454545451,0.0,0.36363636363636304,0.636363636363636
420,"[(-1, 0, 0, -1), (-1, 1, 1, 0)]",0,2,5,0.5,0_2,0.2,0.3,0.0,0.0,0.0,0.0,0.5
421,"[(-1, 0, 0, -1), (0, -1, -1, -1)]",0,1,6,0.545454545454545,0_1,0.0,0.0,0.272727272727272,0.0,0.363636363636363,0.0,0.545454545454545
422,"[(-1, 0, 0, -1), (0, -1, -1, 0)]",0,1,6,0.5,0_1,0.0,0.0,0.4166666666666667,0.0,0.08333333333333298,0.0,0.5
423,"[(-1, 0, 0, -1), (0, -1, -1, 1)]",0,1,4,0.4,0_1,0.0,0.0,0.2,0.0,0.0,0.0,0.4
424,"[(-1, 0, 0, -1), (0, -1, 0, -1)]",0,1,8,0.666666666666667,0_1,0.0,0.0,0.333333333333334,0.0,0.666666666666667,0.0,0.666666666666667
425,"[(-1, 0, 0, -1), (0, -1, 0, 1)]",1,2,6,0.545454545454545,1_2,0.0,0.0,0.0,0.4545454545454541,0.0,0.181818181818181,0.545454545454545
426,"[(-1, 0, 0, -1), (0, -1, 1, -1)]",0,1,5,0.5,0_1,0.0,0.0,0.09999999999999998,0.0,0.4,0.0,0.5
427,"[(-1, 0, 0, -1), (0, -1, 1, 0)]",1,2,6,0.5,1_2,0.0,0.0,0.0,0.33333333333333304,0.0,0.16666666666666702,0.5
428,"[(-1, 0, 0, -1), (0, -1, 1, 1)]",1,2,6,0.545454545454545,1_2,0.0,0.0,0.0,0.4545454545454541,0.0,0.181818181818181,0.545454545454545
429,"[(-1, 0, 0, -1), (0, 0, -1, -1)]",0,1,6,0.5,0_1,0.0,0.0,0.16666666666666702,0.0,0.33333333333333304,0.0,0.5
430,"[(-1, 0, 0, -1), (0, 0, -1, 1)]",0,1,7,0.583333333333333,0_1,0.0,0.0,0.583333333333333,0.0,0.16666666666666602,0.0,0.583333333333333
431,"[(-1, 0, 0, -1), (0, 0, 1, -1)]",0,1,5,0.454545454545455,0_1,0.0,0.0,0.181818181818182,0.0,0.181818181818182,0.0,0.454545454545455
432,"[(-1, 0, 0, -1), (0, 0, 1, 1)]",0,1,6,0.6,0_1,0.0,0.0,0.6,0.0,0.19999999999999996,0.0,0.6
433,"[(-1, 0, 0, -1), (0, 1, -1, -1)]",0,2,7,0.583333333333333,0_2,0.16666666666666602,0.583333333333333,0.0,0.0,0.0,0.0,0.583333333333333
434,"[(-1, 0, 0, -1), (0, 1, -1, 0)]",1,2,5,0.5,1_2,0.0,0.0,0.0,0.3,0.0,0.2,0.5
435,"[(-1, 0, 0, -1), (0, 1, -1, 1)]",0,1,8,0.8,0_1,0.0,0.0,0.8,0.0,0.6000000000000001,0.0,0.8
436,"[(-1, 0, 0, -1), (0, 1, 0, -1)]",0,2,7,0.7,0_2,0.49999999999999994,0.6,0.0,0.0,0.0,0.0,0.7
437,"[(-1, 0, 0, -1), (0, 1, 0, 1)]",1,2,7,0.7,1_2,0.0,0.0,0.0,0.7,0.0,0.39999999999999997,0.7
438,"[(-1, 0, 0, -1), (0, 1, 1, -1)]",0,2,5,0.454545454545455,0_2,0.181818181818182,0.181818181818182,0.0,0.0,0.0,0.0,0.454545454545455
439,"[(-1, 0, 0, -1), (0, 1, 1, 0)]",0,1,6,0.545454545454545,0_1,0.0,0.0,0.545454545454545,0.0,0.09090909090909,0.0,0.545454545454545
440,"[(-1, 0, 0, -1), (0, 1, 1, 1)]",0,1,5,0.5,0_1,0.0,0.0,0.4,0.0,0.09999999999999998,0.0,0.5
441,"[(-1, 0, 0, -1), (1, -1, -1, 0)]",0,1,7,0.7,0_1,0.0,0.0,0.7,0.0,0.39999999999999997,0.0,0.7
442,"[(-1, 0, 0, -1), (1, -1, 0, -1)]",0,2,7,0.538461538461538,0_2,0.307692307692307,0.307692307692307,0.0,0.0,0.0,0.0,0.538461538461538
443,"[(-1, 0, 0, -1), (1, -1, 0, 0)]",1,2,6,0.6,1_2,0.0,0.0,0.0,0.39999999999999997,0.0,0.39999999999999997,0.6
444,"[(-1, 0, 0, -1), (1, -1, 0, 1)]",1,2,9,0.692307692307692,1_2,0.0,0.0,0.0,0.692307692307692,0.0,0.38461538461538397,0.692307692307692
445,"[(-1, 0, 0, -1), (1, -1, 1, 0)]",1,2,5,0.454545454545455,1_2,0.0,0.0,0.0,0.272727272727273,0.0,0.090909090909091,0.454545454545455
446,"[(-1, 0, 0, -1), (1, 0, -1, -1)]",0,1,6,0.5,0_1,0.0,0.0,0.16666666666666702,0.0,0.33333333333333304,0.0,0.5
447,"[(-1, 0, 0, -1), (1, 0, -1, 0)]",1,2,5,0.454545454545455,1_2,0.0,0.0,0.0,0.272727272727273,0.0,0.090909090909091,0.454545454545455
448,"[(-1, 0, 0, -1), (1, 0, -1, 1)]",0,1,7,0.7,0_1,0.0,0.0,0.7,0.0,0.39999999999999997,0.0,0.7
449,"[(-1, 0, 0, -1), (1, 0, 0, -1)]",0,1,5,0.5,0_1,0.0,0.0,0.2,0.0,0.3,0.0,0.5
450,"[(-1, 0, 0, -1), (1, 0, 0, 1)]",1,2,7,0.7,1_2,0.0,0.0,0.0,0.49999999999999994,0.0,0.6,0.7
451,"[(-1, 0, 0, -1), (1, 0, 1, -1)]",0,2,8,0.571428571428571,0_2,0.357142857142857,0.357142857142857,0.0,0.0,0.0,0.0,0.571428571428571
452,"[(-1, 0, 0, -1), (1, 0, 1, 0)]",1,2,7,0.636363636363636,1_2,0.0,0.0,0.0,0.636363636363636,0.0,0.27272727272727204,0.636363636363636
453,"[(-1, 0, 0, -1), (1, 0, 1, 1)]",1,2,8,0.727272727272727,1_2,0.0,0.0,0.0,0.636363636363636,0.0,0.545454545454545,0.727272727272727
454,"[(-1, 0, 0, -1), (1, 1, -1, 0)]",1,2,6,0.545454545454545,1_2,0.0,0.0,0.0,0.363636363636363,0.0,0.272727272727272,0.545454545454545
455,"[(-1, 0, 0, -1), (1, 1, 0, -1)]",0,2,6,0.6,0_2,0.5,0.3,0.0,0.0,0.0,0.0,0.6
456,"[(-1, 0, 0, -1), (1, 1, 0, 0)]",1,2,10,0.833333333333333,1_2,0.0,0.0,0.0,0.833333333333333,0.0,0.6666666666666661,0.833333333333333
457,"[(-1, 0, 0, -1), (1, 1, 0, 1)]",1,2,10,0.833333333333333,1_2,0.0,0.0,0.0,0.833333333333333,0.0,0.6666666666666661,0.833333333333333
458,"[(-1, 0, 0, -1), (1, 1, 1, 0)]",1,2,5,0.5,1_2,0.0,0.0,0.0,0.2,0.0,0.3,0.5
459,"[(-1, 0, 0, 1), (-1, 0, 1, -1)]",0,1,8,0.8,0_1,0.0,0.0,0.8,0.0,0.6000000000000001,0.0,0.8
460,"[(-1, 0, 0, 1), (-1, 0, 1, 0)]",0,1,9,0.75,0_1,0.0,0.0,0.6666666666666667,0.0,0.583333333333333,0.0,0.75
461,"[(-1, 0, 0, 1), (-1, 0, 1, 1)]",0,1,8,0.8,0_1,0.0,0.0,0.7000000000000001,0.0,0.7000000000000001,0.0,0.8
462,"[(-1, 0, 0, 1), (-1, 1, -1, 0)]",0,1,11,1.0,0_1,0.0,0.0,1.0,0.0,1.0,0.0,1.0
463,"[(-1, 0, 0, 1), (-1, 1, 0, -1)]",0,1,8,0.8,0_1,0.0,0.0,0.6000000000000001,0.0,0.8,0.0,0.8
464,"[(-1, 0, 0, 1), (-1, 1, 0, 0)]",0,1,4,0.4,0_1,0.0,0.0,0.2,0.0,0.0,0.0,0.4
465,"[(-1, 0, 0, 1), (-1, 1, 0, 1)]",1,2,6,0.545454545454545,1_2,0.0,0.0,0.0,0.545454545454545,0.0,0.09090909090909,0.545454545454545
466,"[(-1, 0, 0, 1), (-1, 1, 1, 0)]",0,1,10,0.833333333333333,0_1,0.0,0.0,0.7499999999999998,0.0,0.7499999999999998,0.0,0.833333333333333
467,"[(-1, 0, 0, 1), (0, -1, -1, -1)]",0,1,10,0.909090909090909,0_1,0.0,0.0,0.909090909090909,0.0,0.818181818181818,0.0,0.909090909090909
468,"[(-1, 0, 0, 1), (0, -1, -1, 0)]",0,1,10,0.909090909090909,0_1,0.0,0.0,0.909090909090909,0.0,0.818181818181818,0.0,0.909090909090909
469,"[(-1, 0, 0, 1), (0, -1, -1, 1)]",0,1,9,0.818181818181818,0_1,0.0,0.0,0.636363636363636,0.0,0.818181818181818,0.0,0.818181818181818
470,"[(-1, 0, 0, 1), (0, -1, 0, -1)]",0,1,9,0.818181818181818,0_1,0.0,0.0,0.818181818181818,0.0,0.636363636363636,0.0,0.818181818181818
471,"[(-1, 0, 0, 1), (0, -1, 0, 1)]",0,1,7,0.7,0_1,0.0,0.0,0.7,0.0,0.39999999999999997,0.0,0.7
472,"[(-1, 0, 0, 1), (0, -1, 1, -1)]",0,1,9,0.818181818181818,0_1,0.0,0.0,0.818181818181818,0.0,0.636363636363636,0.0,0.818181818181818
473,"[(-1, 0, 0, 1), (0, -1, 1, 0)]",0,1,10,0.909090909090909,0_1,0.0,0.0,0.909090909090909,0.0,0.818181818181818,0.0,0.909090909090909
474,"[(-1, 0, 0, 1), (0, -1, 1, 1)]",0,1,6,0.6,0_1,0.0,0.0,0.5,0.0,0.3,0.0,0.6
475,"[(-1, 0, 0, 1), (0, 0, -1, -1)]",0,1,10,0.909090909090909,0_1,0.0,0.0,0.909090909090909,0.0,0.818181818181818,0.0,0.909090909090909
476,"[(-1, 0, 0, 1), (0, 0, -1, 1)]",0,1,10,0.909090909090909,0_1,0.0,0.0,0.909090909090909,0.0,0.818181818181818,0.0,0.909090909090909
477,"[(-1, 0, 0, 1), (0, 0, 1, -1)]",0,1,10,0.769230769230769,0_1,0.0,0.0,0.6923076923076922,0.0,0.6153846153846151,0.0,0.769230769230769
478,"[(-1, 0, 0, 1), (0, 0, 1, 1)]",0,1,6,0.545454545454545,0_1,0.0,0.0,0.4545454545454541,0.0,0.181818181818181,0.0,0.545454545454545
479,"[(-1, 0, 0, 1), (0, 1, -1, -1)]",0,1,9,0.818181818181818,0_1,0.0,0.0,0.818181818181818,0.0,0.636363636363636,0.0,0.818181818181818
480,"[(-1, 0, 0, 1), (0, 1, -1, 0)]",0,1,9,0.9,0_1,0.0,0.0,0.9,0.0,0.8,0.0,0.9
481,"[(-1, 0, 0, 1), (0, 1, -1, 1)]",0,1,9,0.9,0_1,0.0,0.0,0.9,0.0,0.8,0.0,0.9
482,"[(-1, 0, 0, 1), (0, 1, 0, -1)]",0,1,10,1.0,0_1,0.0,0.0,1.0,0.0,1.0,0.0,1.0
483,"[(-1, 0, 0, 1), (0, 1, 0, 1)]",0,1,5,0.5,0_1,0.0,0.0,0.5,0.0,0.0,0.0,0.5
484,"[(-1, 0, 0, 1), (0, 1, 1, -1)]",0,1,11,1.0,0_1,0.0,0.0,1.0,0.0,1.0,0.0,1.0
485,"[(-1, 0, 0, 1), (0, 1, 1, 0)]",0,1,9,0.9,0_1,0.0,0.0,0.8,0.0,0.9,0.0,0.9
486,"[(-1, 0, 0, 1), (0, 1, 1, 1)]",0,1,8,0.8,0_1,0.0,0.0,0.7000000000000001,0.0,0.7000000000000001,0.0,0.8
487,"[(-1, 0, 0, 1), (1, -1, -1, 0)]",0,1,11,1.0,0_1,0.0,0.0,1.0,0.0,1.0,0.0,1.0
488,"[(-1, 0, 0, 1), (1, -1, 0, -1)]",0,1,7,0.7,0_1,0.0,0.0,0.6,0.0,0.49999999999999994,0.0,0.7
489,"[(-1, 0, 0, 1), (1, -1, 0, 0)]",1,2,7,0.636363636363636,1_2,0.0,0.0,0.0,0.636363636363636,0.0,0.27272727272727204,0.636363636363636
490,"[(-1, 0, 0, 1), (1, -1, 0, 1)]",1,2,8,0.8,1_2,0.0,0.0,0.0,0.7000000000000001,0.0,0.7000000000000001,0.8
491,"[(-1, 0, 0, 1), (1, -1, 1, 0)]",0,1,8,0.8,0_1,0.0,0.0,0.8,0.0,0.6000000000000001,0.0,0.8
492,"[(-1, 0, 0, 1), (1, 0, -1, -1)]",0,1,12,1.0,0_1,0.0,0.0,1.0,0.0,1.0,0.0,1.0
493,"[(-1, 0, 0, 1), (1, 0, -1, 0)]",0,1,6,0.6,0_1,0.0,0.0,0.6,0.0,0.19999999999999996,0.0,0.6
494,"[(-1, 0, 0, 1), (1, 0, -1, 1)]",0,1,9,0.818181818181818,0_1,0.0,0.0,0.818181818181818,0.0,0.636363636363636,0.0,0.818181818181818
495,"[(-1, 0, 0, 1), (1, 0, 0, -1)]",0,1,12,1.0,0_1,0.0,0.0,1.0,0.0,1.0,0.0,1.0
496,"[(-1, 0, 0, 1), (1, 0, 0, 1)]",1,2,5,0.454545454545455,1_2,0.0,0.0,0.0,0.272727272727273,0.0,0.090909090909091,0.454545454545455
497,"[(-1, 0, 0, 1), (1, 0, 1, -1)]",0,1,10,0.909090909090909,0_1,0.0,0.0,0.909090909090909,0.0,0.818181818181818,0.0,0.909090909090909
498,"[(-1, 0, 0, 1), (1, 0, 1, 0)]",0,1,8,0.8,0_1,0.0,0.0,0.7000000000000001,0.0,0.7000000000000001,0.0,0.8
499,"[(-1, 0, 0, 1), (1, 0, 1, 1)]",0,1,8,0.666666666666667,0_1,0.0,0.0,0.5,0.0,0.5,0.0,0.666666666666667
500,"[(-1, 0, 0, 1), (1, 1, -1, 0)]",0,1,7,0.636363636363636,0_1,0.0,0.0,0.636363636363636,0.0,0.27272727272727204,0.0,0.636363636363636
501,"[(-1, 0, 0, 1), (1, 1, 0, -1)]",0,1,10,0.833333333333333,0_1,0.0,0.0,0.7499999999999998,0.0,0.7499999999999998,0.0,0.833333333333333
502,"[(-1, 0, 0, 1), (1, 1, 0, 0)]",1,2,7,0.583333333333333,1_2,0.0,0.0,0.0,0.4999999999999997,0.0,0.25000000000000006,0.583333333333333
503,"[(-1, 0, 0, 1), (1, 1, 0, 1)]",0,1,7,0.7,0_1,0.0,0.0,0.6,0.0,0.49999999999999994,0.0,0.7
504,"[(-1, 0, 0, 1), (1, 1, 1, 0)]",0,1,10,0.909090909090909,0_1,0.0,0.0,0.909090909090909,0.0,0.818181818181818,0.0,0.909090909090909
505,"[(-1, 0, 1, -1), (-1, 0, 1, 0)]",0,2,6,0.6,0_2,0.6,0.19999999999999996,0.0,0.0,0.0,0.0,0.6
506,"[(-1, 0, 1, -1), (-1, 0, 1, 1)]",1,2,8,0.727272727272727,1_2,0.0,0.0,0.0,0.454545454545454,0.0,0.727272727272727,0.727272727272727
507,"[(-1, 0, 1, -1), (-1, 1, -1, 0)]",1,2,7,0.7,1_2,0.0,0.0,0.0,0.49999999999999994,0.0,0.6,0.7
508,"[(-1, 0, 1, -1), (-1, 1, 0, -1)]",0,2,9,0.75,0_2,0.6666666666666667,0.583333333333333,0.0,0.0,0.0,0.0,0.75
509,"[(-1, 0, 1, -1), (-1, 1, 0, 0)]",1,2,9,0.692307692307692,1_2,0.0,0.0,0.0,0.6153846153846151,0.0,0.46153846153846095,0.692307692307692
510,"[(-1, 0, 1, -1), (-1, 1, 0, 1)]",1,2,8,0.666666666666667,1_2,0.0,0.0,0.0,0.5833333333333337,0.0,0.41666666666666696,0.666666666666667
511,"[(-1, 0, 1, -1), (-1, 1, 1, 0)]",0,2,6,0.545454545454545,0_2,0.4545454545454541,0.181818181818181,0.0,0.0,0.0,0.0,0.545454545454545
512,"[(-1, 0, 1, -1), (0, -1, -1, -1)]",0,1,6,0.6,0_1,0.0,0.0,0.19999999999999996,0.0,0.6,0.0,0.6
513,"[(-1, 0, 1, -1), (0, -1, -1, 0)]",1,2,6,0.6,1_2,0.0,0.0,0.0,0.6,0.0,0.19999999999999996,0.6
514,"[(-1, 0, 1, -1), (0, -1, -1, 1)]",1,2,8,0.727272727272727,1_2,0.0,0.0,0.0,0.727272727272727,0.0,0.454545454545454,0.727272727272727
515,"[(-1, 0, 1, -1), (0, -1, 0, -1)]",0,2,7,0.7,0_2,0.6,0.49999999999999994,0.0,0.0,0.0,0.0,0.7
516,"[(-1, 0, 1, -1), (0, -1, 0, 1)]",1,2,12,0.923076923076923,1_2,0.0,0.0,0.0,0.8461538461538461,0.0,0.923076923076923,0.923076923076923
517,"[(-1, 0, 1, -1), (0, -1, 1, -1)]",0,2,7,0.636363636363636,0_2,0.45454545454545403,0.45454545454545403,0.0,0.0,0.0,0.0,0.636363636363636
518,"[(-1, 0, 1, -1), (0, -1, 1, 0)]",0,2,5,0.5,0_2,0.5,0.0,0.0,0.0,0.0,0.0,0.5
519,"[(-1, 0, 1, -1), (0, -1, 1, 1)]",0,2,6,0.5,0_2,0.4166666666666667,0.08333333333333298,0.0,0.0,0.0,0.0,0.5
520,"[(-1, 0, 1, -1), (0, 0, -1, -1)]",0,1,4,0.4,0_1,0.0,0.0,0.0,0.0,0.2,0.0,0.4
521,"[(-1, 0, 1, -1), (0, 0, -1, 1)]",1,2,7,0.7,1_2,0.0,0.0,0.0,0.7,0.0,0.39999999999999997,0.7
522,"[(-1, 0, 1, -1), (0, 0, 1, -1)]",0,2,6,0.5,0_2,0.08333333333333298,0.4166666666666667,0.0,0.0,0.0,0.0,0.5
523,"[(-1, 0, 1, -1), (0, 0, 1, 1)]",1,2,5,0.454545454545455,1_2,0.0,0.0,0.0,0.090909090909091,0.0,0.272727272727273,0.454545454545455
524,"[(-1, 0, 1, -1), (0, 1, -1, -1)]",0,1,5,0.416666666666667,0_1,0.0,0.0,0.0,0.0,0.25,0.0,0.416666666666667
525,"[(-1, 0, 1, -1), (0, 1, -1, 0)]",0,1,6,0.5,0_1,0.0,0.0,0.4166666666666667,0.0,0.08333333333333298,0.0,0.5
526,"[(-1, 0, 1, -1), (0, 1, -1, 1)]",1,2,6,0.545454545454545,1_2,0.0,0.0,0.0,0.545454545454545,0.0,0.09090909090909,0.545454545454545
527,"[(-1, 0, 1, -1), (0, 1, 0, -1)]",0,2,7,0.636363636363636,0_2,0.45454545454545403,0.45454545454545403,0.0,0.0,0.0,0.0,0.636363636363636
528,"[(-1, 0, 1, -1), (0, 1, 0, 1)]",1,2,10,0.909090909090909,1_2,0.0,0.0,0.0,0.909090909090909,0.0,0.818181818181818,0.909090909090909
529,"[(-1, 0, 1, -1), (0, 1, 1, -1)]",0,2,9,0.75,0_2,0.583333333333333,0.6666666666666667,0.0,0.0,0.0,0.0,0.75
530,"[(-1, 0, 1, -1), (0, 1, 1, 0)]",0,2,6,0.6,0_2,0.5,0.3,0.0,0.0,0.0,0.0,0.6
531,"[(-1, 0, 1, -1), (0, 1, 1, 1)]",1,2,6,0.6,1_2,0.0,0.0,0.0,0.3,0.0,0.5,0.6
532,"[(-1, 0, 1, -1), (1, -1, -1, 0)]",0,1,7,0.636363636363636,0_1,0.0,0.0,0.636363636363636,0.0,0.27272727272727204,0.0,0.636363636363636
533,"[(-1, 0, 1, -1), (1, -1, 0, -1)]",1,2,6,0.6,1_2,0.0,0.0,0.0,0.3,0.0,0.5,0.6
534,"[(-1, 0, 1, -1), (1, -1, 0, 0)]",1,2,11,1.0,1_2,0.0,0.0,0.0,1.0,0.0,1.0,1.0
535,"[(-1, 0, 1, -1), (1, -1, 0, 1)]",1,2,10,0.909090909090909,1_2,0.0,0.0,0.0,0.909090909090909,0.0,0.818181818181818,0.909090909090909
536,"[(-1, 0, 1, -1), (1, -1, 1, 0)]",1,2,8,0.727272727272727,1_2,0.0,0.0,0.0,0.545454545454545,0.0,0.636363636363636,0.727272727272727
537,"[(-1, 0, 1, -1), (1, 0, -1, -1)]",0,2,5,0.454545454545455,0_2,0.090909090909091,0.272727272727273,0.0,0.0,0.0,0.0,0.454545454545455
538,"[(-1, 0, 1, -1), (1, 0, -1, 0)]",1,2,7,0.466666666666667,1_2,0.0,0.0,0.0,0.33333333333333404,0.0,0.06666666666666698,0.466666666666667
539,"[(-1, 0, 1, -1), (1, 0, -1, 1)]",1,2,8,0.8,1_2,0.0,0.0,0.0,0.8,0.0,0.6000000000000001,0.8
540,"[(-1, 0, 1, -1), (1, 0, 0, -1)]",1,2,5,0.5,1_2,0.0,0.0,0.0,0.09999999999999998,0.0,0.4,0.5
541,"[(-1, 0, 1, -1), (1, 0, 0, 1)]",1,2,12,0.923076923076923,1_2,0.0,0.0,0.0,0.923076923076923,0.0,0.8461538461538461,0.923076923076923
542,"[(-1, 0, 1, -1), (1, 0, 1, -1)]",0,2,7,0.7,0_2,0.49999999999999994,0.6,0.0,0.0,0.0,0.0,0.7
543,"[(-1, 0, 1, -1), (1, 0, 1, 0)]",0,2,6,0.545454545454545,0_2,0.4545454545454541,0.181818181818181,0.0,0.0,0.0,0.0,0.545454545454545
544,"[(-1, 0, 1, -1), (1, 0, 1, 1)]",0,1,5,0.454545454545455,0_1,0.0,0.0,0.181818181818182,0.0,0.181818181818182,0.0,0.454545454545455
545,"[(-1, 0, 1, -1), (1, 1, -1, 0)]",1,2,9,0.75,1_2,0.0,0.0,0.0,0.6666666666666667,0.0,0.583333333333333,0.75
546,"[(-1, 0, 1, -1), (1, 1, 0, -1)]",0,2,5,0.454545454545455,0_2,0.3636363636363641,0.0,0.0,0.0,0.0,0.0,0.454545454545455
547,"[(-1, 0, 1, -1), (1, 1, 0, 0)]",1,2,10,0.833333333333333,1_2,0.0,0.0,0.0,0.833333333333333,0.0,0.6666666666666661,0.833333333333333
548,"[(-1, 0, 1, -1), (1, 1, 0, 1)]",1,2,8,0.666666666666667,1_2,0.0,0.0,0.0,0.666666666666667,0.0,0.333333333333334,0.666666666666667
549,"[(-1, 0, 1, -1), (1, 1, 1, 0)]",1,2,5,0.454545454545455,1_2,0.0,0.0,0.0,0.181818181818182,0.0,0.181818181818182,0.454545454545455
550,"[(-1, 0, 1, 0), (-1, 0, 1, 1)]",0,2,5,0.5,0_2,0.09999999999999998,0.4,0.0,0.0,0.0,0.0,0.5
551,"[(-1, 0, 1, 0), (-1, 1, -1, 0)]",0,1,9,0.818181818181818,0_1,0.0,0.0,0.636363636363636,0.0,0.818181818181818,0.0,0.818181818181818
552,"[(-1, 0, 1, 0), (-1, 1, 0, -1)]",0,1,8,0.8,0_1,0.0,0.0,0.7000000000000001,0.0,0.7000000000000001,0.0,0.8
553,"[(-1, 0, 1, 0), (-1, 1, 0, 0)]",0,1,6,0.5,0_1,0.0,0.0,0.33333333333333304,0.0,0.16666666666666702,0.0,0.5
554,"[(-1, 0, 1, 0), (-1, 1, 0, 1)]",1,2,6,0.545454545454545,1_2,0.0,0.0,0.0,0.4545454545454541,0.0,0.181818181818181,0.545454545454545
555,"[(-1, 0, 1, 0), (-1, 1, 1, 0)]",0,2,6,0.545454545454545,0_2,0.4545454545454541,0.181818181818181,0.0,0.0,0.0,0.0,0.545454545454545
556,"[(-1, 0, 1, 0), (0, -1, -1, -1)]",0,1,9,0.818181818181818,0_1,0.0,0.0,0.818181818181818,0.0,0.636363636363636,0.0,0.818181818181818
557,"[(-1, 0, 1, 0), (0, -1, -1, 0)]",0,1,5,0.5,0_1,0.0,0.0,0.5,0.0,0.0,0.0,0.5
558,"[(-1, 0, 1, 0), (0, -1, -1, 1)]",0,1,8,0.8,0_1,0.0,0.0,0.8,0.0,0.6000000000000001,0.0,0.8
559,"[(-1, 0, 1, 0), (0, -1, 0, -1)]",0,1,5,0.5,0_1,0.0,0.0,0.09999999999999998,0.0,0.4,0.0,0.5
560,"[(-1, 0, 1, 0), (0, -1, 0, 1)]",1,2,11,0.846153846153846,1_2,0.0,0.0,0.0,0.846153846153846,0.0,0.6923076923076921,0.846153846153846
561,"[(-1, 0, 1, 0), (0, -1, 1, -1)]",0,2,9,0.75,0_2,0.5,0.75,0.0,0.0,0.0,0.0,0.75
562,"[(-1, 0, 1, 0), (0, -1, 1, 0)]",0,2,4,0.4,0_2,0.10000000000000003,0.10000000000000003,0.0,0.0,0.0,0.0,0.4
563,"[(-1, 0, 1, 0), (0, -1, 1, 1)]",0,2,5,0.454545454545455,0_2,0.181818181818182,0.181818181818182,0.0,0.0,0.0,0.0,0.454545454545455
564,"[(-1, 0, 1, 0), (0, 0, -1, -1)]",0,1,9,0.818181818181818,0_1,0.0,0.0,0.7272727272727271,0.0,0.7272727272727271,0.0,0.818181818181818
565,"[(-1, 0, 1, 0), (0, 0, -1, 1)]",0,1,11,0.916666666666667,0_1,0.0,0.0,0.916666666666667,0.0,0.8333333333333337,0.0,0.916666666666667
566,"[(-1, 0, 1, 0), (0, 0, 1, -1)]",0,1,7,0.636363636363636,0_1,0.0,0.0,0.36363636363636304,0.0,0.5454545454545451,0.0,0.636363636363636
567,"[(-1, 0, 1, 0), (0, 0, 1, 1)]",1,2,5,0.416666666666667,1_2,0.0,0.0,0.0,0.16666666666666702,0.0,0.08333333333333404,0.416666666666667
568,"[(-1, 0, 1, 0), (0, 1, -1, -1)]",0,1,9,0.818181818181818,0_1,0.0,0.0,0.7272727272727271,0.0,0.7272727272727271,0.0,0.818181818181818
569,"[(-1, 0, 1, 0), (0, 1, -1, 0)]",0,1,5,0.454545454545455,0_1,0.0,0.0,0.3636363636363641,0.0,0.0,0.0,0.454545454545455
570,"[(-1, 0, 1, 0), (0, 1, -1, 1)]",0,1,5,0.5,0_1,0.0,0.0,0.5,0.0,0.0,0.0,0.5
571,"[(-1, 0, 1, 0), (0, 1, 0, -1)]",0,1,7,0.7,0_1,0.0,0.0,0.6,0.0,0.49999999999999994,0.0,0.7
572,"[(-1, 0, 1, 0), (0, 1, 0, 1)]",0,1,6,0.545454545454545,0_1,0.0,0.0,0.4545454545454541,0.0,0.181818181818181,0.0,0.545454545454545
573,"[(-1, 0, 1, 0), (0, 1, 1, -1)]",0,2,6,0.545454545454545,0_2,0.363636363636363,0.272727272727272,0.0,0.0,0.0,0.0,0.545454545454545
574,"[(-1, 0, 1, 0), (0, 1, 1, 0)]",0,2,6,0.545454545454545,0_2,0.545454545454545,0.09090909090909,0.0,0.0,0.0,0.0,0.545454545454545
575,"[(-1, 0, 1, 0), (0, 1, 1, 1)]",0,1,6,0.545454545454545,0_1,0.0,0.0,0.4545454545454541,0.0,0.181818181818181,0.0,0.545454545454545
576,"[(-1, 0, 1, 0), (1, -1, -1, 0)]",0,1,10,0.833333333333333,0_1,0.0,0.0,0.833333333333333,0.0,0.6666666666666661,0.0,0.833333333333333
577,"[(-1, 0, 1, 0), (1, -1, 0, -1)]",1,2,5,0.454545454545455,1_2,0.0,0.0,0.0,0.272727272727273,0.0,0.090909090909091,0.454545454545455
578,"[(-1, 0, 1, 0), (1, -1, 0, 0)]",1,2,9,0.692307692307692,1_2,0.0,0.0,0.0,0.692307692307692,0.0,0.38461538461538397,0.692307692307692
579,"[(-1, 0, 1, 0), (1, -1, 0, 1)]",1,2,6,0.6,1_2,0.0,0.0,0.0,0.39999999999999997,0.0,0.39999999999999997,0.6
580,"[(-1, 0, 1, 0), (1, -1, 1, 0)]",0,2,7,0.7,0_2,0.6,0.49999999999999994,0.0,0.0,0.0,0.0,0.7
581,"[(-1, 0, 1, 0), (1, 0, -1, -1)]",0,1,10,0.909090909090909,0_1,0.0,0.0,0.818181818181818,0.0,0.909090909090909,0.0,0.909090909090909
582,"[(-1, 0, 1, 0), (1, 0, -1, 0)]",0,1,7,0.636363636363636,0_1,0.0,0.0,0.636363636363636,0.0,0.27272727272727204,0.0,0.636363636363636
583,"[(-1, 0, 1, 0), (1, 0, -1, 1)]",0,1,8,0.8,0_1,0.0,0.0,0.7000000000000001,0.0,0.7000000000000001,0.0,0.8
584,"[(-1, 0, 1, 0), (1, 0, 0, -1)]",1,2,6,0.6,1_2,0.0,0.0,0.0,0.39999999999999997,0.0,0.39999999999999997,0.6
585,"[(-1, 0, 1, 0), (1, 0, 0, 1)]",1,2,8,0.727272727272727,1_2,0.0,0.0,0.0,0.636363636363636,0.0,0.545454545454545,0.727272727272727
586,"[(-1, 0, 1, 0), (1, 0, 1, -1)]",0,2,6,0.6,0_2,0.39999999999999997,0.39999999999999997,0.0,0.0,0.0,0.0,0.6
587,"[(-1, 0, 1, 0), (1, 0, 1, 0)]",0,2,5,0.454545454545455,0_2,0.272727272727273,0.090909090909091,0.0,0.0,0.0,0.0,0.454545454545455
588,"[(-1, 0, 1, 0), (1, 0, 1, 1)]",0,1,6,0.5,0_1,0.0,0.0,0.33333333333333304,0.0,0.16666666666666702,0.0,0.5
589,"[(-1, 0, 1, 0), (1, 1, -1, 0)]",0,1,10,0.833333333333333,0_1,0.0,0.0,0.833333333333333,0.0,0.6666666666666661,0.0,0.833333333333333
590,"[(-1, 0, 1, 0), (1, 1, 0, -1)]",0,1,5,0.454545454545455,0_1,0.0,0.0,0.090909090909091,0.0,0.272727272727273,0.0,0.454545454545455
591,"[(-1, 0, 1, 0), (1, 1, 0, 0)]",1,2,8,0.8,1_2,0.0,0.0,0.0,0.8,0.0,0.6000000000000001,0.8
592,"[(-1, 0, 1, 0), (1, 1, 0, 1)]",1,2,7,0.7,1_2,0.0,0.0,0.0,0.7,0.0,0.39999999999999997,0.7
593,"[(-1, 0, 1, 0), (1, 1, 1, 0)]",0,2,6,0.5,0_2,0.25,0.25,0.0,0.0,0.0,0.0,0.5
594,"[(-1, 0, 1, 1), (-1, 1, -1, 0)]",0,1,9,0.818181818181818,0_1,0.0,0.0,0.7272727272727271,0.0,0.7272727272727271,0.0,0.818181818181818
595,"[(-1, 0, 1, 1), (-1, 1, 0, -1)]",0,1,8,0.666666666666667,0_1,0.0,0.0,0.5833333333333337,0.0,0.41666666666666696,0.0,0.666666666666667
596,"[(-1, 0, 1, 1), (-1, 1, 0, 0)]",1,2,6,0.545454545454545,1_2,0.0,0.0,0.0,0.363636363636363,0.0,0.272727272727272,0.545454545454545
597,"[(-1, 0, 1, 1), (-1, 1, 0, 1)]",1,2,6,0.6,1_2,0.0,0.0,0.0,0.6,0.0,0.19999999999999996,0.6
598,"[(-1, 0, 1, 1), (-1, 1, 1, 0)]",0,2,6,0.545454545454545,0_2,0.09090909090909,0.545454545454545,0.0,0.0,0.0,0.0,0.545454545454545
599,"[(-1, 0, 1, 1), (0, -1, -1, -1)]",0,1,10,0.909090909090909,0_1,0.0,0.0,0.909090909090909,0.0,0.818181818181818,0.0,0.909090909090909
600,"[(-1, 0, 1, 1), (0, -1, -1, 0)]",0,1,9,0.9,0_1,0.0,0.0,0.8,0.0,0.9,0.0,0.9
601,"[(-1, 0, 1, 1), (0, -1, -1, 1)]",0,1,10,0.909090909090909,0_1,0.0,0.0,0.818181818181818,0.0,0.909090909090909,0.0,0.909090909090909
602,"[(-1, 0, 1, 1), (0, -1, 0, -1)]",0,1,8,0.666666666666667,0_1,0.0,0.0,0.41666666666666696,0.0,0.5833333333333337,0.0,0.666666666666667
603,"[(-1, 0, 1, 1), (0, -1, 0, 1)]",1,2,9,0.818181818181818,1_2,0.0,0.0,0.0,0.818181818181818,0.0,0.636363636363636,0.818181818181818
604,"[(-1, 0, 1, 1), (0, -1, 1, -1)]",0,1,9,0.818181818181818,0_1,0.0,0.0,0.7272727272727271,0.0,0.7272727272727271,0.0,0.818181818181818
605,"[(-1, 0, 1, 1), (0, -1, 1, 0)]",0,1,4,0.363636363636364,0_1,0.0,0.0,0.0,0.0,0.090909090909091,0.0,0.363636363636364
606,"[(-1, 0, 1, 1), (0, -1, 1, 1)]",0,2,5,0.454545454545455,0_2,0.272727272727273,0.090909090909091,0.0,0.0,0.0,0.0,0.454545454545455
607,"[(-1, 0, 1, 1), (0, 0, -1, -1)]",0,1,8,0.8,0_1,0.0,0.0,0.7000000000000001,0.0,0.7000000000000001,0.0,0.8
608,"[(-1, 0, 1, 1), (0, 0, -1, 1)]",0,1,9,0.818181818181818,0_1,0.0,0.0,0.818181818181818,0.0,0.636363636363636,0.0,0.818181818181818
609,"[(-1, 0, 1, 1), (0, 0, 1, -1)]",0,1,5,0.5,0_1,0.0,0.0,0.2,0.0,0.3,0.0,0.5
610,"[(-1, 0, 1, 1), (0, 0, 1, 1)]",0,1,4,0.363636363636364,0_1,0.0,0.0,0.0,0.0,0.090909090909091,0.0,0.363636363636364
611,"[(-1, 0, 1, 1), (0, 1, -1, -1)]",0,1,10,0.833333333333333,0_1,0.0,0.0,0.7499999999999998,0.0,0.7499999999999998,0.0,0.833333333333333
612,"[(-1, 0, 1, 1), (0, 1, -1, 0)]",0,1,6,0.545454545454545,0_1,0.0,0.0,0.545454545454545,0.0,0.09090909090909,0.0,0.545454545454545
613,"[(-1, 0, 1, 1), (0, 1, -1, 1)]",0,1,10,1.0,0_1,0.0,0.0,1.0,0.0,1.0,0.0,1.0
614,"[(-1, 0, 1, 1), (0, 1, 0, -1)]",0,1,5,0.416666666666667,0_1,0.0,0.0,0.25,0.0,0.0,0.0,0.416666666666667
615,"[(-1, 0, 1, 1), (0, 1, 0, 1)]",1,2,12,1.0,1_2,0.0,0.0,0.0,1.0,0.0,1.0,1.0
616,"[(-1, 0, 1, 1), (0, 1, 1, -1)]",0,1,7,0.636363636363636,0_1,0.0,0.0,0.36363636363636304,0.0,0.5454545454545451,0.0,0.636363636363636
617,"[(-1, 0, 1, 1), (0, 1, 1, 0)]",0,1,7,0.583333333333333,0_1,0.0,0.0,0.25000000000000006,0.0,0.4999999999999997,0.0,0.583333333333333
618,"[(-1, 0, 1, 1), (0, 1, 1, 1)]",0,2,7,0.636363636363636,0_2,0.45454545454545403,0.45454545454545403,0.0,0.0,0.0,0.0,0.636363636363636
619,"[(-1, 0, 1, 1), (1, -1, -1, 0)]",0,1,7,0.636363636363636,0_1,0.0,0.0,0.636363636363636,0.0,0.27272727272727204,0.0,0.636363636363636
620,"[(-1, 0, 1, 1), (1, -1, 0, -1)]",0,1,9,0.9,0_1,0.0,0.0,0.9,0.0,0.8,0.0,0.9
621,"[(-1, 0, 1, 1), (1, -1, 0, 0)]",1,2,10,0.909090909090909,1_2,0.0,0.0,0.0,0.909090909090909,0.0,0.818181818181818,0.909090909090909
622,"[(-1, 0, 1, 1), (1, -1, 0, 1)]",1,2,7,0.7,1_2,0.0,0.0,0.0,0.39999999999999997,0.0,0.7,0.7
623,"[(-1, 0, 1, 1), (1, -1, 1, 0)]",0,2,6,0.6,0_2,0.39999999999999997,0.39999999999999997,0.0,0.0,0.0,0.0,0.6
624,"[(-1, 0, 1, 1), (1, 0, -1, -1)]",0,1,10,1.0,0_1,0.0,0.0,1.0,0.0,1.0,0.0,1.0
625,"[(-1, 0, 1, 1), (1, 0, -1, 0)]",0,1,8,0.727272727272727,0_1,0.0,0.0,0.727272727272727,0.0,0.454545454545454,0.0,0.727272727272727
626,"[(-1, 0, 1, 1), (1, 0, -1, 1)]",0,1,10,0.909090909090909,0_1,0.0,0.0,0.909090909090909,0.0,0.818181818181818,0.0,0.909090909090909
627,"[(-1, 0, 1, 1), (1, 0, 0, -1)]",0,1,6,0.6,0_1,0.0,0.0,0.5,0.0,0.3,0.0,0.6
628,"[(-1, 0, 1, 1), (1, 0, 0, 1)]",1,2,9,0.75,1_2,0.0,0.0,0.0,0.75,0.0,0.5,0.75
629,"[(-1, 0, 1, 1), (1, 0, 1, -1)]",0,1,7,0.583333333333333,0_1,0.0,0.0,0.33333333333333304,0.0,0.4166666666666661,0.0,0.583333333333333
630,"[(-1, 0, 1, 1), (1, 0, 1, 0)]",1,2,7,0.636363636363636,1_2,0.0,0.0,0.0,0.36363636363636304,0.0,0.5454545454545451,0.636363636363636
631,"[(-1, 0, 1, 1), (1, 0, 1, 1)]",0,2,6,0.6,0_2,0.6,0.19999999999999996,0.0,0.0,0.0,0.0,0.6
632,"[(-1, 0, 1, 1), (1, 1, -1, 0)]",0,1,8,0.8,0_1,0.0,0.0,0.8,0.0,0.6000000000000001,0.0,0.8
633,"[(-1, 0, 1, 1), (1, 1, 0, -1)]",0,1,8,0.727272727272727,0_1,0.0,0.0,0.727272727272727,0.0,0.454545454545454,0.0,0.727272727272727
634,"[(-1, 0, 1, 1), (1, 1, 0, 0)]",1,2,10,1.0,1_2,0.0,0.0,0.0,1.0,0.0,1.0,1.0
635,"[(-1, 0, 1, 1), (1, 1, 0, 1)]",1,2,6,0.6,1_2,0.0,0.0,0.0,0.39999999999999997,0.0,0.39999999999999997,0.6
636,"[(-1, 0, 1, 1), (1, 1, 1, 0)]",0,1,4,0.363636363636364,0_1,0.0,0.0,0.090909090909091,0.0,0.0,0.0,0.363636363636364
637,"[(-1, 1, -1, 0), (-1, 1, 0, -1)]",0,1,9,0.818181818181818,0_1,0.0,0.0,0.636363636363636,0.0,0.818181818181818,0.0,0.818181818181818
638,"[(-1, 1, -1, 0), (-1, 1, 0, 0)]",1,2,10,0.769230769230769,1_2,0.0,0.0,0.0,0.769230769230769,0.0,0.5384615384615381,0.769230769230769
639,"[(-1, 1, -1, 0), (-1, 1, 0, 1)]",1,2,8,0.727272727272727,1_2,0.0,0.0,0.0,0.636363636363636,0.0,0.545454545454545,0.727272727272727
640,"[(-1, 1, -1, 0), (-1, 1, 1, 0)]",0,1,4,0.4,0_1,0.0,0.0,0.2,0.0,0.0,0.0,0.4
641,"[(-1, 1, -1, 0), (0, -1, -1, -1)]",0,2,6,0.6,0_2,0.3,0.5,0.0,0.0,0.0,0.0,0.6
642,"[(-1, 1, -1, 0), (0, -1, -1, 0)]",0,2,5,0.5,0_2,0.2,0.3,0.0,0.0,0.0,0.0,0.5
643,"[(-1, 1, -1, 0), (0, -1, -1, 1)]",0,2,7,0.583333333333333,0_2,0.25000000000000006,0.4999999999999997,0.0,0.0,0.0,0.0,0.583333333333333
644,"[(-1, 1, -1, 0), (0, -1, 0, -1)]",1,2,6,0.6,1_2,0.0,0.0,0.0,0.5,0.0,0.3,0.6
645,"[(-1, 1, -1, 0), (0, -1, 0, 1)]",1,2,10,1.0,1_2,0.0,0.0,0.0,1.0,0.0,1.0,1.0
646,"[(-1, 1, -1, 0), (0, -1, 1, -1)]",1,2,5,0.5,1_2,0.0,0.0,0.0,0.4,0.0,0.09999999999999998,0.5
647,"[(-1, 1, -1, 0), (0, -1, 1, 0)]",1,2,9,0.9,1_2,0.0,0.0,0.0,0.8,0.0,0.9,0.9
648,"[(-1, 1, -1, 0), (0, -1, 1, 1)]",1,2,10,1.0,1_2,0.0,0.0,0.0,1.0,0.0,1.0,1.0
649,"[(-1, 1, -1, 0), (0, 0, -1, -1)]",0,2,7,0.7,0_2,0.6,0.49999999999999994,0.0,0.0,0.0,0.0,0.7
650,"[(-1, 1, -1, 0), (0, 0, -1, 1)]",0,2,9,0.9,0_2,0.8,0.9,0.0,0.0,0.0,0.0,0.9
651,"[(-1, 1, -1, 0), (0, 0, 1, -1)]",0,1,4,0.333333333333333,0_1,0.0,0.0,0.0,0.0,0.0,0.0,0.333333333333333
652,"[(-1, 1, -1, 0), (0, 0, 1, 1)]",1,2,9,0.75,1_2,0.0,0.0,0.0,0.6666666666666667,0.0,0.583333333333333,0.75
653,"[(-1, 1, -1, 0), (0, 1, -1, -1)]",0,2,6,0.6,0_2,0.3,0.5,0.0,0.0,0.0,0.0,0.6
654,"[(-1, 1, -1, 0), (0, 1, -1, 0)]",0,2,6,0.6,0_2,0.39999999999999997,0.39999999999999997,0.0,0.0,0.0,0.0,0.6
655,"[(-1, 1, -1, 0), (0, 1, -1, 1)]",0,2,8,0.666666666666667,0_2,0.5,0.5,0.0,0.0,0.0,0.0,0.666666666666667
656,"[(-1, 1, -1, 0), (0, 1, 0, -1)]",1,2,4,0.4,1_2,0.0,0.0,0.0,0.10000000000000003,0.0,0.10000000000000003,0.4
657,"[(-1, 1, -1, 0), (0, 1, 0, 1)]",1,2,10,0.833333333333333,1_2,0.0,0.0,0.0,0.6666666666666661,0.0,0.833333333333333,0.833333333333333
658,"[(-1, 1, -1, 0), (0, 1, 1, -1)]",0,2,4,0.363636363636364,0_2,0.090909090909091,0.0,0.0,0.0,0.0,0.0,0.363636363636364
659,"[(-1, 1, -1, 0), (0, 1, 1, 0)]",1,2,6,0.6,1_2,0.0,0.0,0.0,0.3,0.0,0.5,0.6
660,"[(-1, 1, -1, 0), (0, 1, 1, 1)]",1,2,10,0.714285714285714,1_2,0.0,0.0,0.0,0.6428571428571426,0.0,0.5,0.714285714285714
661,"[(-1, 1, -1, 0), (1, -1, -1, 0)]",0,2,5,0.5,0_2,0.3,0.2,0.0,0.0,0.0,0.0,0.5
662,"[(-1, 1, -1, 0), (1, -1, 0, -1)]",1,2,8,0.727272727272727,1_2,0.0,0.0,0.0,0.545454545454545,0.0,0.636363636363636,0.727272727272727
663,"[(-1, 1, -1, 0), (1, -1, 0, 0)]",1,2,9,0.9,1_2,0.0,0.0,0.0,0.8,0.0,0.9,0.9
664,"[(-1, 1, -1, 0), (1, -1, 0, 1)]",1,2,10,1.0,1_2,0.0,0.0,0.0,1.0,0.0,1.0,1.0
665,"[(-1, 1, -1, 0), (1, -1, 1, 0)]",1,2,10,0.909090909090909,1_2,0.0,0.0,0.0,0.909090909090909,0.0,0.818181818181818,0.909090909090909
666,"[(-1, 1, -1, 0), (1, 0, -1, -1)]",0,2,7,0.636363636363636,0_2,0.36363636363636304,0.5454545454545451,0.0,0.0,0.0,0.0,0.636363636363636
667,"[(-1, 1, -1, 0), (1, 0, -1, 0)]",0,2,7,0.636363636363636,0_2,0.5454545454545451,0.36363636363636304,0.0,0.0,0.0,0.0,0.636363636363636
668,"[(-1, 1, -1, 0), (1, 0, -1, 1)]",0,2,8,0.727272727272727,0_2,0.727272727272727,0.454545454545454,0.0,0.0,0.0,0.0,0.727272727272727
669,"[(-1, 1, -1, 0), (1, 0, 0, -1)]",1,2,8,0.8,1_2,0.0,0.0,0.0,0.7000000000000001,0.0,0.7000000000000001,0.8
670,"[(-1, 1, -1, 0), (1, 0, 0, 1)]",1,2,7,0.636363636363636,1_2,0.0,0.0,0.0,0.5454545454545451,0.0,0.36363636363636304,0.636363636363636
671,"[(-1, 1, -1, 0), (1, 0, 1, -1)]",0,2,4,0.363636363636364,0_2,0.090909090909091,0.0,0.0,0.0,0.0,0.0,0.363636363636364
672,"[(-1, 1, -1, 0), (1, 0, 1, 0)]",1,2,7,0.7,1_2,0.0,0.0,0.0,0.6,0.0,0.49999999999999994,0.7
673,"[(-1, 1, -1, 0), (1, 0, 1, 1)]",1,2,11,0.916666666666667,1_2,0.0,0.0,0.0,0.916666666666667,0.0,0.8333333333333337,0.916666666666667
674,"[(-1, 1, -1, 0), (1, 1, -1, 0)]",0,2,9,0.692307692307692,0_2,0.46153846153846095,0.6153846153846151,0.0,0.0,0.0,0.0,0.692307692307692
675,"[(-1, 1, -1, 0), (1, 1, 0, -1)]",0,1,5,0.416666666666667,0_1,0.0,0.0,0.25,0.0,0.0,0.0,0.416666666666667
676,"[(-1, 1, -1, 0), (1, 1, 0, 0)]",1,2,10,0.833333333333333,1_2,0.0,0.0,0.0,0.7499999999999998,0.0,0.7499999999999998,0.833333333333333
677,"[(-1, 1, -1, 0), (1, 1, 0, 1)]",1,2,14,1.0,1_2,0.0,0.0,0.0,1.0,0.0,1.0,1.0
678,"[(-1, 1, -1, 0), (1, 1, 1, 0)]",0,1,4,0.363636363636364,0_1,0.0,0.0,0.090909090909091,0.0,0.0,0.0,0.363636363636364
679,"[(-1, 1, 0, -1), (-1, 1, 0, 0)]",1,2,8,0.666666666666667,1_2,0.0,0.0,0.0,0.41666666666666696,0.0,0.5833333333333337,0.666666666666667
680,"[(-1, 1, 0, -1), (-1, 1, 0, 1)]",1,2,7,0.7,1_2,0.0,0.0,0.0,0.6,0.0,0.49999999999999994,0.7
681,"[(-1, 1, 0, -1), (-1, 1, 1, 0)]",1,2,8,0.8,1_2,0.0,0.0,0.0,0.6000000000000001,0.0,0.8,0.8
682,"[(-1, 1, 0, -1), (0, -1, -1, -1)]",0,2,7,0.636363636363636,0_2,0.36363636363636304,0.5454545454545451,0.0,0.0,0.0,0.0,0.636363636363636
683,"[(-1, 1, 0, -1), (0, -1, -1, 0)]",1,2,6,0.545454545454545,1_2,0.0,0.0,0.0,0.545454545454545,0.0,0.09090909090909,0.545454545454545
684,"[(-1, 1, 0, -1), (0, -1, -1, 1)]",0,1,5,0.5,0_1,0.0,0.0,0.4,0.0,0.09999999999999998,0.0,0.5
685,"[(-1, 1, 0, -1), (0, -1, 0, -1)]",0,2,5,0.454545454545455,0_2,0.3636363636363641,0.0,0.0,0.0,0.0,0.0,0.454545454545455
686,"[(-1, 1, 0, -1), (0, -1, 0, 1)]",1,2,11,0.916666666666667,1_2,0.0,0.0,0.0,0.8333333333333337,0.0,0.916666666666667,0.916666666666667
687,"[(-1, 1, 0, -1), (0, -1, 1, -1)]",0,2,5,0.454545454545455,0_2,0.272727272727273,0.090909090909091,0.0,0.0,0.0,0.0,0.454545454545455
688,"[(-1, 1, 0, -1), (0, -1, 1, 0)]",1,2,6,0.6,1_2,0.0,0.0,0.0,0.5,0.0,0.3,0.6
689,"[(-1, 1, 0, -1), (0, -1, 1, 1)]",1,2,7,0.7,1_2,0.0,0.0,0.0,0.6,0.0,0.49999999999999994,0.7
690,"[(-1, 1, 0, -1), (0, 0, -1, -1)]",0,1,6,0.461538461538462,0_1,0.0,0.0,0.15384615384615402,0.0,0.230769230769231,0.0,0.461538461538462
691,"[(-1, 1, 0, -1), (0, 0, -1, 1)]",1,2,8,0.666666666666667,1_2,0.0,0.0,0.0,0.5,0.0,0.5,0.666666666666667
692,"[(-1, 1, 0, -1), (0, 0, 1, -1)]",1,2,6,0.545454545454545,1_2,0.0,0.0,0.0,0.272727272727272,0.0,0.363636363636363,0.545454545454545
693,"[(-1, 1, 0, -1), (0, 0, 1, 1)]",1,2,8,0.666666666666667,1_2,0.0,0.0,0.0,0.5833333333333337,0.0,0.41666666666666696,0.666666666666667
694,"[(-1, 1, 0, -1), (0, 1, -1, -1)]",0,2,6,0.6,0_2,0.5,0.3,0.0,0.0,0.0,0.0,0.6
695,"[(-1, 1, 0, -1), (0, 1, -1, 0)]",1,2,5,0.416666666666667,1_2,0.0,0.0,0.0,0.16666666666666702,0.0,0.08333333333333404,0.416666666666667
696,"[(-1, 1, 0, -1), (0, 1, -1, 1)]",1,2,5,0.5,1_2,0.0,0.0,0.0,0.4,0.0,0.09999999999999998,0.5
697,"[(-1, 1, 0, -1), (0, 1, 0, -1)]",1,2,8,0.615384615384615,1_2,0.0,0.0,0.0,0.307692307692307,0.0,0.5384615384615381,0.615384615384615
698,"[(-1, 1, 0, -1), (0, 1, 0, 1)]",1,2,9,0.818181818181818,1_2,0.0,0.0,0.0,0.7272727272727271,0.0,0.7272727272727271,0.818181818181818
699,"[(-1, 1, 0, -1), (0, 1, 1, -1)]",0,2,8,0.666666666666667,0_2,0.5,0.5,0.0,0.0,0.0,0.0,0.666666666666667
700,"[(-1, 1, 0, -1), (0, 1, 1, 0)]",1,2,7,0.583333333333333,1_2,0.0,0.0,0.0,0.25000000000000006,0.0,0.4999999999999997,0.583333333333333
701,"[(-1, 1, 0, -1), (0, 1, 1, 1)]",0,1,6,0.461538461538462,0_1,0.0,0.0,0.30769230769230804,0.0,0.07692307692307698,0.0,0.461538461538462
702,"[(-1, 1, 0, -1), (1, -1, -1, 0)]",1,2,9,0.9,1_2,0.0,0.0,0.0,0.9,0.0,0.8,0.9
703,"[(-1, 1, 0, -1), (1, -1, 0, -1)]",1,2,7,0.538461538461538,1_2,0.0,0.0,0.0,0.15384615384615297,0.0,0.4615384615384611,0.538461538461538
704,"[(-1, 1, 0, -1), (1, -1, 0, 0)]",1,2,8,0.8,1_2,0.0,0.0,0.0,0.7000000000000001,0.0,0.7000000000000001,0.8
705,"[(-1, 1, 0, -1), (1, -1, 0, 1)]",1,2,10,0.909090909090909,1_2,0.0,0.0,0.0,0.818181818181818,0.0,0.909090909090909,0.909090909090909
706,"[(-1, 1, 0, -1), (1, -1, 1, 0)]",1,2,8,0.8,1_2,0.0,0.0,0.0,0.7000000000000001,0.0,0.7000000000000001,0.8
707,"[(-1, 1, 0, -1), (1, 0, -1, -1)]",0,2,7,0.583333333333333,0_2,0.16666666666666602,0.583333333333333,0.0,0.0,0.0,0.0,0.583333333333333
708,"[(-1, 1, 0, -1), (1, 0, -1, 0)]",1,2,7,0.583333333333333,1_2,0.0,0.0,0.0,0.4999999999999997,0.0,0.25000000000000006,0.583333333333333
709,"[(-1, 1, 0, -1), (1, 0, -1, 1)]",1,2,6,0.6,1_2,0.0,0.0,0.0,0.6,0.0,0.19999999999999996,0.6
710,"[(-1, 1, 0, -1), (1, 0, 0, -1)]",0,2,9,0.818181818181818,0_2,0.818181818181818,0.636363636363636,0.0,0.0,0.0,0.0,0.818181818181818
711,"[(-1, 1, 0, -1), (1, 0, 0, 1)]",1,2,8,0.8,1_2,0.0,0.0,0.0,0.7000000000000001,0.0,0.7000000000000001,0.8
712,"[(-1, 1, 0, -1), (1, 0, 1, -1)]",0,2,5,0.5,0_2,0.09999999999999998,0.4,0.0,0.0,0.0,0.0,0.5
713,"[(-1, 1, 0, -1), (1, 0, 1, 0)]",1,2,10,0.833333333333333,1_2,0.0,0.0,0.0,0.6666666666666661,0.0,0.833333333333333,0.833333333333333
714,"[(-1, 1, 0, -1), (1, 0, 1, 1)]",1,2,5,0.5,1_2,0.0,0.0,0.0,0.4,0.0,0.09999999999999998,0.5
715,"[(-1, 1, 0, -1), (1, 1, -1, 0)]",1,2,10,0.833333333333333,1_2,0.0,0.0,0.0,0.833333333333333,0.0,0.6666666666666661,0.833333333333333
716,"[(-1, 1, 0, -1), (1, 1, 0, -1)]",0,2,8,0.8,0_2,0.7000000000000001,0.7000000000000001,0.0,0.0,0.0,0.0,0.8
717,"[(-1, 1, 0, -1), (1, 1, 0, 0)]",1,2,8,0.8,1_2,0.0,0.0,0.0,0.8,0.0,0.6000000000000001,0.8
718,"[(-1, 1, 0, -1), (1, 1, 0, 1)]",1,2,10,0.833333333333333,1_2,0.0,0.0,0.0,0.7499999999999998,0.0,0.7499999999999998,0.833333333333333
719,"[(-1, 1, 0, -1), (1, 1, 1, 0)]",1,2,9,0.692307692307692,1_2,0.0,0.0,0.0,0.6153846153846151,0.0,0.46153846153846095,0.692307692307692
720,"[(-1, 1, 0, 0), (-1, 1, 0, 1)]",0,1,5,0.416666666666667,0_1,0.0,0.0,0.16666666666666702,0.0,0.08333333333333404,0.0,0.416666666666667
721,"[(-1, 1, 0, 0), (-1, 1, 1, 0)]",0,1,8,0.615384615384615,0_1,0.0,0.0,0.461538461538461,0.0,0.38461538461538397,0.0,0.615384615384615
722,"[(-1, 1, 0, 0), (0, -1, -1, -1)]",0,1,9,0.75,0_1,0.0,0.0,0.75,0.0,0.5,0.0,0.75
723,"[(-1, 1, 0, 0), (0, -1, -1, 0)]",0,1,8,0.727272727272727,0_1,0.0,0.0,0.636363636363636,0.0,0.545454545454545,0.0,0.727272727272727
724,"[(-1, 1, 0, 0), (0, -1, -1, 1)]",0,1,10,0.833333333333333,0_1,0.0,0.0,0.833333333333333,0.0,0.6666666666666661,0.0,0.833333333333333
725,"[(-1, 1, 0, 0), (0, -1, 0, -1)]",0,1,5,0.357142857142857,0_1,0.0,0.0,0.0,0.0,0.07142857142857101,0.0,0.357142857142857
726,"[(-1, 1, 0, 0), (0, -1, 0, 1)]",1,2,8,0.666666666666667,1_2,0.0,0.0,0.0,0.5833333333333337,0.0,0.41666666666666696,0.666666666666667
727,"[(-1, 1, 0, 0), (0, -1, 1, -1)]",0,1,8,0.666666666666667,0_1,0.0,0.0,0.41666666666666696,0.0,0.5833333333333337,0.0,0.666666666666667
728,"[(-1, 1, 0, 0), (0, -1, 1, 0)]",0,1,6,0.6,0_1,0.0,0.0,0.5,0.0,0.3,0.0,0.6
729,"[(-1, 1, 0, 0), (0, -1, 1, 1)]",0,1,6,0.545454545454545,0_1,0.0,0.0,0.4545454545454541,0.0,0.181818181818181,0.0,0.545454545454545
730,"[(-1, 1, 0, 0), (0, 0, -1, -1)]",0,1,6,0.545454545454545,0_1,0.0,0.0,0.272727272727272,0.0,0.363636363636363,0.0,0.545454545454545
731,"[(-1, 1, 0, 0), (0, 0, -1, 1)]",0,1,8,0.727272727272727,0_1,0.0,0.0,0.727272727272727,0.0,0.454545454545454,0.0,0.727272727272727
732,"[(-1, 1, 0, 0), (0, 0, 1, -1)]",0,1,8,0.727272727272727,0_1,0.0,0.0,0.545454545454545,0.0,0.636363636363636,0.0,0.727272727272727
733,"[(-1, 1, 0, 0), (0, 0, 1, 1)]",0,1,4,0.4,0_1,0.0,0.0,0.2,0.0,0.0,0.0,0.4
734,"[(-1, 1, 0, 0), (0, 1, -1, -1)]",0,1,9,0.9,0_1,0.0,0.0,0.8,0.0,0.9,0.0,0.9
735,"[(-1, 1, 0, 0), (0, 1, -1, 0)]",0,1,6,0.545454545454545,0_1,0.0,0.0,0.545454545454545,0.0,0.09090909090909,0.0,0.545454545454545
736,"[(-1, 1, 0, 0), (0, 1, -1, 1)]",0,1,7,0.636363636363636,0_1,0.0,0.0,0.636363636363636,0.0,0.27272727272727204,0.0,0.636363636363636
737,"[(-1, 1, 0, 0), (0, 1, 0, -1)]",0,1,10,0.833333333333333,0_1,0.0,0.0,0.6666666666666661,0.0,0.833333333333333,0.0,0.833333333333333
738,"[(-1, 1, 0, 0), (0, 1, 0, 1)]",1,2,8,0.571428571428571,1_2,0.0,0.0,0.0,0.357142857142857,0.0,0.357142857142857,0.571428571428571
739,"[(-1, 1, 0, 0), (0, 1, 1, -1)]",0,1,9,0.9,0_1,0.0,0.0,0.9,0.0,0.8,0.0,0.9
740,"[(-1, 1, 0, 0), (0, 1, 1, 0)]",0,1,10,0.909090909090909,0_1,0.0,0.0,0.818181818181818,0.0,0.909090909090909,0.0,0.909090909090909
741,"[(-1, 1, 0, 0), (0, 1, 1, 1)]",0,1,6,0.545454545454545,0_1,0.0,0.0,0.545454545454545,0.0,0.09090909090909,0.0,0.545454545454545
742,"[(-1, 1, 0, 0), (1, -1, -1, 0)]",0,1,6,0.461538461538462,0_1,0.0,0.0,0.38461538461538514,0.0,0.0,0.0,0.461538461538462
743,"[(-1, 1, 0, 0), (1, -1, 0, -1)]",0,2,6,0.5,0_2,0.08333333333333298,0.4166666666666667,0.0,0.0,0.0,0.0,0.5
744,"[(-1, 1, 0, 0), (1, -1, 0, 0)]",1,2,6,0.545454545454545,1_2,0.0,0.0,0.0,0.363636363636363,0.0,0.272727272727272,0.545454545454545
745,"[(-1, 1, 0, 0), (1, -1, 0, 1)]",1,2,6,0.5,1_2,0.0,0.0,0.0,0.4166666666666667,0.0,0.08333333333333298,0.5
746,"[(-1, 1, 0, 0), (1, -1, 1, 0)]",0,1,8,0.666666666666667,0_1,0.0,0.0,0.666666666666667,0.0,0.333333333333334,0.0,0.666666666666667
747,"[(-1, 1, 0, 0), (1, 0, -1, -1)]",0,1,7,0.636363636363636,0_1,0.0,0.0,0.27272727272727204,0.0,0.636363636363636,0.0,0.636363636363636
748,"[(-1, 1, 0, 0), (1, 0, -1, 0)]",0,1,8,0.727272727272727,0_1,0.0,0.0,0.727272727272727,0.0,0.454545454545454,0.0,0.727272727272727
749,"[(-1, 1, 0, 0), (1, 0, -1, 1)]",0,1,8,0.727272727272727,0_1,0.0,0.0,0.636363636363636,0.0,0.545454545454545,0.0,0.727272727272727
750,"[(-1, 1, 0, 0), (1, 0, 0, -1)]",0,1,5,0.5,0_1,0.0,0.0,0.09999999999999998,0.0,0.4,0.0,0.5
751,"[(-1, 1, 0, 0), (1, 0, 0, 1)]",1,2,7,0.636363636363636,1_2,0.0,0.0,0.0,0.5454545454545451,0.0,0.36363636363636304,0.636363636363636
752,"[(-1, 1, 0, 0), (1, 0, 1, -1)]",0,1,5,0.5,0_1,0.0,0.0,0.2,0.0,0.3,0.0,0.5
753,"[(-1, 1, 0, 0), (1, 0, 1, 0)]",1,2,4,0.4,1_2,0.0,0.0,0.0,0.10000000000000003,0.0,0.10000000000000003,0.4
754,"[(-1, 1, 0, 0), (1, 0, 1, 1)]",0,1,6,0.545454545454545,0_1,0.0,0.0,0.545454545454545,0.0,0.09090909090909,0.0,0.545454545454545
755,"[(-1, 1, 0, 0), (1, 1, -1, 0)]",0,1,6,0.545454545454545,0_1,0.0,0.0,0.181818181818181,0.0,0.4545454545454541,0.0,0.545454545454545
756,"[(-1, 1, 0, 0), (1, 1, 0, -1)]",0,1,8,0.727272727272727,0_1,0.0,0.0,0.454545454545454,0.0,0.727272727272727,0.0,0.727272727272727
757,"[(-1, 1, 0, 0), (1, 1, 0, 0)]",0,2,6,0.5,0_2,0.33333333333333304,0.16666666666666702,0.0,0.0,0.0,0.0,0.5
758,"[(-1, 1, 0, 0), (1, 1, 0, 1)]",1,2,9,0.818181818181818,1_2,0.0,0.0,0.0,0.7272727272727271,0.0,0.7272727272727271,0.818181818181818
759,"[(-1, 1, 0, 0), (1, 1, 1, 0)]",0,1,4,0.4,0_1,0.0,0.0,0.2,0.0,0.0,0.0,0.4
760,"[(-1, 1, 0, 1), (-1, 1, 1, 0)]",0,1,9,0.9,0_1,0.0,0.0,0.8,0.0,0.9,0.0,0.9
761,"[(-1, 1, 0, 1), (0, -1, -1, -1)]",0,1,9,0.9,0_1,0.0,0.0,0.9,0.0,0.8,0.0,0.9
762,"[(-1, 1, 0, 1), (0, -1, -1, 0)]",0,1,8,0.727272727272727,0_1,0.0,0.0,0.545454545454545,0.0,0.636363636363636,0.0,0.727272727272727
763,"[(-1, 1, 0, 1), (0, -1, -1, 1)]",0,1,11,0.733333333333333,0_1,0.0,0.0,0.533333333333333,0.0,0.6666666666666663,0.0,0.733333333333333
764,"[(-1, 1, 0, 1), (0, -1, 0, -1)]",0,1,11,1.0,0_1,0.0,0.0,1.0,0.0,1.0,0.0,1.0
765,"[(-1, 1, 0, 1), (0, -1, 0, 1)]",1,2,6,0.545454545454545,1_2,0.0,0.0,0.0,0.545454545454545,0.0,0.09090909090909,0.545454545454545
766,"[(-1, 1, 0, 1), (0, -1, 1, -1)]",0,1,9,0.9,0_1,0.0,0.0,0.8,0.0,0.9,0.0,0.9
767,"[(-1, 1, 0, 1), (0, -1, 1, 0)]",0,1,10,1.0,0_1,0.0,0.0,1.0,0.0,1.0,0.0,1.0
768,"[(-1, 1, 0, 1), (0, -1, 1, 1)]",0,1,7,0.7,0_1,0.0,0.0,0.6,0.0,0.49999999999999994,0.0,0.7
769,"[(-1, 1, 0, 1), (0, 0, -1, -1)]",0,1,9,0.75,0_1,0.0,0.0,0.75,0.0,0.5,0.0,0.75
770,"[(-1, 1, 0, 1), (0, 0, -1, 1)]",0,1,7,0.7,0_1,0.0,0.0,0.6,0.0,0.49999999999999994,0.0,0.7
771,"[(-1, 1, 0, 1), (0, 0, 1, -1)]",0,1,9,0.75,0_1,0.0,0.0,0.6666666666666667,0.0,0.583333333333333,0.0,0.75
772,"[(-1, 1, 0, 1), (0, 0, 1, 1)]",0,1,10,0.833333333333333,0_1,0.0,0.0,0.833333333333333,0.0,0.6666666666666661,0.0,0.833333333333333
773,"[(-1, 1, 0, 1), (0, 1, -1, -1)]",0,1,7,0.7,0_1,0.0,0.0,0.7,0.0,0.39999999999999997,0.0,0.7
774,"[(-1, 1, 0, 1), (0, 1, -1, 0)]",0,1,11,0.916666666666667,0_1,0.0,0.0,0.916666666666667,0.0,0.8333333333333337,0.0,0.916666666666667
775,"[(-1, 1, 0, 1), (0, 1, -1, 1)]",0,1,6,0.545454545454545,0_1,0.0,0.0,0.363636363636363,0.0,0.272727272727272,0.0,0.545454545454545
776,"[(-1, 1, 0, 1), (0, 1, 0, -1)]",0,1,12,0.923076923076923,0_1,0.0,0.0,0.923076923076923,0.0,0.8461538461538461,0.0,0.923076923076923
777,"[(-1, 1, 0, 1), (0, 1, 0, 1)]",0,1,8,0.727272727272727,0_1,0.0,0.0,0.636363636363636,0.0,0.545454545454545,0.0,0.727272727272727
778,"[(-1, 1, 0, 1), (0, 1, 1, -1)]",0,1,8,0.8,0_1,0.0,0.0,0.8,0.0,0.6000000000000001,0.0,0.8
779,"[(-1, 1, 0, 1), (0, 1, 1, 0)]",0,1,5,0.416666666666667,0_1,0.0,0.0,0.16666666666666702,0.0,0.08333333333333404,0.0,0.416666666666667
780,"[(-1, 1, 0, 1), (0, 1, 1, 1)]",0,1,6,0.5,0_1,0.0,0.0,0.4166666666666667,0.0,0.08333333333333298,0.0,0.5
781,"[(-1, 1, 0, 1), (1, -1, -1, 0)]",0,1,10,0.909090909090909,0_1,0.0,0.0,0.909090909090909,0.0,0.818181818181818,0.0,0.909090909090909
782,"[(-1, 1, 0, 1), (1, -1, 0, -1)]",0,1,10,0.909090909090909,0_1,0.0,0.0,0.818181818181818,0.0,0.909090909090909,0.0,0.909090909090909
783,"[(-1, 1, 0, 1), (1, -1, 0, 0)]",0,1,5,0.416666666666667,0_1,0.0,0.0,0.25,0.0,0.0,0.0,0.416666666666667
784,"[(-1, 1, 0, 1), (1, -1, 0, 1)]",0,1,5,0.454545454545455,0_1,0.0,0.0,0.3636363636363641,0.0,0.0,0.0,0.454545454545455
785,"[(-1, 1, 0, 1), (1, -1, 1, 0)]",0,1,9,0.9,0_1,0.0,0.0,0.9,0.0,0.8,0.0,0.9
786,"[(-1, 1, 0, 1), (1, 0, -1, -1)]",0,1,9,0.75,0_1,0.0,0.0,0.75,0.0,0.5,0.0,0.75
787,"[(-1, 1, 0, 1), (1, 0, -1, 0)]",0,1,10,0.909090909090909,0_1,0.0,0.0,0.909090909090909,0.0,0.818181818181818,0.0,0.909090909090909
788,"[(-1, 1, 0, 1), (1, 0, -1, 1)]",0,1,6,0.6,0_1,0.0,0.0,0.6,0.0,0.19999999999999996,0.0,0.6
789,"[(-1, 1, 0, 1), (1, 0, 0, -1)]",0,1,10,0.833333333333333,0_1,0.0,0.0,0.833333333333333,0.0,0.6666666666666661,0.0,0.833333333333333
790,"[(-1, 1, 0, 1), (1, 0, 0, 1)]",1,2,6,0.5,1_2,0.0,0.0,0.0,0.16666666666666702,0.0,0.33333333333333304,0.5
791,"[(-1, 1, 0, 1), (1, 0, 1, -1)]",0,1,9,0.818181818181818,0_1,0.0,0.0,0.818181818181818,0.0,0.636363636363636,0.0,0.818181818181818
792,"[(-1, 1, 0, 1), (1, 0, 1, 0)]",0,1,9,0.75,0_1,0.0,0.0,0.6666666666666667,0.0,0.583333333333333,0.0,0.75
793,"[(-1, 1, 0, 1), (1, 0, 1, 1)]",0,1,8,0.615384615384615,0_1,0.0,0.0,0.461538461538461,0.0,0.38461538461538397,0.0,0.615384615384615
794,"[(-1, 1, 0, 1), (1, 1, -1, 0)]",0,1,11,0.916666666666667,0_1,0.0,0.0,0.916666666666667,0.0,0.8333333333333337,0.0,0.916666666666667
795,"[(-1, 1, 0, 1), (1, 1, 0, -1)]",0,1,8,0.666666666666667,0_1,0.0,0.0,0.666666666666667,0.0,0.333333333333334,0.0,0.666666666666667
796,"[(-1, 1, 0, 1), (1, 1, 0, 0)]",0,1,4,0.363636363636364,0_1,0.0,0.0,0.090909090909091,0.0,0.0,0.0,0.363636363636364
797,"[(-1, 1, 0, 1), (1, 1, 0, 1)]",1,2,7,0.7,1_2,0.0,0.0,0.0,0.6,0.0,0.49999999999999994,0.7
798,"[(-1, 1, 0, 1), (1, 1, 1, 0)]",0,1,7,0.636363636363636,0_1,0.0,0.0,0.636363636363636,0.0,0.27272727272727204,0.0,0.636363636363636
799,"[(-1, 1, 1, 0), (0, -1, -1, -1)]",0,1,6,0.6,0_1,0.0,0.0,0.3,0.0,0.5,0.0,0.6
800,"[(-1, 1, 1, 0), (0, -1, -1, 0)]",1,2,6,0.545454545454545,1_2,0.0,0.0,0.0,0.545454545454545,0.0,0.09090909090909,0.545454545454545
801,"[(-1, 1, 1, 0), (0, -1, -1, 1)]",1,2,6,0.545454545454545,1_2,0.0,0.0,0.0,0.545454545454545,0.0,0.09090909090909,0.545454545454545
802,"[(-1, 1, 1, 0), (0, -1, 0, -1)]",0,2,8,0.666666666666667,0_2,0.5833333333333337,0.41666666666666696,0.0,0.0,0.0,0.0,0.666666666666667
803,"[(-1, 1, 1, 0), (0, -1, 0, 1)]",1,2,10,0.833333333333333,1_2,0.0,0.0,0.0,0.833333333333333,0.0,0.6666666666666661,0.833333333333333
804,"[(-1, 1, 1, 0), (0, -1, 1, -1)]",0,2,6,0.545454545454545,0_2,0.272727272727272,0.363636363636363,0.0,0.0,0.0,0.0,0.545454545454545
805,"[(-1, 1, 1, 0), (0, -1, 1, 0)]",1,2,5,0.416666666666667,1_2,0.0,0.0,0.0,0.16666666666666702,0.0,0.08333333333333404,0.416666666666667
806,"[(-1, 1, 1, 0), (0, -1, 1, 1)]",1,2,8,0.727272727272727,1_2,0.0,0.0,0.0,0.545454545454545,0.0,0.636363636363636,0.727272727272727
807,"[(-1, 1, 1, 0), (0, 0, -1, -1)]",0,1,7,0.7,0_1,0.0,0.0,0.49999999999999994,0.0,0.6,0.0,0.7
808,"[(-1, 1, 1, 0), (0, 0, -1, 1)]",1,2,6,0.545454545454545,1_2,0.0,0.0,0.0,0.545454545454545,0.0,0.09090909090909,0.545454545454545
809,"[(-1, 1, 1, 0), (0, 0, 1, -1)]",0,2,7,0.7,0_2,0.39999999999999997,0.7,0.0,0.0,0.0,0.0,0.7
810,"[(-1, 1, 1, 0), (0, 0, 1, 1)]",1,2,7,0.636363636363636,1_2,0.0,0.0,0.0,0.45454545454545403,0.0,0.45454545454545403,0.636363636363636
811,"[(-1, 1, 1, 0), (0, 1, -1, -1)]",0,1,6,0.545454545454545,0_1,0.0,0.0,0.4545454545454541,0.0,0.181818181818181,0.0,0.545454545454545
812,"[(-1, 1, 1, 0), (0, 1, -1, 0)]",0,1,7,0.636363636363636,0_1,0.0,0.0,0.5454545454545451,0.0,0.36363636363636304,0.0,0.636363636363636
813,"[(-1, 1, 1, 0), (0, 1, -1, 1)]",0,1,5,0.454545454545455,0_1,0.0,0.0,0.272727272727273,0.0,0.090909090909091,0.0,0.454545454545455
814,"[(-1, 1, 1, 0), (0, 1, 0, -1)]",0,2,5,0.454545454545455,0_2,0.090909090909091,0.272727272727273,0.0,0.0,0.0,0.0,0.454545454545455
815,"[(-1, 1, 1, 0), (0, 1, 0, 1)]",1,2,11,0.916666666666667,1_2,0.0,0.0,0.0,0.8333333333333337,0.0,0.916666666666667,0.916666666666667
816,"[(-1, 1, 1, 0), (0, 1, 1, -1)]",0,2,9,0.818181818181818,0_2,0.636363636363636,0.818181818181818,0.0,0.0,0.0,0.0,0.818181818181818
817,"[(-1, 1, 1, 0), (0, 1, 1, 0)]",0,2,7,0.7,0_2,0.6,0.49999999999999994,0.0,0.0,0.0,0.0,0.7
818,"[(-1, 1, 1, 0), (0, 1, 1, 1)]",0,2,6,0.6,0_2,0.5,0.3,0.0,0.0,0.0,0.0,0.6
819,"[(-1, 1, 1, 0), (1, -1, -1, 0)]",1,2,6,0.6,1_2,0.0,0.0,0.0,0.6,0.0,0.19999999999999996,0.6
820,"[(-1, 1, 1, 0), (1, -1, 0, -1)]",0,2,7,0.636363636363636,0_2,0.5454545454545451,0.36363636363636304,0.0,0.0,0.0,0.0,0.636363636363636
821,"[(-1, 1, 1, 0), (1, -1, 0, 0)]",1,2,5,0.5,1_2,0.0,0.0,0.0,0.4,0.0,0.09999999999999998,0.5
822,"[(-1, 1, 1, 0), (1, -1, 0, 1)]",1,2,9,0.9,1_2,0.0,0.0,0.0,0.9,0.0,0.8,0.9
823,"[(-1, 1, 1, 0), (1, -1, 1, 0)]",0,2,8,0.615384615384615,0_2,0.615384615384615,0.23076923076922995,0.0,0.0,0.0,0.0,0.615384615384615
824,"[(-1, 1, 1, 0), (1, 0, -1, -1)]",0,1,7,0.7,0_1,0.0,0.0,0.39999999999999997,0.0,0.7,0.0,0.7
825,"[(-1, 1, 1, 0), (1, 0, -1, 0)]",0,1,5,0.5,0_1,0.0,0.0,0.3,0.0,0.2,0.0,0.5
826,"[(-1, 1, 1, 0), (1, 0, -1, 1)]",0,1,4,0.363636363636364,0_1,0.0,0.0,0.090909090909091,0.0,0.0,0.0,0.363636363636364
827,"[(-1, 1, 1, 0), (1, 0, 0, -1)]",1,2,7,0.636363636363636,1_2,0.0,0.0,0.0,0.5454545454545451,0.0,0.36363636363636304,0.636363636363636
828,"[(-1, 1, 1, 0), (1, 0, 0, 1)]",1,2,6,0.6,1_2,0.0,0.0,0.0,0.5,0.0,0.3,0.6
829,"[(-1, 1, 1, 0), (1, 0, 1, -1)]",0,1,5,0.384615384615385,0_1,0.0,0.0,0.0,0.0,0.15384615384615402,0.0,0.384615384615385
830,"[(-1, 1, 1, 0), (1, 0, 1, 0)]",1,2,8,0.727272727272727,1_2,0.0,0.0,0.0,0.454545454545454,0.0,0.727272727272727,0.727272727272727
831,"[(-1, 1, 1, 0), (1, 0, 1, 1)]",1,2,7,0.583333333333333,1_2,0.0,0.0,0.0,0.33333333333333304,0.0,0.4166666666666661,0.583333333333333
832,"[(-1, 1, 1, 0), (1, 1, -1, 0)]",0,1,6,0.6,0_1,0.0,0.0,0.39999999999999997,0.0,0.39999999999999997,0.0,0.6
833,"[(-1, 1, 1, 0), (1, 1, 0, -1)]",1,2,9,0.818181818181818,1_2,0.0,0.0,0.0,0.818181818181818,0.0,0.636363636363636,0.818181818181818
834,"[(-1, 1, 1, 0), (1, 1, 0, 0)]",1,2,8,0.666666666666667,1_2,0.0,0.0,0.0,0.5833333333333337,0.0,0.41666666666666696,0.666666666666667
835,"[(-1, 1, 1, 0), (1, 1, 0, 1)]",1,2,9,0.818181818181818,1_2,0.0,0.0,0.0,0.7272727272727271,0.0,0.7272727272727271,0.818181818181818
836,"[(-1, 1, 1, 0), (1, 1, 1, 0)]",0,2,6,0.6,0_2,0.6,0.19999999999999996,0.0,0.0,0.0,0.0,0.6
837,"[(0, -1, -1, -1), (0, -1, -1, 0)]",1,2,6,0.5,1_2,0.0,0.0,0.0,0.16666666666666702,0.0,0.33333333333333304,0.5
838,"[(0, -1, -1, -1), (0, -1, -1, 1)]",1,2,7,0.583333333333333,1_2,0.0,0.0,0.0,0.25000000000000006,0.0,0.4999999999999997,0.583333333333333
839,"[(0, -1, -1, -1), (0, -1, 0, -1)]",1,2,6,0.545454545454545,1_2,0.0,0.0,0.0,0.09090909090909,0.0,0.545454545454545,0.545454545454545
840,"[(0, -1, -1, -1), (0, -1, 0, 1)]",1,2,9,0.9,1_2,0.0,0.0,0.0,0.9,0.0,0.8,0.9
841,"[(0, -1, -1, -1), (0, -1, 1, -1)]",1,2,7,0.636363636363636,1_2,0.0,0.0,0.0,0.27272727272727204,0.0,0.636363636363636,0.636363636363636
842,"[(0, -1, -1, -1), (0, -1, 1, 0)]",1,2,10,1.0,1_2,0.0,0.0,0.0,1.0,0.0,1.0,1.0
843,"[(0, -1, -1, -1), (0, -1, 1, 1)]",1,2,9,0.818181818181818,1_2,0.0,0.0,0.0,0.7272727272727271,0.0,0.7272727272727271,0.818181818181818
844,"[(0, -1, -1, -1), (0, 0, -1, -1)]",0,2,9,0.818181818181818,0_2,0.818181818181818,0.636363636363636,0.0,0.0,0.0,0.0,0.818181818181818
845,"[(0, -1, -1, -1), (0, 0, -1, 1)]",1,2,7,0.636363636363636,1_2,0.0,0.0,0.0,0.27272727272727204,0.0,0.636363636363636,0.636363636363636
846,"[(0, -1, -1, -1), (0, 0, 1, -1)]",1,2,5,0.5,1_2,0.0,0.0,0.0,0.3,0.0,0.2,0.5
847,"[(0, -1, -1, -1), (0, 0, 1, 1)]",1,2,8,0.727272727272727,1_2,0.0,0.0,0.0,0.727272727272727,0.0,0.454545454545454,0.727272727272727
848,"[(0, -1, -1, -1), (0, 1, -1, -1)]",0,2,10,0.833333333333333,0_2,0.7499999999999998,0.7499999999999998,0.0,0.0,0.0,0.0,0.833333333333333
849,"[(0, -1, -1, -1), (0, 1, -1, 0)]",0,2,5,0.454545454545455,0_2,0.272727272727273,0.090909090909091,0.0,0.0,0.0,0.0,0.454545454545455
850,"[(0, -1, -1, -1), (0, 1, -1, 1)]",1,2,5,0.5,1_2,0.0,0.0,0.0,0.09999999999999998,0.0,0.4,0.5
851,"[(0, -1, -1, -1), (0, 1, 0, -1)]",1,2,6,0.5,1_2,0.0,0.0,0.0,0.25,0.0,0.25,0.5
852,"[(0, -1, -1, -1), (0, 1, 0, 1)]",1,2,10,1.0,1_2,0.0,0.0,0.0,1.0,0.0,1.0,1.0
853,"[(0, -1, -1, -1), (0, 1, 1, -1)]",0,1,4,0.4,0_1,0.0,0.0,0.10000000000000003,0.0,0.10000000000000003,0.0,0.4
854,"[(0, -1, -1, -1), (0, 1, 1, 0)]",1,2,7,0.636363636363636,1_2,0.0,0.0,0.0,0.636363636363636,0.0,0.27272727272727204,0.636363636363636
855,"[(0, -1, -1, -1), (0, 1, 1, 1)]",1,2,9,0.9,1_2,0.0,0.0,0.0,0.8,0.0,0.9,0.9
856,"[(0, -1, -1, -1), (1, -1, -1, 0)]",1,2,8,0.727272727272727,1_2,0.0,0.0,0.0,0.545454545454545,0.0,0.636363636363636,0.727272727272727
857,"[(0, -1, -1, -1), (1, -1, 0, -1)]",1,2,6,0.428571428571429,1_2,0.0,0.0,0.0,0.07142857142857201,0.0,0.214285714285715,0.428571428571429
858,"[(0, -1, -1, -1), (1, -1, 0, 0)]",1,2,9,0.818181818181818,1_2,0.0,0.0,0.0,0.818181818181818,0.0,0.636363636363636,0.818181818181818
859,"[(0, -1, -1, -1), (1, -1, 0, 1)]",1,2,11,0.916666666666667,1_2,0.0,0.0,0.0,0.916666666666667,0.0,0.8333333333333337,0.916666666666667
860,"[(0, -1, -1, -1), (1, -1, 1, 0)]",1,2,8,0.8,1_2,0.0,0.0,0.0,0.8,0.0,0.6000000000000001,0.8
861,"[(0, -1, -1, -1), (1, 0, -1, -1)]",0,2,9,0.75,0_2,0.583333333333333,0.6666666666666667,0.0,0.0,0.0,0.0,0.75
862,"[(0, -1, -1, -1), (1, 0, -1, 0)]",1,2,6,0.461538461538462,1_2,0.0,0.0,0.0,0.07692307692307698,0.0,0.30769230769230804,0.461538461538462
863,"[(0, -1, -1, -1), (1, 0, -1, 1)]",1,2,5,0.454545454545455,1_2,0.0,0.0,0.0,0.181818181818182,0.0,0.181818181818182,0.454545454545455
864,"[(0, -1, -1, -1), (1, 0, 0, -1)]",0,1,5,0.454545454545455,0_1,0.0,0.0,0.090909090909091,0.0,0.272727272727273,0.0,0.454545454545455
865,"[(0, -1, -1, -1), (1, 0, 0, 1)]",1,2,9,0.9,1_2,0.0,0.0,0.0,0.9,0.0,0.8,0.9
866,"[(0, -1, -1, -1), (1, 0, 1, -1)]",1,2,6,0.545454545454545,1_2,0.0,0.0,0.0,0.272727272727272,0.0,0.363636363636363,0.545454545454545
867,"[(0, -1, -1, -1), (1, 0, 1, 0)]",1,2,9,0.9,1_2,0.0,0.0,0.0,0.8,0.0,0.9,0.9
868,"[(0, -1, -1, -1), (1, 0, 1, 1)]",1,2,10,1.0,1_2,0.0,0.0,0.0,1.0,0.0,1.0,1.0
869,"[(0, -1, -1, -1), (1, 1, -1, 0)]",1,2,5,0.454545454545455,1_2,0.0,0.0,0.0,0.090909090909091,0.0,0.272727272727273,0.454545454545455
870,"[(0, -1, -1, -1), (1, 1, 0, -1)]",0,2,4,0.4,0_2,0.2,0.0,0.0,0.0,0.0,0.0,0.4
871,"[(0, -1, -1, -1), (1, 1, 0, 0)]",1,2,11,0.916666666666667,1_2,0.0,0.0,0.0,0.916666666666667,0.0,0.8333333333333337,0.916666666666667
872,"[(0, -1, -1, -1), (1, 1, 0, 1)]",1,2,9,0.75,1_2,0.0,0.0,0.0,0.75,0.0,0.5,0.75
873,"[(0, -1, -1, -1), (1, 1, 1, 0)]",1,2,10,0.833333333333333,1_2,0.0,0.0,0.0,0.7499999999999998,0.0,0.7499999999999998,0.833333333333333
874,"[(0, -1, -1, 0), (0, -1, -1, 1)]",0,2,8,0.666666666666667,0_2,0.5,0.5,0.0,0.0,0.0,0.0,0.666666666666667
875,"[(0, -1, -1, 0), (0, -1, 0, -1)]",0,1,6,0.545454545454545,0_1,0.0,0.0,0.4545454545454541,0.0,0.181818181818181,0.0,0.545454545454545
876,"[(0, -1, -1, 0), (0, -1, 0, 1)]",1,2,10,0.909090909090909,1_2,0.0,0.0,0.0,0.818181818181818,0.0,0.909090909090909,0.909090909090909
877,"[(0, -1, -1, 0), (0, -1, 1, -1)]",0,1,5,0.5,0_1,0.0,0.0,0.4,0.0,0.09999999999999998,0.0,0.5
878,"[(0, -1, -1, 0), (0, -1, 1, 0)]",1,2,9,0.75,1_2,0.0,0.0,0.0,0.75,0.0,0.5,0.75
879,"[(0, -1, -1, 0), (0, -1, 1, 1)]",0,1,5,0.5,0_1,0.0,0.0,0.5,0.0,0.0,0.0,0.5
880,"[(0, -1, -1, 0), (0, 0, -1, -1)]",0,1,9,0.818181818181818,0_1,0.0,0.0,0.636363636363636,0.0,0.818181818181818,0.0,0.818181818181818
881,"[(0, -1, -1, 0), (0, 0, -1, 1)]",0,2,6,0.545454545454545,0_2,0.09090909090909,0.545454545454545,0.0,0.0,0.0,0.0,0.545454545454545
882,"[(0, -1, -1, 0), (0, 0, 1, -1)]",0,1,9,0.75,0_1,0.0,0.0,0.75,0.0,0.5,0.0,0.75
883,"[(0, -1, -1, 0), (0, 0, 1, 1)]",1,2,9,0.818181818181818,1_2,0.0,0.0,0.0,0.818181818181818,0.0,0.636363636363636,0.818181818181818
884,"[(0, -1, -1, 0), (0, 1, -1, -1)]",0,1,5,0.416666666666667,0_1,0.0,0.0,0.0,0.0,0.25,0.0,0.416666666666667
885,"[(0, -1, -1, 0), (0, 1, -1, 0)]",0,2,7,0.538461538461538,0_2,0.23076923076923,0.384615384615384,0.0,0.0,0.0,0.0,0.538461538461538
886,"[(0, -1, -1, 0), (0, 1, -1, 1)]",0,2,8,0.571428571428571,0_2,0.285714285714285,0.42857142857142794,0.0,0.0,0.0,0.0,0.571428571428571
887,"[(0, -1, -1, 0), (0, 1, 0, -1)]",0,1,7,0.636363636363636,0_1,0.0,0.0,0.636363636363636,0.0,0.27272727272727204,0.0,0.636363636363636
888,"[(0, -1, -1, 0), (0, 1, 0, 1)]",1,2,7,0.636363636363636,1_2,0.0,0.0,0.0,0.636363636363636,0.0,0.27272727272727204,0.636363636363636
889,"[(0, -1, -1, 0), (0, 1, 1, -1)]",0,1,10,0.909090909090909,0_1,0.0,0.0,0.909090909090909,0.0,0.818181818181818,0.0,0.909090909090909
890,"[(0, -1, -1, 0), (0, 1, 1, 0)]",1,2,8,0.727272727272727,1_2,0.0,0.0,0.0,0.727272727272727,0.0,0.454545454545454,0.727272727272727
891,"[(0, -1, -1, 0), (0, 1, 1, 1)]",1,2,8,0.727272727272727,1_2,0.0,0.0,0.0,0.727272727272727,0.0,0.454545454545454,0.727272727272727
892,"[(0, -1, -1, 0), (1, -1, -1, 0)]",0,2,5,0.5,0_2,0.4,0.09999999999999998,0.0,0.0,0.0,0.0,0.5
893,"[(0, -1, -1, 0), (1, -1, 0, -1)]",0,1,6,0.545454545454545,0_1,0.0,0.0,0.545454545454545,0.0,0.09090909090909,0.0,0.545454545454545
894,"[(0, -1, -1, 0), (1, -1, 0, 0)]",1,2,7,0.7,1_2,0.0,0.0,0.0,0.49999999999999994,0.0,0.6,0.7
895,"[(0, -1, -1, 0), (1, -1, 0, 1)]",1,2,9,0.9,1_2,0.0,0.0,0.0,0.9,0.0,0.8,0.9
896,"[(0, -1, -1, 0), (1, -1, 1, 0)]",1,2,6,0.6,1_2,0.0,0.0,0.0,0.39999999999999997,0.0,0.39999999999999997,0.6
897,"[(0, -1, -1, 0), (1, 0, -1, -1)]",0,1,7,0.636363636363636,0_1,0.0,0.0,0.36363636363636304,0.0,0.5454545454545451,0.0,0.636363636363636
898,"[(0, -1, -1, 0), (1, 0, -1, 0)]",0,2,6,0.545454545454545,0_2,0.363636363636363,0.272727272727272,0.0,0.0,0.0,0.0,0.545454545454545
899,"[(0, -1, -1, 0), (1, 0, -1, 1)]",0,2,7,0.636363636363636,0_2,0.5454545454545451,0.36363636363636304,0.0,0.0,0.0,0.0,0.636363636363636
900,"[(0, -1, -1, 0), (1, 0, 0, -1)]",0,1,8,0.571428571428571,0_1,0.0,0.0,0.571428571428571,0.0,0.14285714285714196,0.0,0.571428571428571
901,"[(0, -1, -1, 0), (1, 0, 0, 1)]",1,2,11,1.0,1_2,0.0,0.0,0.0,1.0,0.0,1.0,1.0
902,"[(0, -1, -1, 0), (1, 0, 1, -1)]",1,2,8,0.727272727272727,1_2,0.0,0.0,0.0,0.727272727272727,0.0,0.454545454545454,0.727272727272727
903,"[(0, -1, -1, 0), (1, 0, 1, 0)]",0,1,6,0.6,0_1,0.0,0.0,0.6,0.0,0.19999999999999996,0.0,0.6
904,"[(0, -1, -1, 0), (1, 0, 1, 1)]",1,2,6,0.545454545454545,1_2,0.0,0.0,0.0,0.4545454545454541,0.0,0.181818181818181,0.545454545454545
905,"[(0, -1, -1, 0), (1, 1, -1, 0)]",0,2,7,0.636363636363636,0_2,0.27272727272727204,0.636363636363636,0.0,0.0,0.0,0.0,0.636363636363636
906,"[(0, -1, -1, 0), (1, 1, 0, -1)]",1,2,11,0.846153846153846,1_2,0.0,0.0,0.0,0.846153846153846,0.0,0.6923076923076921,0.846153846153846
907,"[(0, -1, -1, 0), (1, 1, 0, 0)]",1,2,10,0.909090909090909,1_2,0.0,0.0,0.0,0.909090909090909,0.0,0.818181818181818,0.909090909090909
908,"[(0, -1, -1, 0), (1, 1, 0, 1)]",1,2,9,0.818181818181818,1_2,0.0,0.0,0.0,0.818181818181818,0.0,0.636363636363636,0.818181818181818
909,"[(0, -1, -1, 0), (1, 1, 1, 0)]",0,1,5,0.5,0_1,0.0,0.0,0.5,0.0,0.0,0.0,0.5
910,"[(0, -1, -1, 1), (0, -1, 0, -1)]",0,1,6,0.545454545454545,0_1,0.0,0.0,0.545454545454545,0.0,0.09090909090909,0.0,0.545454545454545
911,"[(0, -1, -1, 1), (0, -1, 0, 1)]",1,2,7,0.7,1_2,0.0,0.0,0.0,0.6,0.0,0.49999999999999994,0.7
912,"[(0, -1, -1, 1), (0, -1, 1, -1)]",0,1,6,0.545454545454545,0_1,0.0,0.0,0.4545454545454541,0.0,0.181818181818181,0.0,0.545454545454545
913,"[(0, -1, -1, 1), (0, -1, 1, 0)]",1,2,6,0.545454545454545,1_2,0.0,0.0,0.0,0.545454545454545,0.0,0.09090909090909,0.545454545454545
914,"[(0, -1, -1, 1), (0, -1, 1, 1)]",1,2,7,0.636363636363636,1_2,0.0,0.0,0.0,0.36363636363636304,0.0,0.5454545454545451,0.636363636363636
915,"[(0, -1, -1, 1), (0, 0, -1, -1)]",0,1,6,0.545454545454545,0_1,0.0,0.0,0.272727272727272,0.0,0.363636363636363,0.0,0.545454545454545
916,"[(0, -1, -1, 1), (0, 0, -1, 1)]",0,2,9,0.9,0_2,0.9,0.8,0.0,0.0,0.0,0.0,0.9
917,"[(0, -1, -1, 1), (0, 0, 1, -1)]",1,2,5,0.5,1_2,0.0,0.0,0.0,0.4,0.0,0.09999999999999998,0.5
918,"[(0, -1, -1, 1), (0, 0, 1, 1)]",1,2,8,0.666666666666667,1_2,0.0,0.0,0.0,0.5,0.0,0.5,0.666666666666667
919,"[(0, -1, -1, 1), (0, 1, -1, -1)]",0,2,6,0.6,0_2,0.19999999999999996,0.6,0.0,0.0,0.0,0.0,0.6
920,"[(0, -1, -1, 1), (0, 1, -1, 0)]",0,2,4,0.4,0_2,0.10000000000000003,0.10000000000000003,0.0,0.0,0.0,0.0,0.4
921,"[(0, -1, -1, 1), (0, 1, -1, 1)]",0,2,7,0.583333333333333,0_2,0.33333333333333304,0.4166666666666661,0.0,0.0,0.0,0.0,0.583333333333333
922,"[(0, -1, -1, 1), (0, 1, 0, -1)]",0,1,8,0.727272727272727,0_1,0.0,0.0,0.727272727272727,0.0,0.454545454545454,0.0,0.727272727272727
923,"[(0, -1, -1, 1), (0, 1, 0, 1)]",1,2,10,0.909090909090909,1_2,0.0,0.0,0.0,0.909090909090909,0.0,0.818181818181818,0.909090909090909
924,"[(0, -1, -1, 1), (0, 1, 1, -1)]",0,1,9,0.818181818181818,0_1,0.0,0.0,0.818181818181818,0.0,0.636363636363636,0.0,0.818181818181818
925,"[(0, -1, -1, 1), (0, 1, 1, 0)]",1,2,7,0.636363636363636,1_2,0.0,0.0,0.0,0.5454545454545451,0.0,0.36363636363636304,0.636363636363636
926,"[(0, -1, -1, 1), (0, 1, 1, 1)]",1,2,6,0.6,1_2,0.0,0.0,0.0,0.5,0.0,0.3,0.6
927,"[(0, -1, -1, 1), (1, -1, -1, 0)]",0,2,9,0.75,0_2,0.583333333333333,0.6666666666666667,0.0,0.0,0.0,0.0,0.75
928,"[(0, -1, -1, 1), (1, -1, 0, -1)]",1,2,7,0.636363636363636,1_2,0.0,0.0,0.0,0.5454545454545451,0.0,0.36363636363636304,0.636363636363636
929,"[(0, -1, -1, 1), (1, -1, 0, 0)]",1,2,10,0.833333333333333,1_2,0.0,0.0,0.0,0.7499999999999998,0.0,0.7499999999999998,0.833333333333333
930,"[(0, -1, -1, 1), (1, -1, 0, 1)]",1,2,8,0.666666666666667,1_2,0.0,0.0,0.0,0.5833333333333337,0.0,0.41666666666666696,0.666666666666667
931,"[(0, -1, -1, 1), (1, -1, 1, 0)]",1,2,9,0.818181818181818,1_2,0.0,0.0,0.0,0.818181818181818,0.0,0.636363636363636,0.818181818181818
932,"[(0, -1, -1, 1), (1, 0, -1, -1)]",0,1,5,0.5,0_1,0.0,0.0,0.4,0.0,0.09999999999999998,0.0,0.5
933,"[(0, -1, -1, 1), (1, 0, -1, 0)]",0,2,6,0.6,0_2,0.5,0.3,0.0,0.0,0.0,0.0,0.6
934,"[(0, -1, -1, 1), (1, 0, -1, 1)]",0,2,9,0.75,0_2,0.6666666666666667,0.583333333333333,0.0,0.0,0.0,0.0,0.75
935,"[(0, -1, -1, 1), (1, 0, 0, -1)]",1,2,5,0.5,1_2,0.0,0.0,0.0,0.4,0.0,0.09999999999999998,0.5
936,"[(0, -1, -1, 1), (1, 0, 0, 1)]",1,2,10,0.909090909090909,1_2,0.0,0.0,0.0,0.909090909090909,0.0,0.818181818181818,0.909090909090909
937,"[(0, -1, -1, 1), (1, 0, 1, -1)]",0,1,7,0.583333333333333,0_1,0.0,0.0,0.583333333333333,0.0,0.16666666666666602,0.0,0.583333333333333
938,"[(0, -1, -1, 1), (1, 0, 1, 0)]",1,2,7,0.636363636363636,1_2,0.0,0.0,0.0,0.5454545454545451,0.0,0.36363636363636304,0.636363636363636
939,"[(0, -1, -1, 1), (1, 0, 1, 1)]",1,2,8,0.727272727272727,1_2,0.0,0.0,0.0,0.636363636363636,0.0,0.545454545454545,0.727272727272727
940,"[(0, -1, -1, 1), (1, 1, -1, 0)]",0,2,6,0.545454545454545,0_2,0.181818181818181,0.4545454545454541,0.0,0.0,0.0,0.0,0.545454545454545
941,"[(0, -1, -1, 1), (1, 1, 0, -1)]",0,1,6,0.6,0_1,0.0,0.0,0.5,0.0,0.3,0.0,0.6
942,"[(0, -1, -1, 1), (1, 1, 0, 0)]",1,2,10,0.909090909090909,1_2,0.0,0.0,0.0,0.818181818181818,0.0,0.909090909090909,0.909090909090909
943,"[(0, -1, -1, 1), (1, 1, 0, 1)]",1,2,9,0.75,1_2,0.0,0.0,0.0,0.75,0.0,0.5,0.75
944,"[(0, -1, -1, 1), (1, 1, 1, 0)]",1,2,8,0.727272727272727,1_2,0.0,0.0,0.0,0.727272727272727,0.0,0.454545454545454,0.727272727272727
945,"[(0, -1, 0, -1), (0, -1, 0, 1)]",1,2,9,0.9,1_2,0.0,0.0,0.0,0.9,0.0,0.8,0.9
946,"[(0, -1, 0, -1), (0, -1, 1, -1)]",0,1,8,0.615384615384615,0_1,0.0,0.0,0.38461538461538397,0.0,0.461538461538461,0.0,0.615384615384615
947,"[(0, -1, 0, -1), (0, -1, 1, 0)]",1,2,4,0.4,1_2,0.0,0.0,0.0,0.10000000000000003,0.0,0.10000000000000003,0.4
948,"[(0, -1, 0, -1), (0, -1, 1, 1)]",1,2,6,0.6,1_2,0.0,0.0,0.0,0.5,0.0,0.3,0.6
949,"[(0, -1, 0, -1), (0, 0, -1, -1)]",0,1,6,0.5,0_1,0.0,0.0,0.08333333333333298,0.0,0.4166666666666667,0.0,0.5
950,"[(0, -1, 0, -1), (0, 0, -1, 1)]",1,2,6,0.545454545454545,1_2,0.0,0.0,0.0,0.4545454545454541,0.0,0.181818181818181,0.545454545454545
951,"[(0, -1, 0, -1), (0, 0, 1, -1)]",0,1,5,0.454545454545455,0_1,0.0,0.0,0.090909090909091,0.0,0.272727272727273,0.0,0.454545454545455
952,"[(0, -1, 0, -1), (0, 0, 1, 1)]",1,2,9,0.818181818181818,1_2,0.0,0.0,0.0,0.818181818181818,0.0,0.636363636363636,0.818181818181818
953,"[(0, -1, 0, -1), (0, 1, -1, -1)]",0,1,7,0.583333333333333,0_1,0.0,0.0,0.33333333333333304,0.0,0.4166666666666661,0.0,0.583333333333333
954,"[(0, -1, 0, -1), (0, 1, -1, 0)]",1,2,10,0.833333333333333,1_2,0.0,0.0,0.0,0.833333333333333,0.0,0.6666666666666661,0.833333333333333
955,"[(0, -1, 0, -1), (0, 1, -1, 1)]",1,2,7,0.636363636363636,1_2,0.0,0.0,0.0,0.5454545454545451,0.0,0.36363636363636304,0.636363636363636
956,"[(0, -1, 0, -1), (0, 1, 0, -1)]",0,2,5,0.454545454545455,0_2,0.3636363636363641,0.0,0.0,0.0,0.0,0.0,0.454545454545455
957,"[(0, -1, 0, -1), (0, 1, 0, 1)]",1,2,9,0.818181818181818,1_2,0.0,0.0,0.0,0.818181818181818,0.0,0.636363636363636,0.818181818181818
958,"[(0, -1, 0, -1), (0, 1, 1, -1)]",0,2,5,0.5,0_2,0.09999999999999998,0.4,0.0,0.0,0.0,0.0,0.5
959,"[(0, -1, 0, -1), (0, 1, 1, 0)]",0,2,6,0.5,0_2,0.25,0.25,0.0,0.0,0.0,0.0,0.5
960,"[(0, -1, 0, -1), (0, 1, 1, 1)]",0,1,6,0.6,0_1,0.0,0.0,0.5,0.0,0.3,0.0,0.6
961,"[(0, -1, 0, -1), (1, -1, -1, 0)]",0,1,7,0.636363636363636,0_1,0.0,0.0,0.5454545454545451,0.0,0.36363636363636304,0.0,0.636363636363636
962,"[(0, -1, 0, -1), (1, -1, 0, -1)]",0,2,5,0.454545454545455,0_2,0.272727272727273,0.090909090909091,0.0,0.0,0.0,0.0,0.454545454545455
963,"[(0, -1, 0, -1), (1, -1, 0, 0)]",1,2,8,0.8,1_2,0.0,0.0,0.0,0.7000000000000001,0.0,0.7000000000000001,0.8
964,"[(0, -1, 0, -1), (1, -1, 0, 1)]",1,2,10,0.909090909090909,1_2,0.0,0.0,0.0,0.909090909090909,0.0,0.818181818181818,0.909090909090909
965,"[(0, -1, 0, -1), (1, -1, 1, 0)]",1,2,9,0.818181818181818,1_2,0.0,0.0,0.0,0.636363636363636,0.0,0.818181818181818,0.818181818181818
966,"[(0, -1, 0, -1), (1, 0, -1, -1)]",0,2,5,0.5,0_2,0.2,0.3,0.0,0.0,0.0,0.0,0.5
967,"[(0, -1, 0, -1), (1, 0, -1, 0)]",1,2,7,0.636363636363636,1_2,0.0,0.0,0.0,0.636363636363636,0.0,0.27272727272727204,0.636363636363636
968,"[(0, -1, 0, -1), (1, 0, -1, 1)]",1,2,6,0.6,1_2,0.0,0.0,0.0,0.6,0.0,0.19999999999999996,0.6
969,"[(0, -1, 0, -1), (1, 0, 0, -1)]",0,2,6,0.545454545454545,0_2,0.545454545454545,0.09090909090909,0.0,0.0,0.0,0.0,0.545454545454545
970,"[(0, -1, 0, -1), (1, 0, 0, 1)]",1,2,11,1.0,1_2,0.0,0.0,0.0,1.0,0.0,1.0,1.0
971,"[(0, -1, 0, -1), (1, 0, 1, -1)]",1,2,6,0.545454545454545,1_2,0.0,0.0,0.0,0.272727272727272,0.0,0.363636363636363,0.545454545454545
972,"[(0, -1, 0, -1), (1, 0, 1, 0)]",1,2,5,0.5,1_2,0.0,0.0,0.0,0.2,0.0,0.3,0.5
973,"[(0, -1, 0, -1), (1, 0, 1, 1)]",0,1,6,0.5,0_1,0.0,0.0,0.5,0.0,0.0,0.0,0.5
974,"[(0, -1, 0, -1), (1, 1, -1, 0)]",0,1,9,0.692307692307692,0_1,0.0,0.0,0.538461538461538,0.0,0.538461538461538,0.0,0.692307692307692
975,"[(0, -1, 0, -1), (1, 1, 0, -1)]",0,2,6,0.6,0_2,0.6,0.19999999999999996,0.0,0.0,0.0,0.0,0.6
976,"[(0, -1, 0, -1), (1, 1, 0, 0)]",0,2,4,0.363636363636364,0_2,0.090909090909091,0.0,0.0,0.0,0.0,0.0,0.363636363636364
977,"[(0, -1, 0, -1), (1, 1, 0, 1)]",1,2,10,1.0,1_2,0.0,0.0,0.0,1.0,0.0,1.0,1.0
978,"[(0, -1, 0, -1), (1, 1, 1, 0)]",0,1,4,0.4,0_1,0.0,0.0,0.2,0.0,0.0,0.0,0.4
979,"[(0, -1, 0, 1), (0, -1, 1, -1)]",0,1,9,0.818181818181818,0_1,0.0,0.0,0.7272727272727271,0.0,0.7272727272727271,0.0,0.818181818181818
980,"[(0, -1, 0, 1), (0, -1, 1, 0)]",0,1,9,0.9,0_1,0.0,0.0,0.9,0.0,0.8,0.0,0.9
981,"[(0, -1, 0, 1), (0, -1, 1, 1)]",1,2,5,0.5,1_2,0.0,0.0,0.0,0.4,0.0,0.09999999999999998,0.5
982,"[(0, -1, 0, 1), (0, 0, -1, -1)]",0,1,12,0.923076923076923,0_1,0.0,0.0,0.8461538461538461,0.0,0.923076923076923,0.0,0.923076923076923
983,"[(0, -1, 0, 1), (0, 0, -1, 1)]",0,1,11,0.846153846153846,0_1,0.0,0.0,0.7692307692307692,0.0,0.7692307692307692,0.0,0.846153846153846
984,"[(0, -1, 0, 1), (0, 0, 1, -1)]",0,1,10,0.909090909090909,0_1,0.0,0.0,0.818181818181818,0.0,0.909090909090909,0.0,0.909090909090909
985,"[(0, -1, 0, 1), (0, 0, 1, 1)]",0,1,11,0.916666666666667,0_1,0.0,0.0,0.916666666666667,0.0,0.8333333333333337,0.0,0.916666666666667
986,"[(0, -1, 0, 1), (0, 1, -1, -1)]",0,1,11,1.0,0_1,0.0,0.0,1.0,0.0,1.0,0.0,1.0
987,"[(0, -1, 0, 1), (0, 1, -1, 0)]",0,1,11,0.846153846153846,0_1,0.0,0.0,0.7692307692307692,0.0,0.7692307692307692,0.0,0.846153846153846
988,"[(0, -1, 0, 1), (0, 1, -1, 1)]",0,1,8,0.8,0_1,0.0,0.0,0.6000000000000001,0.0,0.8,0.0,0.8
989,"[(0, -1, 0, 1), (0, 1, 0, -1)]",0,1,10,0.909090909090909,0_1,0.0,0.0,0.909090909090909,0.0,0.818181818181818,0.0,0.909090909090909
990,"[(0, -1, 0, 1), (0, 1, 0, 1)]",1,2,6,0.545454545454545,1_2,0.0,0.0,0.0,0.545454545454545,0.0,0.09090909090909,0.545454545454545
991,"[(0, -1, 0, 1), (0, 1, 1, -1)]",0,1,8,0.727272727272727,0_1,0.0,0.0,0.636363636363636,0.0,0.545454545454545,0.0,0.727272727272727
992,"[(0, -1, 0, 1), (0, 1, 1, 0)]",0,1,9,0.9,0_1,0.0,0.0,0.9,0.0,0.8,0.0,0.9
993,"[(0, -1, 0, 1), (0, 1, 1, 1)]",0,1,5,0.5,0_1,0.0,0.0,0.3,0.0,0.2,0.0,0.5
994,"[(0, -1, 0, 1), (1, -1, -1, 0)]",0,1,7,0.636363636363636,0_1,0.0,0.0,0.45454545454545403,0.0,0.45454545454545403,0.0,0.636363636363636
995,"[(0, -1, 0, 1), (1, -1, 0, -1)]",0,1,7,0.636363636363636,0_1,0.0,0.0,0.5454545454545451,0.0,0.36363636363636304,0.0,0.636363636363636
996,"[(0, -1, 0, 1), (1, -1, 0, 0)]",0,1,7,0.583333333333333,0_1,0.0,0.0,0.583333333333333,0.0,0.16666666666666602,0.0,0.583333333333333
997,"[(0, -1, 0, 1), (1, -1, 0, 1)]",0,1,5,0.454545454545455,0_1,0.0,0.0,0.3636363636363641,0.0,0.0,0.0,0.454545454545455
998,"[(0, -1, 0, 1), (1, -1, 1, 0)]",0,1,7,0.636363636363636,0_1,0.0,0.0,0.5454545454545451,0.0,0.36363636363636304,0.0,0.636363636363636
999,"[(0, -1, 0, 1), (1, 0, -1, -1)]",0,1,10,0.909090909090909,0_1,0.0,0.0,0.909090909090909,0.0,0.818181818181818,0.0,0.909090909090909
1000,"[(0, -1, 0, 1), (1, 0, -1, 0)]",0,1,9,0.9,0_1,0.0,0.0,0.9,0.0,0.8,0.0,0.9
1001,"[(0, -1, 0, 1), (1, 0, -1, 1)]",0,1,8,0.8,0_1,0.0,0.0,0.8,0.0,0.6000000000000001,0.0,0.8
1002,"[(0, -1, 0, 1), (1, 0, 0, -1)]",0,1,11,1.0,0_1,0.0,0.0,1.0,0.0,1.0,0.0,1.0
1003,"[(0, -1, 0, 1), (1, 0, 0, 1)]",0,1,6,0.5,0_1,0.0,0.0,0.4166666666666667,0.0,0.08333333333333298,0.0,0.5
1004,"[(0, -1, 0, 1), (1, 0, 1, -1)]",0,1,8,0.727272727272727,0_1,0.0,0.0,0.636363636363636,0.0,0.545454545454545,0.0,0.727272727272727
1005,"[(0, -1, 0, 1), (1, 0, 1, 0)]",0,1,7,0.7,0_1,0.0,0.0,0.49999999999999994,0.0,0.6,0.0,0.7
1006,"[(0, -1, 0, 1), (1, 0, 1, 1)]",0,1,9,0.818181818181818,0_1,0.0,0.0,0.7272727272727271,0.0,0.7272727272727271,0.0,0.818181818181818
1007,"[(0, -1, 0, 1), (1, 1, -1, 0)]",0,1,9,0.818181818181818,0_1,0.0,0.0,0.818181818181818,0.0,0.636363636363636,0.0,0.818181818181818
1008,"[(0, -1, 0, 1), (1, 1, 0, -1)]",0,1,10,0.909090909090909,0_1,0.0,0.0,0.818181818181818,0.0,0.909090909090909,0.0,0.909090909090909
1009,"[(0, -1, 0, 1), (1, 1, 0, 0)]",1,2,9,0.75,1_2,0.0,0.0,0.0,0.75,0.0,0.5,0.75
1010,"[(0, -1, 0, 1), (1, 1, 0, 1)]",1,2,7,0.7,1_2,0.0,0.0,0.0,0.7,0.0,0.39999999999999997,0.7
1011,"[(0, -1, 0, 1), (1, 1, 1, 0)]",0,1,7,0.583333333333333,0_1,0.0,0.0,0.4166666666666661,0.0,0.33333333333333304,0.0,0.583333333333333
1012,"[(0, -1, 1, -1), (0, -1, 1, 0)]",1,2,5,0.5,1_2,0.0,0.0,0.0,0.2,0.0,0.3,0.5
1013,"[(0, -1, 1, -1), (0, -1, 1, 1)]",1,2,7,0.636363636363636,1_2,0.0,0.0,0.0,0.27272727272727204,0.0,0.636363636363636,0.636363636363636
1014,"[(0, -1, 1, -1), (0, 0, -1, -1)]",0,1,5,0.5,0_1,0.0,0.0,0.2,0.0,0.3,0.0,0.5
1015,"[(0, -1, 1, -1), (0, 0, -1, 1)]",0,1,6,0.6,0_1,0.0,0.0,0.6,0.0,0.19999999999999996,0.0,0.6
1016,"[(0, -1, 1, -1), (0, 0, 1, -1)]",0,2,9,0.75,0_2,0.6666666666666667,0.583333333333333,0.0,0.0,0.0,0.0,0.75
1017,"[(0, -1, 1, -1), (0, 0, 1, 1)]",1,2,8,0.727272727272727,1_2,0.0,0.0,0.0,0.545454545454545,0.0,0.636363636363636,0.727272727272727
1018,"[(0, -1, 1, -1), (0, 1, -1, -1)]",0,2,5,0.5,0_2,0.2,0.3,0.0,0.0,0.0,0.0,0.5
1019,"[(0, -1, 1, -1), (0, 1, -1, 0)]",1,2,7,0.636363636363636,1_2,0.0,0.0,0.0,0.5454545454545451,0.0,0.36363636363636304,0.636363636363636
1020,"[(0, -1, 1, -1), (0, 1, -1, 1)]",0,1,8,0.571428571428571,0_1,0.0,0.0,0.49999999999999956,0.0,0.21428571428571397,0.0,0.571428571428571
1021,"[(0, -1, 1, -1), (0, 1, 0, -1)]",0,2,7,0.636363636363636,0_2,0.45454545454545403,0.45454545454545403,0.0,0.0,0.0,0.0,0.636363636363636
1022,"[(0, -1, 1, -1), (0, 1, 0, 1)]",1,2,9,0.9,1_2,0.0,0.0,0.0,0.9,0.0,0.8,0.9
1023,"[(0, -1, 1, -1), (0, 1, 1, -1)]",0,2,7,0.7,0_2,0.7,0.39999999999999997,0.0,0.0,0.0,0.0,0.7
1024,"[(0, -1, 1, -1), (0, 1, 1, 0)]",1,2,6,0.6,1_2,0.0,0.0,0.0,0.19999999999999996,0.0,0.6,0.6
1025,"[(0, -1, 1, -1), (0, 1, 1, 1)]",1,2,9,0.75,1_2,0.0,0.0,0.0,0.5,0.0,0.75,0.75
1026,"[(0, -1, 1, -1), (1, -1, -1, 0)]",1,2,6,0.6,1_2,0.0,0.0,0.0,0.6,0.0,0.19999999999999996,0.6
1027,"[(0, -1, 1, -1), (1, -1, 0, -1)]",0,2,5,0.454545454545455,0_2,0.181818181818182,0.181818181818182,0.0,0.0,0.0,0.0,0.454545454545455
1028,"[(0, -1, 1, -1), (1, -1, 0, 0)]",1,2,9,0.75,1_2,0.0,0.0,0.0,0.75,0.0,0.5,0.75
1029,"[(0, -1, 1, -1), (1, -1, 0, 1)]",1,2,11,0.916666666666667,1_2,0.0,0.0,0.0,0.916666666666667,0.0,0.8333333333333337,0.916666666666667
1030,"[(0, -1, 1, -1), (1, -1, 1, 0)]",1,2,8,0.666666666666667,1_2,0.0,0.0,0.0,0.41666666666666696,0.0,0.5833333333333337,0.666666666666667
1031,"[(0, -1, 1, -1), (1, 0, -1, -1)]",0,2,4,0.363636363636364,0_2,0.090909090909091,0.0,0.0,0.0,0.0,0.0,0.363636363636364
1032,"[(0, -1, 1, -1), (1, 0, -1, 0)]",0,1,7,0.583333333333333,0_1,0.0,0.0,0.4999999999999997,0.0,0.25000000000000006,0.0,0.583333333333333
1033,"[(0, -1, 1, -1), (1, 0, -1, 1)]",1,2,5,0.5,1_2,0.0,0.0,0.0,0.4,0.0,0.09999999999999998,0.5
1034,"[(0, -1, 1, -1), (1, 0, 0, -1)]",0,2,4,0.363636363636364,0_2,0.090909090909091,0.0,0.0,0.0,0.0,0.0,0.363636363636364
1035,"[(0, -1, 1, -1), (1, 0, 0, 1)]",1,2,11,0.916666666666667,1_2,0.0,0.0,0.0,0.916666666666667,0.0,0.8333333333333337,0.916666666666667
1036,"[(0, -1, 1, -1), (1, 0, 1, -1)]",0,2,6,0.6,0_2,0.6,0.19999999999999996,0.0,0.0,0.0,0.0,0.6
1037,"[(0, -1, 1, -1), (1, 0, 1, 0)]",0,2,5,0.454545454545455,0_2,0.3636363636363641,0.0,0.0,0.0,0.0,0.0,0.454545454545455
1038,"[(0, -1, 1, -1), (1, 0, 1, 1)]",0,1,5,0.416666666666667,0_1,0.0,0.0,0.25,0.0,0.0,0.0,0.416666666666667
1039,"[(0, -1, 1, -1), (1, 1, -1, 0)]",1,2,8,0.8,1_2,0.0,0.0,0.0,0.8,0.0,0.6000000000000001,0.8
1040,"[(0, -1, 1, -1), (1, 1, 0, -1)]",0,2,10,0.833333333333333,0_2,0.7499999999999998,0.7499999999999998,0.0,0.0,0.0,0.0,0.833333333333333
1041,"[(0, -1, 1, -1), (1, 1, 0, 0)]",1,2,11,1.0,1_2,0.0,0.0,0.0,1.0,0.0,1.0,1.0
1042,"[(0, -1, 1, -1), (1, 1, 0, 1)]",1,2,9,0.818181818181818,1_2,0.0,0.0,0.0,0.818181818181818,0.0,0.636363636363636,0.818181818181818
1043,"[(0, -1, 1, -1), (1, 1, 1, 0)]",1,2,6,0.6,1_2,0.0,0.0,0.0,0.19999999999999996,0.0,0.6,0.6
1044,"[(0, -1, 1, 0), (0, -1, 1, 1)]",1,2,5,0.454545454545455,1_2,0.0,0.0,0.0,0.272727272727273,0.0,0.090909090909091,0.454545454545455
1045,"[(0, -1, 1, 0), (0, 0, -1, -1)]",0,1,7,0.7,0_1,0.0,0.0,0.6,0.0,0.49999999999999994,0.0,0.7
1046,"[(0, -1, 1, 0), (0, 0, -1, 1)]",0,1,9,0.818181818181818,0_1,0.0,0.0,0.818181818181818,0.0,0.636363636363636,0.0,0.818181818181818
1047,"[(0, -1, 1, 0), (0, 0, 1, -1)]",0,2,5,0.5,0_2,0.3,0.2,0.0,0.0,0.0,0.0,0.5
1048,"[(0, -1, 1, 0), (0, 0, 1, 1)]",0,2,6,0.545454545454545,0_2,0.363636363636363,0.272727272727272,0.0,0.0,0.0,0.0,0.545454545454545
1049,"[(0, -1, 1, 0), (0, 1, -1, -1)]",0,1,11,0.916666666666667,0_1,0.0,0.0,0.8333333333333337,0.0,0.916666666666667,0.0,0.916666666666667
1050,"[(0, -1, 1, 0), (0, 1, -1, 0)]",0,1,9,0.818181818181818,0_1,0.0,0.0,0.7272727272727271,0.0,0.7272727272727271,0.0,0.818181818181818
1051,"[(0, -1, 1, 0), (0, 1, -1, 1)]",0,1,9,0.818181818181818,0_1,0.0,0.0,0.7272727272727271,0.0,0.7272727272727271,0.0,0.818181818181818
1052,"[(0, -1, 1, 0), (0, 1, 0, -1)]",0,1,6,0.545454545454545,0_1,0.0,0.0,0.181818181818181,0.0,0.4545454545454541,0.0,0.545454545454545
1053,"[(0, -1, 1, 0), (0, 1, 0, 1)]",1,2,8,0.727272727272727,1_2,0.0,0.0,0.0,0.545454545454545,0.0,0.636363636363636,0.727272727272727
1054,"[(0, -1, 1, 0), (0, 1, 1, -1)]",0,1,7,0.636363636363636,0_1,0.0,0.0,0.27272727272727204,0.0,0.636363636363636,0.0,0.636363636363636
1055,"[(0, -1, 1, 0), (0, 1, 1, 0)]",0,2,7,0.583333333333333,0_2,0.33333333333333304,0.4166666666666661,0.0,0.0,0.0,0.0,0.583333333333333
1056,"[(0, -1, 1, 0), (0, 1, 1, 1)]",0,1,5,0.5,0_1,0.0,0.0,0.2,0.0,0.3,0.0,0.5
1057,"[(0, -1, 1, 0), (1, -1, -1, 0)]",0,1,8,0.727272727272727,0_1,0.0,0.0,0.727272727272727,0.0,0.454545454545454,0.0,0.727272727272727
1058,"[(0, -1, 1, 0), (1, -1, 0, -1)]",0,1,7,0.583333333333333,0_1,0.0,0.0,0.4166666666666661,0.0,0.33333333333333304,0.0,0.583333333333333
1059,"[(0, -1, 1, 0), (1, -1, 0, 0)]",1,2,10,0.833333333333333,1_2,0.0,0.0,0.0,0.6666666666666661,0.0,0.833333333333333,0.833333333333333
1060,"[(0, -1, 1, 0), (1, -1, 0, 1)]",1,2,6,0.545454545454545,1_2,0.0,0.0,0.0,0.4545454545454541,0.0,0.181818181818181,0.545454545454545
1061,"[(0, -1, 1, 0), (1, -1, 1, 0)]",0,2,4,0.363636363636364,0_2,0.090909090909091,0.0,0.0,0.0,0.0,0.0,0.363636363636364
1062,"[(0, -1, 1, 0), (1, 0, -1, -1)]",0,1,10,1.0,0_1,0.0,0.0,1.0,0.0,1.0,0.0,1.0
1063,"[(0, -1, 1, 0), (1, 0, -1, 0)]",0,1,8,0.727272727272727,0_1,0.0,0.0,0.636363636363636,0.0,0.545454545454545,0.0,0.727272727272727
1064,"[(0, -1, 1, 0), (1, 0, -1, 1)]",0,1,9,0.818181818181818,0_1,0.0,0.0,0.7272727272727271,0.0,0.7272727272727271,0.0,0.818181818181818
1065,"[(0, -1, 1, 0), (1, 0, 0, -1)]",0,1,7,0.636363636363636,0_1,0.0,0.0,0.5454545454545451,0.0,0.36363636363636304,0.0,0.636363636363636
1066,"[(0, -1, 1, 0), (1, 0, 0, 1)]",1,2,8,0.666666666666667,1_2,0.0,0.0,0.0,0.5833333333333337,0.0,0.41666666666666696,0.666666666666667
1067,"[(0, -1, 1, 0), (1, 0, 1, -1)]",0,1,8,0.8,0_1,0.0,0.0,0.6000000000000001,0.0,0.8,0.0,0.8
1068,"[(0, -1, 1, 0), (1, 0, 1, 0)]",0,2,4,0.4,0_2,0.10000000000000003,0.10000000000000003,0.0,0.0,0.0,0.0,0.4
1069,"[(0, -1, 1, 0), (1, 0, 1, 1)]",0,1,5,0.416666666666667,0_1,0.0,0.0,0.25,0.0,0.0,0.0,0.416666666666667
1070,"[(0, -1, 1, 0), (1, 1, -1, 0)]",0,1,8,0.8,0_1,0.0,0.0,0.7000000000000001,0.0,0.7000000000000001,0.0,0.8
1071,"[(0, -1, 1, 0), (1, 1, 0, -1)]",1,2,7,0.538461538461538,1_2,0.0,0.0,0.0,0.538461538461538,0.0,0.07692307692307598,0.538461538461538
1072,"[(0, -1, 1, 0), (1, 1, 0, 0)]",1,2,6,0.6,1_2,0.0,0.0,0.0,0.39999999999999997,0.0,0.39999999999999997,0.6
1073,"[(0, -1, 1, 0), (1, 1, 0, 1)]",1,2,10,0.833333333333333,1_2,0.0,0.0,0.0,0.7499999999999998,0.0,0.7499999999999998,0.833333333333333
1074,"[(0, -1, 1, 0), (1, 1, 1, 0)]",0,2,7,0.636363636363636,0_2,0.45454545454545403,0.45454545454545403,0.0,0.0,0.0,0.0,0.636363636363636
1075,"[(0, -1, 1, 1), (0, 0, -1, -1)]",0,1,10,0.833333333333333,0_1,0.0,0.0,0.7499999999999998,0.0,0.7499999999999998,0.0,0.833333333333333
1076,"[(0, -1, 1, 1), (0, 0, -1, 1)]",0,1,10,0.833333333333333,0_1,0.0,0.0,0.833333333333333,0.0,0.6666666666666661,0.0,0.833333333333333
1077,"[(0, -1, 1, 1), (0, 0, 1, -1)]",0,1,6,0.6,0_1,0.0,0.0,0.19999999999999996,0.0,0.6,0.0,0.6
1078,"[(0, -1, 1, 1), (0, 0, 1, 1)]",0,1,4,0.363636363636364,0_1,0.0,0.0,0.0,0.0,0.090909090909091,0.0,0.363636363636364
1079,"[(0, -1, 1, 1), (0, 1, -1, -1)]",0,1,9,0.818181818181818,0_1,0.0,0.0,0.818181818181818,0.0,0.636363636363636,0.0,0.818181818181818
1080,"[(0, -1, 1, 1), (0, 1, -1, 0)]",0,1,6,0.5,0_1,0.0,0.0,0.5,0.0,0.0,0.0,0.5
1081,"[(0, -1, 1, 1), (0, 1, -1, 1)]",0,1,5,0.454545454545455,0_1,0.0,0.0,0.3636363636363641,0.0,0.0,0.0,0.454545454545455
1082,"[(0, -1, 1, 1), (0, 1, 0, -1)]",1,2,5,0.5,1_2,0.0,0.0,0.0,0.4,0.0,0.09999999999999998,0.5
1083,"[(0, -1, 1, 1), (0, 1, 0, 1)]",1,2,9,0.818181818181818,1_2,0.0,0.0,0.0,0.7272727272727271,0.0,0.7272727272727271,0.818181818181818
1084,"[(0, -1, 1, 1), (0, 1, 1, -1)]",0,2,4,0.4,0_2,0.10000000000000003,0.10000000000000003,0.0,0.0,0.0,0.0,0.4
1085,"[(0, -1, 1, 1), (0, 1, 1, 0)]",0,2,5,0.5,0_2,0.5,0.0,0.0,0.0,0.0,0.0,0.5
1086,"[(0, -1, 1, 1), (0, 1, 1, 1)]",0,1,5,0.416666666666667,0_1,0.0,0.0,0.08333333333333404,0.0,0.16666666666666702,0.0,0.416666666666667
1087,"[(0, -1, 1, 1), (1, -1, -1, 0)]",0,1,6,0.6,0_1,0.0,0.0,0.5,0.0,0.3,0.0,0.6
1088,"[(0, -1, 1, 1), (1, -1, 0, -1)]",0,1,8,0.666666666666667,0_1,0.0,0.0,0.666666666666667,0.0,0.333333333333334,0.0,0.666666666666667
1089,"[(0, -1, 1, 1), (1, -1, 0, 0)]",1,2,11,1.0,1_2,0.0,0.0,0.0,1.0,0.0,1.0,1.0
1090,"[(0, -1, 1, 1), (1, -1, 0, 1)]",1,2,7,0.7,1_2,0.0,0.0,0.0,0.7,0.0,0.39999999999999997,0.7
1091,"[(0, -1, 1, 1), (1, -1, 1, 0)]",0,1,7,0.636363636363636,0_1,0.0,0.0,0.27272727272727204,0.0,0.636363636363636,0.0,0.636363636363636
1092,"[(0, -1, 1, 1), (1, 0, -1, -1)]",0,1,8,0.727272727272727,0_1,0.0,0.0,0.545454545454545,0.0,0.636363636363636,0.0,0.727272727272727
1093,"[(0, -1, 1, 1), (1, 0, -1, 0)]",0,1,6,0.5,0_1,0.0,0.0,0.4166666666666667,0.0,0.08333333333333298,0.0,0.5
1094,"[(0, -1, 1, 1), (1, 0, -1, 1)]",0,1,7,0.7,0_1,0.0,0.0,0.49999999999999994,0.0,0.6,0.0,0.7
1095,"[(0, -1, 1, 1), (1, 0, 0, -1)]",0,1,8,0.727272727272727,0_1,0.0,0.0,0.545454545454545,0.0,0.636363636363636,0.0,0.727272727272727
1096,"[(0, -1, 1, 1), (1, 0, 0, 1)]",1,2,7,0.636363636363636,1_2,0.0,0.0,0.0,0.45454545454545403,0.0,0.45454545454545403,0.636363636363636
1097,"[(0, -1, 1, 1), (1, 0, 1, -1)]",0,1,5,0.416666666666667,0_1,0.0,0.0,0.08333333333333404,0.0,0.16666666666666702,0.0,0.416666666666667
1098,"[(0, -1, 1, 1), (1, 0, 1, 0)]",1,2,6,0.461538461538462,1_2,0.0,0.0,0.0,0.07692307692307698,0.0,0.30769230769230804,0.461538461538462
1099,"[(0, -1, 1, 1), (1, 0, 1, 1)]",0,1,4,0.363636363636364,0_1,0.0,0.0,0.090909090909091,0.0,0.0,0.0,0.363636363636364
1100,"[(0, -1, 1, 1), (1, 1, -1, 0)]",0,1,5,0.5,0_1,0.0,0.0,0.2,0.0,0.3,0.0,0.5
1101,"[(0, -1, 1, 1), (1, 1, 0, -1)]",0,1,9,0.75,0_1,0.0,0.0,0.583333333333333,0.0,0.6666666666666667,0.0,0.75
1102,"[(0, -1, 1, 1), (1, 1, 0, 0)]",1,2,9,0.818181818181818,1_2,0.0,0.0,0.0,0.7272727272727271,0.0,0.7272727272727271,0.818181818181818
1103,"[(0, -1, 1, 1), (1, 1, 0, 1)]",1,2,11,0.916666666666667,1_2,0.0,0.0,0.0,0.916666666666667,0.0,0.8333333333333337,0.916666666666667
1104,"[(0, -1, 1, 1), (1, 1, 1, 0)]",0,2,5,0.454545454545455,0_2,0.090909090909091,0.272727272727273,0.0,0.0,0.0,0.0,0.454545454545455
1105,"[(0, 0, -1, -1), (0, 0, -1, 1)]",1,2,6,0.6,1_2,0.0,0.0,0.0,0.19999999999999996,0.0,0.6,0.6
1106,"[(0, 0, -1, -1), (0, 0, 1, -1)]",1,2,7,0.538461538461538,1_2,0.0,0.0,0.0,0.15384615384615297,0.0,0.4615384615384611,0.538461538461538
1107,"[(0, 0, -1, -1), (0, 0, 1, 1)]",1,2,9,0.9,1_2,0.0,0.0,0.0,0.9,0.0,0.8,0.9
1108,"[(0, 0, -1, -1), (0, 1, -1, -1)]",0,2,12,0.8,0_2,0.7333333333333334,0.6666666666666671,0.0,0.0,0.0,0.0,0.8
1109,"[(0, 0, -1, -1), (0, 1, -1, 0)]",1,2,7,0.636363636363636,1_2,0.0,0.0,0.0,0.36363636363636304,0.0,0.5454545454545451,0.636363636363636
1110,"[(0, 0, -1, -1), (0, 1, -1, 1)]",0,2,4,0.4,0_2,0.2,0.0,0.0,0.0,0.0,0.0,0.4
1111,"[(0, 0, -1, -1), (0, 1, 0, -1)]",0,1,5,0.384615384615385,0_1,0.0,0.0,0.15384615384615402,0.0,0.0,0.0,0.384615384615385
1112,"[(0, 0, -1, -1), (0, 1, 0, 1)]",1,2,14,1.0,1_2,0.0,0.0,0.0,1.0,0.0,1.0,1.0
1113,"[(0, 0, -1, -1), (0, 1, 1, -1)]",1,2,8,0.666666666666667,1_2,0.0,0.0,0.0,0.5,0.0,0.5,0.666666666666667
1114,"[(0, 0, -1, -1), (0, 1, 1, 0)]",1,2,10,0.909090909090909,1_2,0.0,0.0,0.0,0.818181818181818,0.0,0.909090909090909,0.909090909090909
1115,"[(0, 0, -1, -1), (0, 1, 1, 1)]",1,2,9,0.818181818181818,1_2,0.0,0.0,0.0,0.7272727272727271,0.0,0.7272727272727271,0.818181818181818
1116,"[(0, 0, -1, -1), (1, -1, -1, 0)]",0,2,6,0.545454545454545,0_2,0.4545454545454541,0.181818181818181,0.0,0.0,0.0,0.0,0.545454545454545
1117,"[(0, 0, -1, -1), (1, -1, 0, -1)]",1,2,8,0.727272727272727,1_2,0.0,0.0,0.0,0.545454545454545,0.0,0.636363636363636,0.727272727272727
1118,"[(0, 0, -1, -1), (1, -1, 0, 0)]",1,2,11,1.0,1_2,0.0,0.0,0.0,1.0,0.0,1.0,1.0
1119,"[(0, 0, -1, -1), (1, -1, 0, 1)]",1,2,10,1.0,1_2,0.0,0.0,0.0,1.0,0.0,1.0,1.0
1120,"[(0, 0, -1, -1), (1, -1, 1, 0)]",1,2,6,0.6,1_2,0.0,0.0,0.0,0.39999999999999997,0.0,0.39999999999999997,0.6
1121,"[(0, 0, -1, -1), (1, 0, -1, -1)]",0,2,8,0.727272727272727,0_2,0.545454545454545,0.636363636363636,0.0,0.0,0.0,0.0,0.727272727272727
1122,"[(0, 0, -1, -1), (1, 0, -1, 0)]",1,2,8,0.727272727272727,1_2,0.0,0.0,0.0,0.636363636363636,0.0,0.545454545454545,0.727272727272727
1123,"[(0, 0, -1, -1), (1, 0, -1, 1)]",1,2,7,0.583333333333333,1_2,0.0,0.0,0.0,0.25000000000000006,0.0,0.4999999999999997,0.583333333333333
1124,"[(0, 0, -1, -1), (1, 0, 0, -1)]",1,2,5,0.5,1_2,0.0,0.0,0.0,0.2,0.0,0.3,0.5
1125,"[(0, 0, -1, -1), (1, 0, 0, 1)]",1,2,11,1.0,1_2,0.0,0.0,0.0,1.0,0.0,1.0,1.0
1126,"[(0, 0, -1, -1), (1, 0, 1, -1)]",1,2,6,0.6,1_2,0.0,0.0,0.0,0.39999999999999997,0.0,0.39999999999999997,0.6
1127,"[(0, 0, -1, -1), (1, 0, 1, 0)]",1,2,8,0.8,1_2,0.0,0.0,0.0,0.8,0.0,0.6000000000000001,0.8
1128,"[(0, 0, -1, -1), (1, 0, 1, 1)]",1,2,11,0.916666666666667,1_2,0.0,0.0,0.0,0.916666666666667,0.0,0.8333333333333337,0.916666666666667
1129,"[(0, 0, -1, -1), (1, 1, -1, 0)]",0,2,7,0.636363636363636,0_2,0.36363636363636304,0.5454545454545451,0.0,0.0,0.0,0.0,0.636363636363636
1130,"[(0, 0, -1, -1), (1, 1, 0, -1)]",0,2,5,0.416666666666667,0_2,0.25,0.0,0.0,0.0,0.0,0.0,0.416666666666667
1131,"[(0, 0, -1, -1), (1, 1, 0, 0)]",1,2,10,0.833333333333333,1_2,0.0,0.0,0.0,0.7499999999999998,0.0,0.7499999999999998,0.833333333333333
1132,"[(0, 0, -1, -1), (1, 1, 0, 1)]",1,2,11,1.0,1_2,0.0,0.0,0.0,1.0,0.0,1.0,1.0
1133,"[(0, 0, -1, -1), (1, 1, 1, 0)]",1,2,9,0.818181818181818,1_2,0.0,0.0,0.0,0.818181818181818,0.0,0.636363636363636,0.818181818181818
1134,"[(0, 0, -1, 1), (0, 0, 1, -1)]",0,1,5,0.454545454545455,0_1,0.0,0.0,0.3636363636363641,0.0,0.0,0.0,0.454545454545455
1135,"[(0, 0, -1, 1), (0, 0, 1, 1)]",1,2,5,0.5,1_2,0.0,0.0,0.0,0.4,0.0,0.09999999999999998,0.5
1136,"[(0, 0, -1, 1), (0, 1, -1, -1)]",0,2,6,0.5,0_2,0.08333333333333298,0.4166666666666667,0.0,0.0,0.0,0.0,0.5
1137,"[(0, 0, -1, 1), (0, 1, -1, 0)]",0,2,8,0.666666666666667,0_2,0.5833333333333337,0.41666666666666696,0.0,0.0,0.0,0.0,0.666666666666667
1138,"[(0, 0, -1, 1), (0, 1, -1, 1)]",0,2,6,0.6,0_2,0.5,0.3,0.0,0.0,0.0,0.0,0.6
1139,"[(0, 0, -1, 1), (0, 1, 0, -1)]",1,2,6,0.6,1_2,0.0,0.0,0.0,0.6,0.0,0.19999999999999996,0.6
1140,"[(0, 0, -1, 1), (0, 1, 0, 1)]",1,2,8,0.727272727272727,1_2,0.0,0.0,0.0,0.636363636363636,0.0,0.545454545454545,0.727272727272727
1141,"[(0, 0, -1, 1), (0, 1, 1, -1)]",0,1,5,0.5,0_1,0.0,0.0,0.5,0.0,0.0,0.0,0.5
1142,"[(0, 0, -1, 1), (0, 1, 1, 0)]",1,2,10,0.833333333333333,1_2,0.0,0.0,0.0,0.7499999999999998,0.0,0.7499999999999998,0.833333333333333
1143,"[(0, 0, -1, 1), (0, 1, 1, 1)]",1,2,11,1.0,1_2,0.0,0.0,0.0,1.0,0.0,1.0,1.0
1144,"[(0, 0, -1, 1), (1, -1, -1, 0)]",0,2,8,0.666666666666667,0_2,0.5833333333333337,0.41666666666666696,0.0,0.0,0.0,0.0,0.666666666666667
1145,"[(0, 0, -1, 1), (1, -1, 0, -1)]",1,2,8,0.8,1_2,0.0,0.0,0.0,0.8,0.0,0.6000000000000001,0.8
1146,"[(0, 0, -1, 1), (1, -1, 0, 0)]",1,2,10,0.833333333333333,1_2,0.0,0.0,0.0,0.833333333333333,0.0,0.6666666666666661,0.833333333333333
1147,"[(0, 0, -1, 1), (1, -1, 0, 1)]",1,2,9,0.9,1_2,0.0,0.0,0.0,0.8,0.0,0.9,0.9
1148,"[(0, 0, -1, 1), (1, -1, 1, 0)]",1,2,8,0.666666666666667,1_2,0.0,0.0,0.0,0.5,0.0,0.5,0.666666666666667
1149,"[(0, 0, -1, 1), (1, 0, -1, -1)]",0,1,7,0.583333333333333,0_1,0.0,0.0,0.33333333333333304,0.0,0.4166666666666661,0.0,0.583333333333333
1150,"[(0, 0, -1, 1), (1, 0, -1, 0)]",0,2,6,0.6,0_2,0.3,0.5,0.0,0.0,0.0,0.0,0.6
1151,"[(0, 0, -1, 1), (1, 0, -1, 1)]",1,2,5,0.416666666666667,1_2,0.0,0.0,0.0,0.08333333333333404,0.0,0.16666666666666702,0.416666666666667
1152,"[(0, 0, -1, 1), (1, 0, 0, -1)]",0,1,7,0.538461538461538,0_1,0.0,0.0,0.4615384615384611,0.0,0.15384615384615297,0.0,0.538461538461538
1153,"[(0, 0, -1, 1), (1, 0, 0, 1)]",1,2,11,0.916666666666667,1_2,0.0,0.0,0.0,0.8333333333333337,0.0,0.916666666666667,0.916666666666667
1154,"[(0, 0, -1, 1), (1, 0, 1, -1)]",1,2,6,0.6,1_2,0.0,0.0,0.0,0.6,0.0,0.19999999999999996,0.6
1155,"[(0, 0, -1, 1), (1, 0, 1, 0)]",1,2,9,0.692307692307692,1_2,0.0,0.0,0.0,0.6153846153846151,0.0,0.46153846153846095,0.692307692307692
1156,"[(0, 0, -1, 1), (1, 0, 1, 1)]",0,1,5,0.416666666666667,0_1,0.0,0.0,0.25,0.0,0.0,0.0,0.416666666666667
1157,"[(0, 0, -1, 1), (1, 1, -1, 0)]",0,2,7,0.7,0_2,0.7,0.39999999999999997,0.0,0.0,0.0,0.0,0.7
1158,"[(0, 0, -1, 1), (1, 1, 0, -1)]",1,2,6,0.545454545454545,1_2,0.0,0.0,0.0,0.545454545454545,0.0,0.09090909090909,0.545454545454545
1159,"[(0, 0, -1, 1), (1, 1, 0, 0)]",1,2,10,0.833333333333333,1_2,0.0,0.0,0.0,0.833333333333333,0.0,0.6666666666666661,0.833333333333333
1160,"[(0, 0, -1, 1), (1, 1, 0, 1)]",1,2,7,0.7,1_2,0.0,0.0,0.0,0.6,0.0,0.49999999999999994,0.7
1161,"[(0, 0, -1, 1), (1, 1, 1, 0)]",1,2,8,0.8,1_2,0.0,0.0,0.0,0.8,0.0,0.6000000000000001,0.8
1162,"[(0, 0, 1, -1), (0, 0, 1, 1)]",1,2,5,0.5,1_2,0.0,0.0,0.0,0.09999999999999998,0.0,0.4,0.5
1163,"[(0, 0, 1, -1), (0, 1, -1, -1)]",0,2,5,0.454545454545455,0_2,0.181818181818182,0.181818181818182,0.0,0.0,0.0,0.0,0.454545454545455
1164,"[(0, 0, 1, -1), (0, 1, -1, 0)]",1,2,7,0.583333333333333,1_2,0.0,0.0,0.0,0.583333333333333,0.0,0.16666666666666602,0.583333333333333
1165,"[(0, 0, 1, -1), (0, 1, -1, 1)]",1,2,8,0.727272727272727,1_2,0.0,0.0,0.0,0.727272727272727,0.0,0.454545454545454,0.727272727272727
1166,"[(0, 0, 1, -1), (0, 1, 0, -1)]",0,2,8,0.666666666666667,0_2,0.41666666666666696,0.5833333333333337,0.0,0.0,0.0,0.0,0.666666666666667
1167,"[(0, 0, 1, -1), (0, 1, 0, 1)]",1,2,9,0.9,1_2,0.0,0.0,0.0,0.9,0.0,0.8,0.9
1168,"[(0, 0, 1, -1), (0, 1, 1, -1)]",0,2,8,0.727272727272727,0_2,0.545454545454545,0.636363636363636,0.0,0.0,0.0,0.0,0.727272727272727
1169,"[(0, 0, 1, -1), (0, 1, 1, 0)]",0,2,6,0.545454545454545,0_2,0.181818181818181,0.4545454545454541,0.0,0.0,0.0,0.0,0.545454545454545
1170,"[(0, 0, 1, -1), (0, 1, 1, 1)]",1,2,7,0.583333333333333,1_2,0.0,0.0,0.0,0.4166666666666661,0.0,0.33333333333333304,0.583333333333333
1171,"[(0, 0, 1, -1), (1, -1, -1, 0)]",1,2,7,0.7,1_2,0.0,0.0,0.0,0.6,0.0,0.49999999999999994,0.7
1172,"[(0, 0, 1, -1), (1, -1, 0, -1)]",1,2,5,0.5,1_2,0.0,0.0,0.0,0.2,0.0,0.3,0.5
1173,"[(0, 0, 1, -1), (1, -1, 0, 0)]",1,2,9,0.75,1_2,0.0,0.0,0.0,0.75,0.0,0.5,0.75
1174,"[(0, 0, 1, -1), (1, -1, 0, 1)]",1,2,12,1.0,1_2,0.0,0.0,0.0,1.0,0.0,1.0,1.0
1175,"[(0, 0, 1, -1), (1, -1, 1, 0)]",0,2,5,0.454545454545455,0_2,0.181818181818182,0.181818181818182,0.0,0.0,0.0,0.0,0.454545454545455
1176,"[(0, 0, 1, -1), (1, 0, -1, -1)]",0,1,5,0.5,0_1,0.0,0.0,0.09999999999999998,0.0,0.4,0.0,0.5
1177,"[(0, 0, 1, -1), (1, 0, -1, 0)]",1,2,7,0.583333333333333,1_2,0.0,0.0,0.0,0.4999999999999997,0.0,0.25000000000000006,0.583333333333333
1178,"[(0, 0, 1, -1), (1, 0, -1, 1)]",1,2,7,0.7,1_2,0.0,0.0,0.0,0.7,0.0,0.39999999999999997,0.7
1179,"[(0, 0, 1, -1), (1, 0, 0, -1)]",0,2,6,0.5,0_2,0.5,0.0,0.0,0.0,0.0,0.0,0.5
1180,"[(0, 0, 1, -1), (1, 0, 0, 1)]",1,2,9,0.818181818181818,1_2,0.0,0.0,0.0,0.818181818181818,0.0,0.636363636363636,0.818181818181818
1181,"[(0, 0, 1, -1), (1, 0, 1, -1)]",0,2,9,0.9,0_2,0.8,0.9,0.0,0.0,0.0,0.0,0.9
1182,"[(0, 0, 1, -1), (1, 0, 1, 0)]",0,2,6,0.545454545454545,0_2,0.4545454545454541,0.181818181818181,0.0,0.0,0.0,0.0,0.545454545454545
1183,"[(0, 0, 1, -1), (1, 0, 1, 1)]",1,2,9,0.75,1_2,0.0,0.0,0.0,0.6666666666666667,0.0,0.583333333333333,0.75
1184,"[(0, 0, 1, -1), (1, 1, -1, 0)]",0,1,8,0.727272727272727,0_1,0.0,0.0,0.727272727272727,0.0,0.454545454545454,0.0,0.727272727272727
1185,"[(0, 0, 1, -1), (1, 1, 0, -1)]",0,2,6,0.5,0_2,0.16666666666666702,0.33333333333333304,0.0,0.0,0.0,0.0,0.5
1186,"[(0, 0, 1, -1), (1, 1, 0, 0)]",1,2,9,0.818181818181818,1_2,0.0,0.0,0.0,0.818181818181818,0.0,0.636363636363636,0.818181818181818
1187,"[(0, 0, 1, -1), (1, 1, 0, 1)]",1,2,9,0.818181818181818,1_2,0.0,0.0,0.0,0.818181818181818,0.0,0.636363636363636,0.818181818181818
1188,"[(0, 0, 1, -1), (1, 1, 1, 0)]",1,2,4,0.4,1_2,0.0,0.0,0.0,0.10000000000000003,0.0,0.10000000000000003,0.4
1189,"[(0, 0, 1, 1), (0, 1, -1, -1)]",0,1,11,1.0,0_1,0.0,0.0,1.0,0.0,1.0,0.0,1.0
1190,"[(0, 0, 1, 1), (0, 1, -1, 0)]",0,1,10,0.909090909090909,0_1,0.0,0.0,0.909090909090909,0.0,0.818181818181818,0.0,0.909090909090909
1191,"[(0, 0, 1, 1), (0, 1, -1, 1)]",0,1,8,0.727272727272727,0_1,0.0,0.0,0.636363636363636,0.0,0.545454545454545,0.0,0.727272727272727
1192,"[(0, 0, 1, 1), (0, 1, 0, -1)]",0,1,11,0.916666666666667,0_1,0.0,0.0,0.916666666666667,0.0,0.8333333333333337,0.0,0.916666666666667
1193,"[(0, 0, 1, 1), (0, 1, 0, 1)]",1,2,8,0.8,1_2,0.0,0.0,0.0,0.8,0.0,0.6000000000000001,0.8
1194,"[(0, 0, 1, 1), (0, 1, 1, -1)]",0,1,8,0.727272727272727,0_1,0.0,0.0,0.545454545454545,0.0,0.636363636363636,0.0,0.727272727272727
1195,"[(0, 0, 1, 1), (0, 1, 1, 0)]",0,1,6,0.5,0_1,0.0,0.0,0.33333333333333304,0.0,0.16666666666666702,0.0,0.5
1196,"[(0, 0, 1, 1), (0, 1, 1, 1)]",0,2,7,0.583333333333333,0_2,0.33333333333333304,0.4166666666666661,0.0,0.0,0.0,0.0,0.583333333333333
1197,"[(0, 0, 1, 1), (1, -1, -1, 0)]",0,1,6,0.6,0_1,0.0,0.0,0.6,0.0,0.19999999999999996,0.0,0.6
1198,"[(0, 0, 1, 1), (1, -1, 0, -1)]",0,1,6,0.6,0_1,0.0,0.0,0.6,0.0,0.19999999999999996,0.0,0.6
1199,"[(0, 0, 1, 1), (1, -1, 0, 0)]",0,1,5,0.5,0_1,0.0,0.0,0.5,0.0,0.0,0.0,0.5
1200,"[(0, 0, 1, 1), (1, -1, 0, 1)]",1,2,5,0.5,1_2,0.0,0.0,0.0,0.3,0.0,0.2,0.5
1201,"[(0, 0, 1, 1), (1, -1, 1, 0)]",0,1,4,0.4,0_1,0.0,0.0,0.2,0.0,0.0,0.0,0.4
1202,"[(0, 0, 1, 1), (1, 0, -1, -1)]",0,1,10,0.909090909090909,0_1,0.0,0.0,0.909090909090909,0.0,0.818181818181818,0.0,0.909090909090909
1203,"[(0, 0, 1, 1), (1, 0, -1, 0)]",0,1,9,0.75,0_1,0.0,0.0,0.75,0.0,0.5,0.0,0.75
1204,"[(0, 0, 1, 1), (1, 0, -1, 1)]",0,1,8,0.727272727272727,0_1,0.0,0.0,0.636363636363636,0.0,0.545454545454545,0.0,0.727272727272727
1205,"[(0, 0, 1, 1), (1, 0, 0, -1)]",0,1,8,0.666666666666667,0_1,0.0,0.0,0.5833333333333337,0.0,0.41666666666666696,0.0,0.666666666666667
1206,"[(0, 0, 1, 1), (1, 0, 0, 1)]",1,2,10,0.833333333333333,1_2,0.0,0.0,0.0,0.7499999999999998,0.0,0.7499999999999998,0.833333333333333
1207,"[(0, 0, 1, 1), (1, 0, 1, -1)]",0,1,7,0.7,0_1,0.0,0.0,0.39999999999999997,0.0,0.7,0.0,0.7
1208,"[(0, 0, 1, 1), (1, 0, 1, 0)]",0,2,7,0.583333333333333,0_2,0.4166666666666661,0.33333333333333304,0.0,0.0,0.0,0.0,0.583333333333333
1209,"[(0, 0, 1, 1), (1, 0, 1, 1)]",0,2,8,0.727272727272727,0_2,0.727272727272727,0.454545454545454,0.0,0.0,0.0,0.0,0.727272727272727
1210,"[(0, 0, 1, 1), (1, 1, -1, 0)]",0,1,9,0.75,0_1,0.0,0.0,0.75,0.0,0.5,0.0,0.75
1211,"[(0, 0, 1, 1), (1, 1, 0, -1)]",0,1,8,0.727272727272727,0_1,0.0,0.0,0.636363636363636,0.0,0.545454545454545,0.0,0.727272727272727
1212,"[(0, 0, 1, 1), (1, 1, 0, 0)]",1,2,9,0.818181818181818,1_2,0.0,0.0,0.0,0.818181818181818,0.0,0.636363636363636,0.818181818181818
1213,"[(0, 0, 1, 1), (1, 1, 0, 1)]",1,2,6,0.6,1_2,0.0,0.0,0.0,0.6,0.0,0.19999999999999996,0.6
1214,"[(0, 0, 1, 1), (1, 1, 1, 0)]",0,2,7,0.583333333333333,0_2,0.4166666666666661,0.33333333333333304,0.0,0.0,0.0,0.0,0.583333333333333
1215,"[(0, 1, -1, -1), (0, 1, -1, 0)]",1,2,7,0.583333333333333,1_2,0.0,0.0,0.0,0.25000000000000006,0.0,0.4999999999999997,0.583333333333333
1216,"[(0, 1, -1, -1), (0, 1, -1, 1)]",1,2,8,0.666666666666667,1_2,0.0,0.0,0.0,0.333333333333334,0.0,0.666666666666667,0.666666666666667
1217,"[(0, 1, -1, -1), (0, 1, 0, -1)]",1,2,4,0.4,1_2,0.0,0.0,0.0,0.10000000000000003,0.0,0.10000000000000003,0.4
1218,"[(0, 1, -1, -1), (0, 1, 0, 1)]",1,2,7,0.7,1_2,0.0,0.0,0.0,0.7,0.0,0.39999999999999997,0.7
1219,"[(0, 1, -1, -1), (0, 1, 1, -1)]",0,2,5,0.5,0_2,0.3,0.2,0.0,0.0,0.0,0.0,0.5
1220,"[(0, 1, -1, -1), (0, 1, 1, 0)]",1,2,8,0.8,1_2,0.0,0.0,0.0,0.7000000000000001,0.0,0.7000000000000001,0.8
1221,"[(0, 1, -1, -1), (0, 1, 1, 1)]",1,2,11,1.0,1_2,0.0,0.0,0.0,1.0,0.0,1.0,1.0
1222,"[(0, 1, -1, -1), (1, -1, -1, 0)]",0,2,6,0.5,0_2,0.4166666666666667,0.08333333333333298,0.0,0.0,0.0,0.0,0.5
1223,"[(0, 1, -1, -1), (1, -1, 0, -1)]",1,2,8,0.8,1_2,0.0,0.0,0.0,0.6000000000000001,0.0,0.8,0.8
1224,"[(0, 1, -1, -1), (1, -1, 0, 0)]",1,2,10,1.0,1_2,0.0,0.0,0.0,1.0,0.0,1.0,1.0
1225,"[(0, 1, -1, -1), (1, -1, 0, 1)]",1,2,9,0.818181818181818,1_2,0.0,0.0,0.0,0.818181818181818,0.0,0.636363636363636,0.818181818181818
1226,"[(0, 1, -1, -1), (1, -1, 1, 0)]",1,2,9,0.818181818181818,1_2,0.0,0.0,0.0,0.818181818181818,0.0,0.636363636363636,0.818181818181818
1227,"[(0, 1, -1, -1), (1, 0, -1, -1)]",0,2,7,0.636363636363636,0_2,0.5454545454545451,0.36363636363636304,0.0,0.0,0.0,0.0,0.636363636363636
1228,"[(0, 1, -1, -1), (1, 0, -1, 0)]",1,2,6,0.545454545454545,1_2,0.0,0.0,0.0,0.09090909090909,0.0,0.545454545454545,0.545454545454545
1229,"[(0, 1, -1, -1), (1, 0, -1, 1)]",1,2,5,0.454545454545455,1_2,0.0,0.0,0.0,0.090909090909091,0.0,0.272727272727273,0.454545454545455
1230,"[(0, 1, -1, -1), (1, 0, 0, -1)]",1,2,10,0.909090909090909,1_2,0.0,0.0,0.0,0.909090909090909,0.0,0.818181818181818,0.909090909090909
1231,"[(0, 1, -1, -1), (1, 0, 0, 1)]",1,2,9,0.9,1_2,0.0,0.0,0.0,0.8,0.0,0.9,0.9
1232,"[(0, 1, -1, -1), (1, 0, 1, -1)]",0,1,5,0.454545454545455,0_1,0.0,0.0,0.181818181818182,0.0,0.181818181818182,0.0,0.454545454545455
1233,"[(0, 1, -1, -1), (1, 0, 1, 0)]",1,2,11,0.916666666666667,1_2,0.0,0.0,0.0,0.916666666666667,0.0,0.8333333333333337,0.916666666666667
1234,"[(0, 1, -1, -1), (1, 0, 1, 1)]",1,2,10,0.909090909090909,1_2,0.0,0.0,0.0,0.818181818181818,0.0,0.909090909090909,0.909090909090909
1235,"[(0, 1, -1, -1), (1, 1, -1, 0)]",1,2,7,0.636363636363636,1_2,0.0,0.0,0.0,0.45454545454545403,0.0,0.45454545454545403,0.636363636363636
1236,"[(0, 1, -1, -1), (1, 1, 0, -1)]",0,2,5,0.454545454545455,0_2,0.272727272727273,0.090909090909091,0.0,0.0,0.0,0.0,0.454545454545455
1237,"[(0, 1, -1, -1), (1, 1, 0, 0)]",1,2,9,0.818181818181818,1_2,0.0,0.0,0.0,0.7272727272727271,0.0,0.7272727272727271,0.818181818181818
1238,"[(0, 1, -1, -1), (1, 1, 0, 1)]",1,2,9,0.9,1_2,0.0,0.0,0.0,0.9,0.0,0.8,0.9
1239,"[(0, 1, -1, -1), (1, 1, 1, 0)]",1,2,9,0.9,1_2,0.0,0.0,0.0,0.8,0.0,0.9,0.9
1240,"[(0, 1, -1, 0), (0, 1, -1, 1)]",0,2,6,0.6,0_2,0.5,0.3,0.0,0.0,0.0,0.0,0.6
1241,"[(0, 1, -1, 0), (0, 1, 0, -1)]",0,1,7,0.583333333333333,0_1,0.0,0.0,0.583333333333333,0.0,0.16666666666666602,0.0,0.583333333333333
1242,"[(0, 1, -1, 0), (0, 1, 0, 1)]",1,2,7,0.7,1_2,0.0,0.0,0.0,0.6,0.0,0.49999999999999994,0.7
1243,"[(0, 1, -1, 0), (0, 1, 1, -1)]",0,1,7,0.636363636363636,0_1,0.0,0.0,0.5454545454545451,0.0,0.36363636363636304,0.0,0.636363636363636
1244,"[(0, 1, -1, 0), (0, 1, 1, 0)]",1,2,8,0.8,1_2,0.0,0.0,0.0,0.7000000000000001,0.0,0.7000000000000001,0.8
1245,"[(0, 1, -1, 0), (0, 1, 1, 1)]",1,2,6,0.5,1_2,0.0,0.0,0.0,0.33333333333333304,0.0,0.16666666666666702,0.5
1246,"[(0, 1, -1, 0), (1, -1, -1, 0)]",0,2,8,0.727272727272727,0_2,0.636363636363636,0.545454545454545,0.0,0.0,0.0,0.0,0.727272727272727
1247,"[(0, 1, -1, 0), (1, -1, 0, -1)]",0,1,6,0.545454545454545,0_1,0.0,0.0,0.4545454545454541,0.0,0.181818181818181,0.0,0.545454545454545
1248,"[(0, 1, -1, 0), (1, -1, 0, 0)]",1,2,10,1.0,1_2,0.0,0.0,0.0,1.0,0.0,1.0,1.0
1249,"[(0, 1, -1, 0), (1, -1, 0, 1)]",1,2,7,0.7,1_2,0.0,0.0,0.0,0.49999999999999994,0.0,0.6,0.7
1250,"[(0, 1, -1, 0), (1, -1, 1, 0)]",1,2,9,0.75,1_2,0.0,0.0,0.0,0.75,0.0,0.5,0.75
1251,"[(0, 1, -1, 0), (1, 0, -1, -1)]",0,1,5,0.5,0_1,0.0,0.0,0.0,0.0,0.5,0.0,0.5
1252,"[(0, 1, -1, 0), (1, 0, -1, 0)]",0,2,4,0.363636363636364,0_2,0.090909090909091,0.0,0.0,0.0,0.0,0.0,0.363636363636364
1253,"[(0, 1, -1, 0), (1, 0, -1, 1)]",0,2,6,0.6,0_2,0.39999999999999997,0.39999999999999997,0.0,0.0,0.0,0.0,0.6
1254,"[(0, 1, -1, 0), (1, 0, 0, -1)]",0,1,6,0.6,0_1,0.0,0.0,0.6,0.0,0.19999999999999996,0.0,0.6
1255,"[(0, 1, -1, 0), (1, 0, 0, 1)]",1,2,11,0.916666666666667,1_2,0.0,0.0,0.0,0.916666666666667,0.0,0.8333333333333337,0.916666666666667
1256,"[(0, 1, -1, 0), (1, 0, 1, -1)]",0,1,6,0.5,0_1,0.0,0.0,0.5,0.0,0.0,0.0,0.5
1257,"[(0, 1, -1, 0), (1, 0, 1, 0)]",1,2,8,0.727272727272727,1_2,0.0,0.0,0.0,0.545454545454545,0.0,0.636363636363636,0.727272727272727
1258,"[(0, 1, -1, 0), (1, 0, 1, 1)]",1,2,10,0.909090909090909,1_2,0.0,0.0,0.0,0.818181818181818,0.0,0.909090909090909,0.909090909090909
1259,"[(0, 1, -1, 0), (1, 1, -1, 0)]",0,2,4,0.4,0_2,0.10000000000000003,0.10000000000000003,0.0,0.0,0.0,0.0,0.4
1260,"[(0, 1, -1, 0), (1, 1, 0, -1)]",0,1,5,0.5,0_1,0.0,0.0,0.3,0.0,0.2,0.0,0.5
1261,"[(0, 1, -1, 0), (1, 1, 0, 0)]",1,2,13,1.0,1_2,0.0,0.0,0.0,1.0,0.0,1.0,1.0
1262,"[(0, 1, -1, 0), (1, 1, 0, 1)]",1,2,8,0.666666666666667,1_2,0.0,0.0,0.0,0.41666666666666696,0.0,0.5833333333333337,0.666666666666667
1263,"[(0, 1, -1, 0), (1, 1, 1, 0)]",1,2,9,0.75,1_2,0.0,0.0,0.0,0.6666666666666667,0.0,0.583333333333333,0.75
1264,"[(0, 1, -1, 1), (0, 1, 0, -1)]",1,2,9,0.692307692307692,1_2,0.0,0.0,0.0,0.6153846153846151,0.0,0.46153846153846095,0.692307692307692
1265,"[(0, 1, -1, 1), (0, 1, 0, 1)]",1,2,7,0.7,1_2,0.0,0.0,0.0,0.6,0.0,0.49999999999999994,0.7
1266,"[(0, 1, -1, 1), (0, 1, 1, -1)]",0,1,10,0.909090909090909,0_1,0.0,0.0,0.909090909090909,0.0,0.818181818181818,0.0,0.909090909090909
1267,"[(0, 1, -1, 1), (0, 1, 1, 0)]",1,2,5,0.5,1_2,0.0,0.0,0.0,0.4,0.0,0.09999999999999998,0.5
1268,"[(0, 1, -1, 1), (0, 1, 1, 1)]",1,2,7,0.7,1_2,0.0,0.0,0.0,0.6,0.0,0.49999999999999994,0.7
1269,"[(0, 1, -1, 1), (1, -1, -1, 0)]",0,2,7,0.7,0_2,0.7,0.39999999999999997,0.0,0.0,0.0,0.0,0.7
1270,"[(0, 1, -1, 1), (1, -1, 0, -1)]",1,2,5,0.5,1_2,0.0,0.0,0.0,0.3,0.0,0.2,0.5
1271,"[(0, 1, -1, 1), (1, -1, 0, 0)]",1,2,9,0.818181818181818,1_2,0.0,0.0,0.0,0.818181818181818,0.0,0.636363636363636,0.818181818181818
1272,"[(0, 1, -1, 1), (1, -1, 0, 1)]",1,2,9,0.9,1_2,0.0,0.0,0.0,0.8,0.0,0.9,0.9
1273,"[(0, 1, -1, 1), (1, -1, 1, 0)]",1,2,8,0.8,1_2,0.0,0.0,0.0,0.8,0.0,0.6000000000000001,0.8
1274,"[(0, 1, -1, 1), (1, 0, -1, -1)]",0,1,6,0.545454545454545,0_1,0.0,0.0,0.272727272727272,0.0,0.363636363636363,0.0,0.545454545454545
1275,"[(0, 1, -1, 1), (1, 0, -1, 0)]",0,2,8,0.666666666666667,0_2,0.5,0.5,0.0,0.0,0.0,0.0,0.666666666666667
1276,"[(0, 1, -1, 1), (1, 0, -1, 1)]",0,2,9,0.75,0_2,0.6666666666666667,0.583333333333333,0.0,0.0,0.0,0.0,0.75
1277,"[(0, 1, -1, 1), (1, 0, 0, -1)]",1,2,7,0.636363636363636,1_2,0.0,0.0,0.0,0.636363636363636,0.0,0.27272727272727204,0.636363636363636
1278,"[(0, 1, -1, 1), (1, 0, 0, 1)]",1,2,9,0.9,1_2,0.0,0.0,0.0,0.9,0.0,0.8,0.9
1279,"[(0, 1, -1, 1), (1, 0, 1, -1)]",0,1,6,0.6,0_1,0.0,0.0,0.6,0.0,0.19999999999999996,0.0,0.6
1280,"[(0, 1, -1, 1), (1, 0, 1, 0)]",1,2,8,0.8,1_2,0.0,0.0,0.0,0.7000000000000001,0.0,0.7000000000000001,0.8
1281,"[(0, 1, -1, 1), (1, 0, 1, 1)]",1,2,8,0.8,1_2,0.0,0.0,0.0,0.8,0.0,0.6000000000000001,0.8
1282,"[(0, 1, -1, 1), (1, 1, -1, 0)]",0,2,9,0.818181818181818,0_2,0.636363636363636,0.818181818181818,0.0,0.0,0.0,0.0,0.818181818181818
1283,"[(0, 1, -1, 1), (1, 1, 0, -1)]",0,1,6,0.545454545454545,0_1,0.0,0.0,0.4545454545454541,0.0,0.181818181818181,0.0,0.545454545454545
1284,"[(0, 1, -1, 1), (1, 1, 0, 0)]",1,2,9,0.818181818181818,1_2,0.0,0.0,0.0,0.818181818181818,0.0,0.636363636363636,0.818181818181818
1285,"[(0, 1, -1, 1), (1, 1, 0, 1)]",1,2,10,0.833333333333333,1_2,0.0,0.0,0.0,0.833333333333333,0.0,0.6666666666666661,0.833333333333333
1286,"[(0, 1, -1, 1), (1, 1, 1, 0)]",1,2,9,0.818181818181818,1_2,0.0,0.0,0.0,0.818181818181818,0.0,0.636363636363636,0.818181818181818
1287,"[(0, 1, 0, -1), (0, 1, 0, 1)]",1,2,12,1.0,1_2,0.0,0.0,0.0,1.0,0.0,1.0,1.0
1288,"[(0, 1, 0, -1), (0, 1, 1, -1)]",0,2,7,0.636363636363636,0_2,0.45454545454545403,0.45454545454545403,0.0,0.0,0.0,0.0,0.636363636363636
1289,"[(0, 1, 0, -1), (0, 1, 1, 0)]",0,1,4,0.4,0_1,0.0,0.0,0.2,0.0,0.0,0.0,0.4
1290,"[(0, 1, 0, -1), (0, 1, 1, 1)]",1,2,8,0.727272727272727,1_2,0.0,0.0,0.0,0.545454545454545,0.0,0.636363636363636,0.727272727272727
1291,"[(0, 1, 0, -1), (1, -1, -1, 0)]",1,2,6,0.6,1_2,0.0,0.0,0.0,0.5,0.0,0.3,0.6
1292,"[(0, 1, 0, -1), (1, -1, 0, -1)]",0,2,7,0.636363636363636,0_2,0.636363636363636,0.27272727272727204,0.0,0.0,0.0,0.0,0.636363636363636
1293,"[(0, 1, 0, -1), (1, -1, 0, 0)]",1,2,9,0.75,1_2,0.0,0.0,0.0,0.6666666666666667,0.0,0.583333333333333,0.75
1294,"[(0, 1, 0, -1), (1, -1, 0, 1)]",1,2,10,0.833333333333333,1_2,0.0,0.0,0.0,0.833333333333333,0.0,0.6666666666666661,0.833333333333333
1295,"[(0, 1, 0, -1), (1, -1, 1, 0)]",1,2,7,0.583333333333333,1_2,0.0,0.0,0.0,0.4999999999999997,0.0,0.25000000000000006,0.583333333333333
1296,"[(0, 1, 0, -1), (1, 0, -1, -1)]",0,2,6,0.5,0_2,0.16666666666666702,0.33333333333333304,0.0,0.0,0.0,0.0,0.5
1297,"[(0, 1, 0, -1), (1, 0, -1, 0)]",0,1,7,0.583333333333333,0_1,0.0,0.0,0.583333333333333,0.0,0.16666666666666602,0.0,0.583333333333333
1298,"[(0, 1, 0, -1), (1, 0, -1, 1)]",0,1,5,0.454545454545455,0_1,0.0,0.0,0.3636363636363641,0.0,0.0,0.0,0.454545454545455
1299,"[(0, 1, 0, -1), (1, 0, 0, -1)]",0,2,5,0.5,0_2,0.5,0.0,0.0,0.0,0.0,0.0,0.5
1300,"[(0, 1, 0, -1), (1, 0, 0, 1)]",1,2,7,0.583333333333333,1_2,0.0,0.0,0.0,0.583333333333333,0.0,0.16666666666666602,0.583333333333333
1301,"[(0, 1, 0, -1), (1, 0, 1, -1)]",0,2,6,0.6,0_2,0.19999999999999996,0.6,0.0,0.0,0.0,0.0,0.6
1302,"[(0, 1, 0, -1), (1, 0, 1, 0)]",0,1,5,0.416666666666667,0_1,0.0,0.0,0.25,0.0,0.0,0.0,0.416666666666667
1303,"[(0, 1, 0, -1), (1, 0, 1, 1)]",0,1,6,0.6,0_1,0.0,0.0,0.6,0.0,0.19999999999999996,0.0,0.6
1304,"[(0, 1, 0, -1), (1, 1, -1, 0)]",0,1,5,0.5,0_1,0.0,0.0,0.4,0.0,0.09999999999999998,0.0,0.5
1305,"[(0, 1, 0, -1), (1, 1, 0, -1)]",0,2,7,0.636363636363636,0_2,0.45454545454545403,0.45454545454545403,0.0,0.0,0.0,0.0,0.636363636363636
1306,"[(0, 1, 0, -1), (1, 1, 0, 0)]",1,2,9,0.75,1_2,0.0,0.0,0.0,0.583333333333333,0.0,0.6666666666666667,0.75
1307,"[(0, 1, 0, -1), (1, 1, 0, 1)]",1,2,8,0.8,1_2,0.0,0.0,0.0,0.8,0.0,0.6000000000000001,0.8
1308,"[(0, 1, 0, -1), (1, 1, 1, 0)]",1,2,5,0.5,1_2,0.0,0.0,0.0,0.2,0.0,0.3,0.5
1309,"[(0, 1, 0, 1), (0, 1, 1, -1)]",0,1,10,1.0,0_1,0.0,0.0,1.0,0.0,1.0,0.0,1.0
1310,"[(0, 1, 0, 1), (0, 1, 1, 0)]",0,1,8,0.8,0_1,0.0,0.0,0.7000000000000001,0.0,0.7000000000000001,0.0,0.8
1311,"[(0, 1, 0, 1), (0, 1, 1, 1)]",0,1,6,0.6,0_1,0.0,0.0,0.6,0.0,0.19999999999999996,0.0,0.6
1312,"[(0, 1, 0, 1), (1, -1, -1, 0)]",0,1,9,0.9,0_1,0.0,0.0,0.9,0.0,0.8,0.0,0.9
1313,"[(0, 1, 0, 1), (1, -1, 0, -1)]",0,1,6,0.545454545454545,0_1,0.0,0.0,0.4545454545454541,0.0,0.181818181818181,0.0,0.545454545454545
1314,"[(0, 1, 0, 1), (1, -1, 0, 0)]",0,1,6,0.6,0_1,0.0,0.0,0.5,0.0,0.3,0.0,0.6
1315,"[(0, 1, 0, 1), (1, -1, 0, 1)]",0,1,5,0.454545454545455,0_1,0.0,0.0,0.272727272727273,0.0,0.090909090909091,0.0,0.454545454545455
1316,"[(0, 1, 0, 1), (1, -1, 1, 0)]",0,1,7,0.636363636363636,0_1,0.0,0.0,0.45454545454545403,0.0,0.45454545454545403,0.0,0.636363636363636
1317,"[(0, 1, 0, 1), (1, 0, -1, -1)]",0,1,10,1.0,0_1,0.0,0.0,1.0,0.0,1.0,0.0,1.0
1318,"[(0, 1, 0, 1), (1, 0, -1, 0)]",0,1,9,0.818181818181818,0_1,0.0,0.0,0.7272727272727271,0.0,0.7272727272727271,0.0,0.818181818181818
1319,"[(0, 1, 0, 1), (1, 0, -1, 1)]",0,1,10,0.909090909090909,0_1,0.0,0.0,0.909090909090909,0.0,0.818181818181818,0.0,0.909090909090909
1320,"[(0, 1, 0, 1), (1, 0, 0, -1)]",0,1,9,0.75,0_1,0.0,0.0,0.6666666666666667,0.0,0.583333333333333,0.0,0.75
1321,"[(0, 1, 0, 1), (1, 0, 0, 1)]",1,2,6,0.6,1_2,0.0,0.0,0.0,0.5,0.0,0.3,0.6
1322,"[(0, 1, 0, 1), (1, 0, 1, -1)]",0,1,11,1.0,0_1,0.0,0.0,1.0,0.0,1.0,0.0,1.0
1323,"[(0, 1, 0, 1), (1, 0, 1, 0)]",0,1,9,0.9,0_1,0.0,0.0,0.8,0.0,0.9,0.0,0.9
1324,"[(0, 1, 0, 1), (1, 0, 1, 1)]",0,1,7,0.7,0_1,0.0,0.0,0.39999999999999997,0.0,0.7,0.0,0.7
1325,"[(0, 1, 0, 1), (1, 1, -1, 0)]",0,1,7,0.7,0_1,0.0,0.0,0.7,0.0,0.39999999999999997,0.0,0.7
1326,"[(0, 1, 0, 1), (1, 1, 0, -1)]",0,1,8,0.8,0_1,0.0,0.0,0.8,0.0,0.6000000000000001,0.0,0.8
1327,"[(0, 1, 0, 1), (1, 1, 0, 0)]",1,2,9,0.75,1_2,0.0,0.0,0.0,0.75,0.0,0.5,0.75
1328,"[(0, 1, 0, 1), (1, 1, 0, 1)]",1,2,7,0.636363636363636,1_2,0.0,0.0,0.0,0.5454545454545451,0.0,0.36363636363636304,0.636363636363636
1329,"[(0, 1, 0, 1), (1, 1, 1, 0)]",0,1,9,0.75,0_1,0.0,0.0,0.6666666666666667,0.0,0.583333333333333,0.0,0.75
1330,"[(0, 1, 1, -1), (0, 1, 1, 0)]",0,2,6,0.6,0_2,0.5,0.3,0.0,0.0,0.0,0.0,0.6
1331,"[(0, 1, 1, -1), (0, 1, 1, 1)]",1,2,8,0.8,1_2,0.0,0.0,0.0,0.7000000000000001,0.0,0.7000000000000001,0.8
1332,"[(0, 1, 1, -1), (1, -1, -1, 0)]",1,2,8,0.727272727272727,1_2,0.0,0.0,0.0,0.636363636363636,0.0,0.545454545454545,0.727272727272727
1333,"[(0, 1, 1, -1), (1, -1, 0, -1)]",0,2,7,0.7,0_2,0.7,0.39999999999999997,0.0,0.0,0.0,0.0,0.7
1334,"[(0, 1, 1, -1), (1, -1, 0, 0)]",1,2,10,0.909090909090909,1_2,0.0,0.0,0.0,0.909090909090909,0.0,0.818181818181818,0.909090909090909
1335,"[(0, 1, 1, -1), (1, -1, 0, 1)]",1,2,11,0.916666666666667,1_2,0.0,0.0,0.0,0.916666666666667,0.0,0.8333333333333337,0.916666666666667
1336,"[(0, 1, 1, -1), (1, -1, 1, 0)]",1,2,6,0.545454545454545,1_2,0.0,0.0,0.0,0.09090909090909,0.0,0.545454545454545,0.545454545454545
1337,"[(0, 1, 1, -1), (1, 0, -1, -1)]",0,1,5,0.416666666666667,0_1,0.0,0.0,0.08333333333333404,0.0,0.16666666666666702,0.0,0.416666666666667
1338,"[(0, 1, 1, -1), (1, 0, -1, 0)]",1,2,6,0.6,1_2,0.0,0.0,0.0,0.6,0.0,0.19999999999999996,0.6
1339,"[(0, 1, 1, -1), (1, 0, -1, 1)]",1,2,9,0.818181818181818,1_2,0.0,0.0,0.0,0.818181818181818,0.0,0.636363636363636,0.818181818181818
1340,"[(0, 1, 1, -1), (1, 0, 0, -1)]",1,2,6,0.6,1_2,0.0,0.0,0.0,0.19999999999999996,0.0,0.6,0.6
1341,"[(0, 1, 1, -1), (1, 0, 0, 1)]",1,2,11,1.0,1_2,0.0,0.0,0.0,1.0,0.0,1.0,1.0
1342,"[(0, 1, 1, -1), (1, 0, 1, -1)]",0,2,7,0.636363636363636,0_2,0.45454545454545403,0.45454545454545403,0.0,0.0,0.0,0.0,0.636363636363636
1343,"[(0, 1, 1, -1), (1, 0, 1, 0)]",1,2,8,0.666666666666667,1_2,0.0,0.0,0.0,0.5833333333333337,0.0,0.41666666666666696,0.666666666666667
1344,"[(0, 1, 1, -1), (1, 0, 1, 1)]",1,2,10,0.833333333333333,1_2,0.0,0.0,0.0,0.7499999999999998,0.0,0.7499999999999998,0.833333333333333
1345,"[(0, 1, 1, -1), (1, 1, -1, 0)]",1,2,5,0.454545454545455,1_2,0.0,0.0,0.0,0.272727272727273,0.0,0.090909090909091,0.454545454545455
1346,"[(0, 1, 1, -1), (1, 1, 0, -1)]",1,2,6,0.545454545454545,1_2,0.0,0.0,0.0,0.272727272727272,0.0,0.363636363636363,0.545454545454545
1347,"[(0, 1, 1, -1), (1, 1, 0, 0)]",1,2,9,0.818181818181818,1_2,0.0,0.0,0.0,0.7272727272727271,0.0,0.7272727272727271,0.818181818181818
1348,"[(0, 1, 1, -1), (1, 1, 0, 1)]",1,2,11,1.0,1_2,0.0,0.0,0.0,1.0,0.0,1.0,1.0
1349,"[(0, 1, 1, -1), (1, 1, 1, 0)]",1,2,10,0.909090909090909,1_2,0.0,0.0,0.0,0.818181818181818,0.0,0.909090909090909,0.909090909090909
1350,"[(0, 1, 1, 0), (0, 1, 1, 1)]",0,1,4,0.363636363636364,0_1,0.0,0.0,0.090909090909091,0.0,0.0,0.0,0.363636363636364
1351,"[(0, 1, 1, 0), (1, -1, -1, 0)]",0,1,7,0.636363636363636,0_1,0.0,0.0,0.45454545454545403,0.0,0.45454545454545403,0.0,0.636363636363636
1352,"[(0, 1, 1, 0), (1, -1, 0, -1)]",1,2,4,0.4,1_2,0.0,0.0,0.0,0.10000000000000003,0.0,0.10000000000000003,0.4
1353,"[(0, 1, 1, 0), (1, -1, 0, 0)]",1,2,9,0.818181818181818,1_2,0.0,0.0,0.0,0.7272727272727271,0.0,0.7272727272727271,0.818181818181818
1354,"[(0, 1, 1, 0), (1, -1, 0, 1)]",1,2,9,0.818181818181818,1_2,0.0,0.0,0.0,0.818181818181818,0.0,0.636363636363636,0.818181818181818
1355,"[(0, 1, 1, 0), (1, -1, 1, 0)]",0,2,6,0.545454545454545,0_2,0.363636363636363,0.272727272727272,0.0,0.0,0.0,0.0,0.545454545454545
1356,"[(0, 1, 1, 0), (1, 0, -1, -1)]",0,1,9,0.818181818181818,0_1,0.0,0.0,0.7272727272727271,0.0,0.7272727272727271,0.0,0.818181818181818
1357,"[(0, 1, 1, 0), (1, 0, -1, 0)]",0,1,9,0.818181818181818,0_1,0.0,0.0,0.818181818181818,0.0,0.636363636363636,0.0,0.818181818181818
1358,"[(0, 1, 1, 0), (1, 0, -1, 1)]",0,1,10,0.909090909090909,0_1,0.0,0.0,0.909090909090909,0.0,0.818181818181818,0.0,0.909090909090909
1359,"[(0, 1, 1, 0), (1, 0, 0, -1)]",0,1,5,0.416666666666667,0_1,0.0,0.0,0.25,0.0,0.0,0.0,0.416666666666667
1360,"[(0, 1, 1, 0), (1, 0, 0, 1)]",1,2,9,0.818181818181818,1_2,0.0,0.0,0.0,0.7272727272727271,0.0,0.7272727272727271,0.818181818181818
1361,"[(0, 1, 1, 0), (1, 0, 1, -1)]",0,1,5,0.454545454545455,0_1,0.0,0.0,0.0,0.0,0.3636363636363641,0.0,0.454545454545455
1362,"[(0, 1, 1, 0), (1, 0, 1, 0)]",0,2,6,0.6,0_2,0.39999999999999997,0.39999999999999997,0.0,0.0,0.0,0.0,0.6
1363,"[(0, 1, 1, 0), (1, 0, 1, 1)]",0,2,7,0.636363636363636,0_2,0.5454545454545451,0.36363636363636304,0.0,0.0,0.0,0.0,0.636363636363636
1364,"[(0, 1, 1, 0), (1, 1, -1, 0)]",1,2,6,0.5,1_2,0.0,0.0,0.0,0.33333333333333304,0.0,0.16666666666666702,0.5
1365,"[(0, 1, 1, 0), (1, 1, 0, -1)]",0,1,9,0.818181818181818,0_1,0.0,0.0,0.7272727272727271,0.0,0.7272727272727271,0.0,0.818181818181818
1366,"[(0, 1, 1, 0), (1, 1, 0, 0)]",1,2,7,0.7,1_2,0.0,0.0,0.0,0.49999999999999994,0.0,0.6,0.7
1367,"[(0, 1, 1, 0), (1, 1, 0, 1)]",1,2,10,0.909090909090909,1_2,0.0,0.0,0.0,0.818181818181818,0.0,0.909090909090909,0.909090909090909
1368,"[(0, 1, 1, 0), (1, 1, 1, 0)]",1,2,6,0.6,1_2,0.0,0.0,0.0,0.39999999999999997,0.0,0.39999999999999997,0.6
1369,"[(0, 1, 1, 1), (1, -1, -1, 0)]",0,1,10,0.909090909090909,0_1,0.0,0.0,0.909090909090909,0.0,0.818181818181818,0.0,0.909090909090909
1370,"[(0, 1, 1, 1), (1, -1, 0, -1)]",0,1,5,0.454545454545455,0_1,0.0,0.0,0.3636363636363641,0.0,0.0,0.0,0.454545454545455
1371,"[(0, 1, 1, 1), (1, -1, 0, 0)]",1,2,9,0.818181818181818,1_2,0.0,0.0,0.0,0.636363636363636,0.0,0.818181818181818,0.818181818181818
1372,"[(0, 1, 1, 1), (1, -1, 0, 1)]",1,2,8,0.8,1_2,0.0,0.0,0.0,0.8,0.0,0.6000000000000001,0.8
1373,"[(0, 1, 1, 1), (1, -1, 1, 0)]",0,2,6,0.5,0_2,0.33333333333333304,0.16666666666666702,0.0,0.0,0.0,0.0,0.5
1374,"[(0, 1, 1, 1), (1, 0, -1, -1)]",0,1,11,1.0,0_1,0.0,0.0,1.0,0.0,1.0,0.0,1.0
1375,"[(0, 1, 1, 1), (1, 0, -1, 0)]",0,1,10,1.0,0_1,0.0,0.0,1.0,0.0,1.0,0.0,1.0
1376,"[(0, 1, 1, 1), (1, 0, -1, 1)]",0,1,9,0.75,0_1,0.0,0.0,0.6666666666666667,0.0,0.583333333333333,0.0,0.75
1377,"[(0, 1, 1, 1), (1, 0, 0, -1)]",1,2,5,0.5,1_2,0.0,0.0,0.0,0.4,0.0,0.09999999999999998,0.5
1378,"[(0, 1, 1, 1), (1, 0, 0, 1)]",1,2,7,0.636363636363636,1_2,0.0,0.0,0.0,0.45454545454545403,0.0,0.45454545454545403,0.636363636363636
1379,"[(0, 1, 1, 1), (1, 0, 1, -1)]",0,1,4,0.363636363636364,0_1,0.0,0.0,0.0,0.0,0.090909090909091,0.0,0.363636363636364
1380,"[(0, 1, 1, 1), (1, 0, 1, 0)]",0,2,8,0.571428571428571,0_2,0.357142857142857,0.357142857142857,0.0,0.0,0.0,0.0,0.571428571428571
1381,"[(0, 1, 1, 1), (1, 0, 1, 1)]",0,2,6,0.545454545454545,0_2,0.4545454545454541,0.181818181818181,0.0,0.0,0.0,0.0,0.545454545454545
1382,"[(0, 1, 1, 1), (1, 1, -1, 0)]",0,1,7,0.7,0_1,0.0,0.0,0.49999999999999994,0.0,0.6,0.0,0.7
1383,"[(0, 1, 1, 1), (1, 1, 0, -1)]",0,1,5,0.5,0_1,0.0,0.0,0.5,0.0,0.0,0.0,0.5
1384,"[(0, 1, 1, 1), (1, 1, 0, 0)]",1,2,8,0.727272727272727,1_2,0.0,0.0,0.0,0.545454545454545,0.0,0.636363636363636,0.727272727272727
1385,"[(0, 1, 1, 1), (1, 1, 0, 1)]",1,2,8,0.727272727272727,1_2,0.0,0.0,0.0,0.636363636363636,0.0,0.545454545454545,0.727272727272727
1386,"[(0, 1, 1, 1), (1, 1, 1, 0)]",0,1,6,0.6,0_1,0.0,0.0,0.3,0.0,0.5,0.0,0.6
1387,"[(1, -1, -1, 0), (1, -1, 0, -1)]",1,2,7,0.636363636363636,1_2,0.0,0.0,0.0,0.636363636363636,0.0,0.27272727272727204,0.636363636363636
1388,"[(1, -1, -1, 0), (1, -1, 0, 0)]",1,2,11,0.916666666666667,1_2,0.0,0.0,0.0,0.916666666666667,0.0,0.8333333333333337,0.916666666666667
1389,"[(1, -1, -1, 0), (1, -1, 0, 1)]",1,2,8,0.727272727272727,1_2,0.0,0.0,0.0,0.636363636363636,0.0,0.545454545454545,0.727272727272727
1390,"[(1, -1, -1, 0), (1, -1, 1, 0)]",1,2,6,0.545454545454545,1_2,0.0,0.0,0.0,0.545454545454545,0.0,0.09090909090909,0.545454545454545
1391,"[(1, -1, -1, 0), (1, 0, -1, -1)]",0,1,5,0.454545454545455,0_1,0.0,0.0,0.090909090909091,0.0,0.272727272727273,0.0,0.454545454545455
1392,"[(1, -1, -1, 0), (1, 0, -1, 0)]",0,2,8,0.666666666666667,0_2,0.5833333333333337,0.41666666666666696,0.0,0.0,0.0,0.0,0.666666666666667
1393,"[(1, -1, -1, 0), (1, 0, -1, 1)]",0,2,7,0.7,0_2,0.39999999999999997,0.7,0.0,0.0,0.0,0.0,0.7
1394,"[(1, -1, -1, 0), (1, 0, 0, -1)]",1,2,6,0.6,1_2,0.0,0.0,0.0,0.5,0.0,0.3,0.6
1395,"[(1, -1, -1, 0), (1, 0, 0, 1)]",1,2,7,0.636363636363636,1_2,0.0,0.0,0.0,0.636363636363636,0.0,0.27272727272727204,0.636363636363636
1396,"[(1, -1, -1, 0), (1, 0, 1, -1)]",0,1,6,0.6,0_1,0.0,0.0,0.6,0.0,0.19999999999999996,0.0,0.6
1397,"[(1, -1, -1, 0), (1, 0, 1, 0)]",1,2,9,0.75,1_2,0.0,0.0,0.0,0.6666666666666667,0.0,0.583333333333333,0.75
1398,"[(1, -1, -1, 0), (1, 0, 1, 1)]",1,2,8,0.8,1_2,0.0,0.0,0.0,0.8,0.0,0.6000000000000001,0.8
1399,"[(1, -1, -1, 0), (1, 1, -1, 0)]",0,1,4,0.363636363636364,0_1,0.0,0.0,0.0,0.0,0.090909090909091,0.0,0.363636363636364
1400,"[(1, -1, -1, 0), (1, 1, 0, -1)]",0,1,6,0.545454545454545,0_1,0.0,0.0,0.545454545454545,0.0,0.09090909090909,0.0,0.545454545454545
1401,"[(1, -1, -1, 0), (1, 1, 0, 0)]",1,2,8,0.8,1_2,0.0,0.0,0.0,0.8,0.0,0.6000000000000001,0.8
1402,"[(1, -1, -1, 0), (1, 1, 0, 1)]",1,2,8,0.8,1_2,0.0,0.0,0.0,0.7000000000000001,0.0,0.7000000000000001,0.8
1403,"[(1, -1, -1, 0), (1, 1, 1, 0)]",1,2,9,0.75,1_2,0.0,0.0,0.0,0.75,0.0,0.5,0.75
1404,"[(1, -1, 0, -1), (1, -1, 0, 0)]",1,2,7,0.7,1_2,0.0,0.0,0.0,0.7,0.0,0.39999999999999997,0.7
1405,"[(1, -1, 0, -1), (1, -1, 0, 1)]",1,2,7,0.7,1_2,0.0,0.0,0.0,0.39999999999999997,0.0,0.7,0.7
1406,"[(1, -1, 0, -1), (1, -1, 1, 0)]",1,2,5,0.454545454545455,1_2,0.0,0.0,0.0,0.272727272727273,0.0,0.090909090909091,0.454545454545455
1407,"[(1, -1, 0, -1), (1, 0, -1, -1)]",0,1,6,0.5,0_1,0.0,0.0,0.25,0.0,0.25,0.0,0.5
1408,"[(1, -1, 0, -1), (1, 0, -1, 0)]",1,2,7,0.7,1_2,0.0,0.0,0.0,0.7,0.0,0.39999999999999997,0.7
1409,"[(1, -1, 0, -1), (1, 0, -1, 1)]",0,1,5,0.5,0_1,0.0,0.0,0.5,0.0,0.0,0.0,0.5
1410,"[(1, -1, 0, -1), (1, 0, 0, -1)]",0,2,7,0.583333333333333,0_2,0.4166666666666661,0.33333333333333304,0.0,0.0,0.0,0.0,0.583333333333333
1411,"[(1, -1, 0, -1), (1, 0, 0, 1)]",1,2,7,0.7,1_2,0.0,0.0,0.0,0.7,0.0,0.39999999999999997,0.7
1412,"[(1, -1, 0, -1), (1, 0, 1, -1)]",0,2,7,0.636363636363636,0_2,0.36363636363636304,0.5454545454545451,0.0,0.0,0.0,0.0,0.636363636363636
1413,"[(1, -1, 0, -1), (1, 0, 1, 0)]",1,2,6,0.6,1_2,0.0,0.0,0.0,0.3,0.0,0.5,0.6
1414,"[(1, -1, 0, -1), (1, 0, 1, 1)]",0,1,5,0.5,0_1,0.0,0.0,0.5,0.0,0.0,0.0,0.5
1415,"[(1, -1, 0, -1), (1, 1, -1, 0)]",0,1,8,0.727272727272727,0_1,0.0,0.0,0.636363636363636,0.0,0.545454545454545,0.0,0.727272727272727
1416,"[(1, -1, 0, -1), (1, 1, 0, -1)]",0,1,8,0.666666666666667,0_1,0.0,0.0,0.41666666666666696,0.0,0.5833333333333337,0.0,0.666666666666667
1417,"[(1, -1, 0, -1), (1, 1, 0, 0)]",1,2,9,0.818181818181818,1_2,0.0,0.0,0.0,0.818181818181818,0.0,0.636363636363636,0.818181818181818
1418,"[(1, -1, 0, -1), (1, 1, 0, 1)]",1,2,9,0.818181818181818,1_2,0.0,0.0,0.0,0.818181818181818,0.0,0.636363636363636,0.818181818181818
1419,"[(1, -1, 0, -1), (1, 1, 1, 0)]",1,2,7,0.636363636363636,1_2,0.0,0.0,0.0,0.5454545454545451,0.0,0.36363636363636304,0.636363636363636
1420,"[(1, -1, 0, 0), (1, -1, 0, 1)]",0,1,7,0.583333333333333,0_1,0.0,0.0,0.583333333333333,0.0,0.16666666666666602,0.0,0.583333333333333
1421,"[(1, -1, 0, 0), (1, -1, 1, 0)]",0,1,7,0.636363636363636,0_1,0.0,0.0,0.5454545454545451,0.0,0.36363636363636304,0.0,0.636363636363636
1422,"[(1, -1, 0, 0), (1, 0, -1, -1)]",0,1,10,1.0,0_1,0.0,0.0,1.0,0.0,1.0,0.0,1.0
1423,"[(1, -1, 0, 0), (1, 0, -1, 0)]",0,1,8,0.727272727272727,0_1,0.0,0.0,0.727272727272727,0.0,0.454545454545454,0.0,0.727272727272727
1424,"[(1, -1, 0, 0), (1, 0, -1, 1)]",0,1,10,0.909090909090909,0_1,0.0,0.0,0.818181818181818,0.0,0.909090909090909,0.0,0.909090909090909
1425,"[(1, -1, 0, 0), (1, 0, 0, -1)]",0,1,7,0.636363636363636,0_1,0.0,0.0,0.636363636363636,0.0,0.27272727272727204,0.0,0.636363636363636
1426,"[(1, -1, 0, 0), (1, 0, 0, 1)]",1,2,6,0.5,1_2,0.0,0.0,0.0,0.4166666666666667,0.0,0.08333333333333298,0.5
1427,"[(1, -1, 0, 0), (1, 0, 1, -1)]",0,1,11,1.0,0_1,0.0,0.0,1.0,0.0,1.0,0.0,1.0
1428,"[(1, -1, 0, 0), (1, 0, 1, 0)]",0,1,9,0.818181818181818,0_1,0.0,0.0,0.818181818181818,0.0,0.636363636363636,0.0,0.818181818181818
1429,"[(1, -1, 0, 0), (1, 0, 1, 1)]",0,1,7,0.636363636363636,0_1,0.0,0.0,0.636363636363636,0.0,0.27272727272727204,0.0,0.636363636363636
1430,"[(1, -1, 0, 0), (1, 1, -1, 0)]",0,1,10,0.909090909090909,0_1,0.0,0.0,0.909090909090909,0.0,0.818181818181818,0.0,0.909090909090909
1431,"[(1, -1, 0, 0), (1, 1, 0, -1)]",0,1,11,0.916666666666667,0_1,0.0,0.0,0.916666666666667,0.0,0.8333333333333337,0.0,0.916666666666667
1432,"[(1, -1, 0, 0), (1, 1, 0, 0)]",1,2,6,0.545454545454545,1_2,0.0,0.0,0.0,0.545454545454545,0.0,0.09090909090909,0.545454545454545
1433,"[(1, -1, 0, 0), (1, 1, 0, 1)]",0,1,8,0.666666666666667,0_1,0.0,0.0,0.666666666666667,0.0,0.333333333333334,0.0,0.666666666666667
1434,"[(1, -1, 0, 0), (1, 1, 1, 0)]",0,1,10,0.909090909090909,0_1,0.0,0.0,0.909090909090909,0.0,0.818181818181818,0.0,0.909090909090909
1435,"[(1, -1, 0, 1), (1, -1, 1, 0)]",0,1,9,0.818181818181818,0_1,0.0,0.0,0.7272727272727271,0.0,0.7272727272727271,0.0,0.818181818181818
1436,"[(1, -1, 0, 1), (1, 0, -1, -1)]",0,1,7,0.7,0_1,0.0,0.0,0.6,0.0,0.49999999999999994,0.0,0.7
1437,"[(1, -1, 0, 1), (1, 0, -1, 0)]",0,1,9,0.818181818181818,0_1,0.0,0.0,0.818181818181818,0.0,0.636363636363636,0.0,0.818181818181818
1438,"[(1, -1, 0, 1), (1, 0, -1, 1)]",0,1,8,0.727272727272727,0_1,0.0,0.0,0.636363636363636,0.0,0.545454545454545,0.0,0.727272727272727
1439,"[(1, -1, 0, 1), (1, 0, 0, -1)]",0,1,8,0.8,0_1,0.0,0.0,0.6000000000000001,0.0,0.8,0.0,0.8
1440,"[(1, -1, 0, 1), (1, 0, 0, 1)]",0,1,8,0.8,0_1,0.0,0.0,0.8,0.0,0.6000000000000001,0.0,0.8
1441,"[(1, -1, 0, 1), (1, 0, 1, -1)]",0,1,10,0.909090909090909,0_1,0.0,0.0,0.909090909090909,0.0,0.818181818181818,0.0,0.909090909090909
1442,"[(1, -1, 0, 1), (1, 0, 1, 0)]",0,1,8,0.727272727272727,0_1,0.0,0.0,0.636363636363636,0.0,0.545454545454545,0.0,0.727272727272727
1443,"[(1, -1, 0, 1), (1, 0, 1, 1)]",0,1,8,0.727272727272727,0_1,0.0,0.0,0.727272727272727,0.0,0.454545454545454,0.0,0.727272727272727
1444,"[(1, -1, 0, 1), (1, 1, -1, 0)]",0,1,10,0.833333333333333,0_1,0.0,0.0,0.833333333333333,0.0,0.6666666666666661,0.0,0.833333333333333
1445,"[(1, -1, 0, 1), (1, 1, 0, -1)]",0,1,10,0.909090909090909,0_1,0.0,0.0,0.818181818181818,0.0,0.909090909090909,0.0,0.909090909090909
1446,"[(1, -1, 0, 1), (1, 1, 0, 0)]",0,1,8,0.8,0_1,0.0,0.0,0.7000000000000001,0.0,0.7000000000000001,0.0,0.8
1447,"[(1, -1, 0, 1), (1, 1, 0, 1)]",1,2,7,0.636363636363636,1_2,0.0,0.0,0.0,0.5454545454545451,0.0,0.36363636363636304,0.636363636363636
1448,"[(1, -1, 0, 1), (1, 1, 1, 0)]",0,1,10,1.0,0_1,0.0,0.0,1.0,0.0,1.0,0.0,1.0
1449,"[(1, -1, 1, 0), (1, 0, -1, -1)]",0,1,7,0.7,0_1,0.0,0.0,0.49999999999999994,0.0,0.6,0.0,0.7
1450,"[(1, -1, 1, 0), (1, 0, -1, 0)]",0,1,7,0.636363636363636,0_1,0.0,0.0,0.636363636363636,0.0,0.27272727272727204,0.0,0.636363636363636
1451,"[(1, -1, 1, 0), (1, 0, -1, 1)]",0,1,6,0.6,0_1,0.0,0.0,0.6,0.0,0.19999999999999996,0.0,0.6
1452,"[(1, -1, 1, 0), (1, 0, 0, -1)]",0,1,9,0.9,0_1,0.0,0.0,0.9,0.0,0.8,0.0,0.9
1453,"[(1, -1, 1, 0), (1, 0, 0, 1)]",1,2,8,0.666666666666667,1_2,0.0,0.0,0.0,0.666666666666667,0.0,0.333333333333334,0.666666666666667
1454,"[(1, -1, 1, 0), (1, 0, 1, -1)]",0,1,7,0.7,0_1,0.0,0.0,0.39999999999999997,0.0,0.7,0.0,0.7
1455,"[(1, -1, 1, 0), (1, 0, 1, 0)]",0,2,5,0.454545454545455,0_2,0.272727272727273,0.090909090909091,0.0,0.0,0.0,0.0,0.454545454545455
1456,"[(1, -1, 1, 0), (1, 0, 1, 1)]",0,2,5,0.454545454545455,0_2,0.272727272727273,0.090909090909091,0.0,0.0,0.0,0.0,0.454545454545455
1457,"[(1, -1, 1, 0), (1, 1, -1, 0)]",0,1,9,0.9,0_1,0.0,0.0,0.8,0.0,0.9,0.0,0.9
1458,"[(1, -1, 1, 0), (1, 1, 0, -1)]",0,1,6,0.545454545454545,0_1,0.0,0.0,0.363636363636363,0.0,0.272727272727272,0.0,0.545454545454545
1459,"[(1, -1, 1, 0), (1, 1, 0, 0)]",1,2,7,0.7,1_2,0.0,0.0,0.0,0.7,0.0,0.39999999999999997,0.7
1460,"[(1, -1, 1, 0), (1, 1, 0, 1)]",1,2,8,0.8,1_2,0.0,0.0,0.0,0.8,0.0,0.6000000000000001,0.8
1461,"[(1, -1, 1, 0), (1, 1, 1, 0)]",0,1,4,0.4,0_1,0.0,0.0,0.10000000000000003,0.0,0.10000000000000003,0.0,0.4
1462,"[(1, 0, -1, -1), (1, 0, -1, 0)]",1,2,7,0.7,1_2,0.0,0.0,0.0,0.39999999999999997,0.0,0.7,0.7
1463,"[(1, 0, -1, -1), (1, 0, -1, 1)]",0,2,4,0.4,0_2,0.2,0.0,0.0,0.0,0.0,0.0,0.4
1464,"[(1, 0, -1, -1), (1, 0, 0, -1)]",0,2,5,0.416666666666667,0_2,0.25,0.0,0.0,0.0,0.0,0.0,0.416666666666667
1465,"[(1, 0, -1, -1), (1, 0, 0, 1)]",1,2,10,0.909090909090909,1_2,0.0,0.0,0.0,0.909090909090909,0.0,0.818181818181818,0.909090909090909
1466,"[(1, 0, -1, -1), (1, 0, 1, -1)]",0,2,4,0.4,0_2,0.10000000000000003,0.10000000000000003,0.0,0.0,0.0,0.0,0.4
1467,"[(1, 0, -1, -1), (1, 0, 1, 0)]",1,2,8,0.666666666666667,1_2,0.0,0.0,0.0,0.5833333333333337,0.0,0.41666666666666696,0.666666666666667
1468,"[(1, 0, -1, -1), (1, 0, 1, 1)]",1,2,11,0.916666666666667,1_2,0.0,0.0,0.0,0.916666666666667,0.0,0.8333333333333337,0.916666666666667
1469,"[(1, 0, -1, -1), (1, 1, -1, 0)]",0,2,7,0.636363636363636,0_2,0.5454545454545451,0.36363636363636304,0.0,0.0,0.0,0.0,0.636363636363636
1470,"[(1, 0, -1, -1), (1, 1, 0, -1)]",1,2,7,0.636363636363636,1_2,0.0,0.0,0.0,0.27272727272727204,0.0,0.636363636363636,0.636363636363636
1471,"[(1, 0, -1, -1), (1, 1, 0, 0)]",1,2,12,1.0,1_2,0.0,0.0,0.0,1.0,0.0,1.0,1.0
1472,"[(1, 0, -1, -1), (1, 1, 0, 1)]",1,2,9,0.818181818181818,1_2,0.0,0.0,0.0,0.7272727272727271,0.0,0.7272727272727271,0.818181818181818
1473,"[(1, 0, -1, -1), (1, 1, 1, 0)]",1,2,11,0.916666666666667,1_2,0.0,0.0,0.0,0.916666666666667,0.0,0.8333333333333337,0.916666666666667
1474,"[(1, 0, -1, 0), (1, 0, -1, 1)]",1,2,6,0.6,1_2,0.0,0.0,0.0,0.19999999999999996,0.0,0.6,0.6
1475,"[(1, 0, -1, 0), (1, 0, 0, -1)]",0,1,7,0.7,0_1,0.0,0.0,0.7,0.0,0.39999999999999997,0.0,0.7
1476,"[(1, 0, -1, 0), (1, 0, 0, 1)]",1,2,7,0.7,1_2,0.0,0.0,0.0,0.49999999999999994,0.0,0.6,0.7
1477,"[(1, 0, -1, 0), (1, 0, 1, -1)]",0,1,5,0.454545454545455,0_1,0.0,0.0,0.3636363636363641,0.0,0.0,0.0,0.454545454545455
1478,"[(1, 0, -1, 0), (1, 0, 1, 0)]",1,2,8,0.8,1_2,0.0,0.0,0.0,0.8,0.0,0.6000000000000001,0.8
1479,"[(1, 0, -1, 0), (1, 0, 1, 1)]",1,2,7,0.7,1_2,0.0,0.0,0.0,0.7,0.0,0.39999999999999997,0.7
1480,"[(1, 0, -1, 0), (1, 1, -1, 0)]",0,2,7,0.583333333333333,0_2,0.16666666666666602,0.583333333333333,0.0,0.0,0.0,0.0,0.583333333333333
1481,"[(1, 0, -1, 0), (1, 1, 0, -1)]",0,1,8,0.727272727272727,0_1,0.0,0.0,0.545454545454545,0.0,0.636363636363636,0.0,0.727272727272727
1482,"[(1, 0, -1, 0), (1, 1, 0, 0)]",1,2,9,0.818181818181818,1_2,0.0,0.0,0.0,0.818181818181818,0.0,0.636363636363636,0.818181818181818
1483,"[(1, 0, -1, 0), (1, 1, 0, 1)]",1,2,10,0.909090909090909,1_2,0.0,0.0,0.0,0.909090909090909,0.0,0.818181818181818,0.909090909090909
1484,"[(1, 0, -1, 0), (1, 1, 1, 0)]",1,2,11,1.0,1_2,0.0,0.0,0.0,1.0,0.0,1.0,1.0
1485,"[(1, 0, -1, 1), (1, 0, 0, -1)]",1,2,8,0.666666666666667,1_2,0.0,0.0,0.0,0.666666666666667,0.0,0.333333333333334,0.666666666666667
1486,"[(1, 0, -1, 1), (1, 0, 0, 1)]",1,2,8,0.727272727272727,1_2,0.0,0.0,0.0,0.636363636363636,0.0,0.545454545454545,0.727272727272727
1487,"[(1, 0, -1, 1), (1, 0, 1, -1)]",0,1,8,0.666666666666667,0_1,0.0,0.0,0.666666666666667,0.0,0.333333333333334,0.0,0.666666666666667
1488,"[(1, 0, -1, 1), (1, 0, 1, 0)]",1,2,8,0.727272727272727,1_2,0.0,0.0,0.0,0.636363636363636,0.0,0.545454545454545,0.727272727272727
1489,"[(1, 0, -1, 1), (1, 0, 1, 1)]",1,2,10,0.833333333333333,1_2,0.0,0.0,0.0,0.7499999999999998,0.0,0.7499999999999998,0.833333333333333
1490,"[(1, 0, -1, 1), (1, 1, -1, 0)]",0,2,6,0.545454545454545,0_2,0.363636363636363,0.272727272727272,0.0,0.0,0.0,0.0,0.545454545454545
1491,"[(1, 0, -1, 1), (1, 1, 0, -1)]",1,2,9,0.75,1_2,0.0,0.0,0.0,0.6666666666666667,0.0,0.583333333333333,0.75
1492,"[(1, 0, -1, 1), (1, 1, 0, 0)]",1,2,8,0.727272727272727,1_2,0.0,0.0,0.0,0.727272727272727,0.0,0.454545454545454,0.727272727272727
1493,"[(1, 0, -1, 1), (1, 1, 0, 1)]",1,2,9,0.9,1_2,0.0,0.0,0.0,0.9,0.0,0.8,0.9
1494,"[(1, 0, -1, 1), (1, 1, 1, 0)]",1,2,9,0.818181818181818,1_2,0.0,0.0,0.0,0.7272727272727271,0.0,0.7272727272727271,0.818181818181818
1495,"[(1, 0, 0, -1), (1, 0, 0, 1)]",1,2,9,0.75,1_2,0.0,0.0,0.0,0.75,0.0,0.5,0.75
1496,"[(1, 0, 0, -1), (1, 0, 1, -1)]",0,1,6,0.6,0_1,0.0,0.0,0.19999999999999996,0.0,0.6,0.0,0.6
1497,"[(1, 0, 0, -1), (1, 0, 1, 0)]",1,2,10,0.833333333333333,1_2,0.0,0.0,0.0,0.833333333333333,0.0,0.6666666666666661,0.833333333333333
1498,"[(1, 0, 0, -1), (1, 0, 1, 1)]",0,1,4,0.4,0_1,0.0,0.0,0.2,0.0,0.0,0.0,0.4
1499,"[(1, 0, 0, -1), (1, 1, -1, 0)]",0,1,7,0.636363636363636,0_1,0.0,0.0,0.5454545454545451,0.0,0.36363636363636304,0.0,0.636363636363636
1500,"[(1, 0, 0, -1), (1, 1, 0, -1)]",0,2,7,0.636363636363636,0_2,0.27272727272727204,0.636363636363636,0.0,0.0,0.0,0.0,0.636363636363636
1501,"[(1, 0, 0, -1), (1, 1, 0, 0)]",1,2,9,0.9,1_2,0.0,0.0,0.0,0.9,0.0,0.8,0.9
1502,"[(1, 0, 0, -1), (1, 1, 0, 1)]",1,2,11,1.0,1_2,0.0,0.0,0.0,1.0,0.0,1.0,1.0
1503,"[(1, 0, 0, -1), (1, 1, 1, 0)]",1,2,5,0.454545454545455,1_2,0.0,0.0,0.0,0.272727272727273,0.0,0.090909090909091,0.454545454545455
1504,"[(1, 0, 0, 1), (1, 0, 1, -1)]",0,1,11,1.0,0_1,0.0,0.0,1.0,0.0,1.0,0.0,1.0
1505,"[(1, 0, 0, 1), (1, 0, 1, 0)]",0,1,9,0.818181818181818,0_1,0.0,0.0,0.818181818181818,0.0,0.636363636363636,0.0,0.818181818181818
1506,"[(1, 0, 0, 1), (1, 0, 1, 1)]",0,1,6,0.6,0_1,0.0,0.0,0.6,0.0,0.19999999999999996,0.0,0.6
1507,"[(1, 0, 0, 1), (1, 1, -1, 0)]",0,1,10,0.909090909090909,0_1,0.0,0.0,0.909090909090909,0.0,0.818181818181818,0.0,0.909090909090909
1508,"[(1, 0, 0, 1), (1, 1, 0, -1)]",0,1,7,0.7,0_1,0.0,0.0,0.6,0.0,0.49999999999999994,0.0,0.7
1509,"[(1, 0, 0, 1), (1, 1, 0, 0)]",0,1,9,0.9,0_1,0.0,0.0,0.9,0.0,0.8,0.0,0.9
1510,"[(1, 0, 0, 1), (1, 1, 0, 1)]",0,1,5,0.5,0_1,0.0,0.0,0.2,0.0,0.3,0.0,0.5
1511,"[(1, 0, 0, 1), (1, 1, 1, 0)]",0,1,8,0.666666666666667,0_1,0.0,0.0,0.666666666666667,0.0,0.333333333333334,0.0,0.666666666666667
1512,"[(1, 0, 1, -1), (1, 0, 1, 0)]",1,2,6,0.6,1_2,0.0,0.0,0.0,0.39999999999999997,0.0,0.39999999999999997,0.6
1513,"[(1, 0, 1, -1), (1, 0, 1, 1)]",1,2,10,0.909090909090909,1_2,0.0,0.0,0.0,0.909090909090909,0.0,0.818181818181818,0.909090909090909
1514,"[(1, 0, 1, -1), (1, 1, -1, 0)]",1,2,11,1.0,1_2,0.0,0.0,0.0,1.0,0.0,1.0,1.0
1515,"[(1, 0, 1, -1), (1, 1, 0, -1)]",0,2,6,0.6,0_2,0.3,0.5,0.0,0.0,0.0,0.0,0.6
1516,"[(1, 0, 1, -1), (1, 1, 0, 0)]",1,2,9,0.818181818181818,1_2,0.0,0.0,0.0,0.636363636363636,0.0,0.818181818181818,0.818181818181818
1517,"[(1, 0, 1, -1), (1, 1, 0, 1)]",1,2,11,0.916666666666667,1_2,0.0,0.0,0.0,0.916666666666667,0.0,0.8333333333333337,0.916666666666667
1518,"[(1, 0, 1, -1), (1, 1, 1, 0)]",1,2,8,0.727272727272727,1_2,0.0,0.0,0.0,0.545454545454545,0.0,0.636363636363636,0.727272727272727
1519,"[(1, 0, 1, 0), (1, 0, 1, 1)]",0,2,6,0.545454545454545,0_2,0.09090909090909,0.545454545454545,0.0,0.0,0.0,0.0,0.545454545454545
1520,"[(1, 0, 1, 0), (1, 1, -1, 0)]",0,1,7,0.636363636363636,0_1,0.0,0.0,0.5454545454545451,0.0,0.36363636363636304,0.0,0.636363636363636
1521,"[(1, 0, 1, 0), (1, 1, 0, -1)]",0,1,7,0.7,0_1,0.0,0.0,0.7,0.0,0.39999999999999997,0.0,0.7
1522,"[(1, 0, 1, 0), (1, 1, 0, 0)]",1,2,9,0.692307692307692,1_2,0.0,0.0,0.0,0.692307692307692,0.0,0.38461538461538397,0.692307692307692
1523,"[(1, 0, 1, 0), (1, 1, 0, 1)]",1,2,6,0.545454545454545,1_2,0.0,0.0,0.0,0.545454545454545,0.0,0.09090909090909,0.545454545454545
1524,"[(1, 0, 1, 0), (1, 1, 1, 0)]",0,1,7,0.636363636363636,0_1,0.0,0.0,0.36363636363636304,0.0,0.5454545454545451,0.0,0.636363636363636
1525,"[(1, 0, 1, 1), (1, 1, -1, 0)]",0,1,8,0.666666666666667,0_1,0.0,0.0,0.5833333333333337,0.0,0.41666666666666696,0.0,0.666666666666667
1526,"[(1, 0, 1, 1), (1, 1, 0, -1)]",0,1,7,0.636363636363636,0_1,0.0,0.0,0.5454545454545451,0.0,0.36363636363636304,0.0,0.636363636363636
1527,"[(1, 0, 1, 1), (1, 1, 0, 0)]",1,2,9,0.75,1_2,0.0,0.0,0.0,0.6666666666666667,0.0,0.583333333333333,0.75
1528,"[(1, 0, 1, 1), (1, 1, 0, 1)]",1,2,7,0.636363636363636,1_2,0.0,0.0,0.0,0.636363636363636,0.0,0.27272727272727204,0.636363636363636
1529,"[(1, 0, 1, 1), (1, 1, 1, 0)]",0,2,4,0.4,0_2,0.10000000000000003,0.10000000000000003,0.0,0.0,0.0,0.0,0.4
1530,"[(1, 1, -1, 0), (1, 1, 0, -1)]",0,1,6,0.545454545454545,0_1,0.0,0.0,0.4545454545454541,0.0,0.181818181818181,0.0,0.545454545454545
1531,"[(1, 1, -1, 0), (1, 1, 0, 0)]",1,2,9,0.75,1_2,0.0,0.0,0.0,0.6666666666666667,0.0,0.583333333333333,0.75
1532,"[(1, 1, -1, 0), (1, 1, 0, 1)]",1,2,10,0.833333333333333,1_2,0.0,0.0,0.0,0.833333333333333,0.0,0.6666666666666661,0.833333333333333
1533,"[(1, 1, -1, 0), (1, 1, 1, 0)]",1,2,8,0.8,1_2,0.0,0.0,0.0,0.7000000000000001,0.0,0.7000000000000001,0.8
1534,"[(1, 1, 0, -1), (1, 1, 0, 0)]",1,2,9,0.9,1_2,0.0,0.0,0.0,0.8,0.0,0.9,0.9
1535,"[(1, 1, 0, -1), (1, 1, 0, 1)]",1,2,8,0.727272727272727,1_2,0.0,0.0,0.0,0.727272727272727,0.0,0.454545454545454,0.727272727272727
1536,"[(1, 1, 0, -1), (1, 1, 1, 0)]",1,2,6,0.545454545454545,1_2,0.0,0.0,0.0,0.545454545454545,0.0,0.09090909090909,0.545454545454545
1537,"[(1, 1, 0, 0), (1, 1, 0, 1)]",0,1,6,0.545454545454545,0_1,0.0,0.0,0.545454545454545,0.0,0.09090909090909,0.0,0.545454545454545
1538,"[(1, 1, 0, 0), (1, 1, 1, 0)]",0,1,8,0.666666666666667,0_1,0.0,0.0,0.666666666666667,0.0,0.333333333333334,0.0,0.666666666666667
1539,"[(1, 1, 0, 1), (1, 1, 1, 0)]",0,1,7,0.636363636363636,0_1,0.0,0.0,0.636363636363636,0.0,0.27272727272727204,0.0,0.636363636363636
