,effortsLeft,effortsRight,r01,r02,r12
0,"[-1,-1,-1,0]","[-1,-1,0,1]",0.36363636363636365,0.09090909090909091,0.5454545454545454
1,"[-1,-1,-1,0]","[-1,-1,1,0]",0.09090909090909091,0.09090909090909091,0.8181818181818182
2,"[-1,-1,-1,0]","[-1,0,-1,1]",0.18181818181818182,0.5454545454545454,0.2727272727272727
3,"[-1,-1,-1,0]","[-1,0,0,1]",0.0,0.0,1.0
4,"[-1,-1,-1,0]","[-1,0,1,1]",0.3333333333333333,0.08333333333333333,0.5833333333333334
5,"[-1,-1,-1,0]","[-1,1,0,0]",0.15384615384615385,0.15384615384615385,0.6923076923076923
6,"[-1,-1,-1,0]","[-1,1,1,0]",0.7,0.0,0.3
7,"[-1,-1,-1,0]","[0,-1,-1,-1]",0.7,0.3,0.0
8,"[-1,-1,-1,0]","[0,-1,0,1]",0.3333333333333333,0.0,0.6666666666666666
9,"[-1,-1,-1,0]","[0,-1,1,-1]",0.45454545454545453,0.09090909090909091,0.45454545454545453
10,"[-1,-1,-1,0]","[0,-1,1,0]",0.0,0.0,1.0
11,"[-1,-1,-1,0]","[0,-1,1,1]",0.2727272727272727,0.09090909090909091,0.6363636363636364
12,"[-1,-1,-1,0]","[0,0,-1,-1]",0.8181818181818182,0.18181818181818182,0.0
13,"[-1,-1,-1,0]","[0,0,1,1]",0.36363636363636365,0.09090909090909091,0.5454545454545454
14,"[-1,-1,-1,0]","[0,1,-1,-1]",0.3333333333333333,0.5833333333333334,0.08333333333333333
15,"[-1,-1,-1,0]","[0,1,-1,0]",0.2,0.6,0.2
16,"[-1,-1,-1,0]","[0,1,0,-1]",0.5833333333333334,0.08333333333333333,0.3333333333333333
17,"[-1,-1,-1,0]","[1,-1,-1,0]",0.07692307692307693,0.46153846153846156,0.46153846153846156
18,"[-1,-1,-1,0]","[1,-1,0,-1]",0.4,0.2,0.4
19,"[-1,-1,-1,0]","[1,-1,0,0]",0.1,0.0,0.9
20,"[-1,-1,-1,0]","[1,0,-1,-1]",0.45454545454545453,0.45454545454545453,0.09090909090909091
21,"[-1,-1,-1,0]","[1,0,-1,0]",0.0,0.5,0.5
22,"[-1,-1,-1,0]","[1,0,-1,1]",0.3333333333333333,0.5833333333333334,0.08333333333333333
23,"[-1,-1,-1,0]","[1,0,0,-1]",0.5833333333333334,0.0,0.4166666666666667
24,"[-1,-1,-1,0]","[1,0,1,0]",0.4,0.0,0.6
25,"[-1,-1,-1,0]","[1,1,0,-1]",0.6363636363636364,0.09090909090909091,0.2727272727272727
26,"[-1,-1,-1,0]","[1,1,0,1]",0.25,0.0,0.75
27,"[-1,-1,0,-1]","[-1,-1,-1,0]",0.5,0.2,0.3
28,"[-1,-1,0,-1]","[-1,-1,0,1]",0.08333333333333333,0.16666666666666666,0.75
29,"[-1,-1,0,-1]","[-1,0,-1,1]",0.2727272727272727,0.0,0.7272727272727273
30,"[-1,-1,0,-1]","[-1,0,0,-1]",0.18181818181818182,0.6363636363636364,0.18181818181818182
31,"[-1,-1,0,-1]","[-1,0,1,1]",0.3,0.1,0.6
32,"[-1,-1,0,-1]","[-1,1,-1,0]",0.5454545454545454,0.09090909090909091,0.36363636363636365
33,"[-1,-1,0,-1]","[-1,1,0,0]",0.1,0.3,0.6
34,"[-1,-1,0,-1]","[-1,1,0,1]",0.2,0.0,0.8
35,"[-1,-1,0,-1]","[-1,1,1,0]",0.5,0.3,0.2
36,"[-1,-1,0,-1]","[0,-1,-1,-1]",0.5833333333333334,0.4166666666666667,0.0
37,"[-1,-1,0,-1]","[0,-1,-1,0]",0.6153846153846154,0.15384615384615385,0.23076923076923078
38,"[-1,-1,0,-1]","[0,-1,-1,1]",0.45454545454545453,0.0,0.5454545454545454
39,"[-1,-1,0,-1]","[0,-1,0,-1]",0.3333333333333333,0.5,0.16666666666666666
40,"[-1,-1,0,-1]","[0,-1,1,-1]",0.46153846153846156,0.5384615384615384,0.0
41,"[-1,-1,0,-1]","[0,-1,1,1]",0.2,0.2,0.6
42,"[-1,-1,0,-1]","[0,0,-1,-1]",0.5454545454545454,0.36363636363636365,0.09090909090909091
43,"[-1,-1,0,-1]","[0,0,-1,1]",0.6363636363636364,0.0,0.36363636363636365
44,"[-1,-1,0,-1]","[0,0,1,-1]",0.45454545454545453,0.36363636363636365,0.18181818181818182
45,"[-1,-1,0,-1]","[0,0,1,1]",0.5,0.1,0.4
46,"[-1,-1,0,-1]","[0,1,-1,0]",0.4,0.1,0.5
47,"[-1,-1,0,-1]","[0,1,0,-1]",0.18181818181818182,0.36363636363636365,0.45454545454545453
48,"[-1,-1,0,-1]","[0,1,0,1]",0.15384615384615385,0.0,0.8461538461538461
49,"[-1,-1,0,-1]","[0,1,1,-1]",0.5833333333333334,0.3333333333333333,0.08333333333333333
50,"[-1,-1,0,-1]","[1,-1,-1,0]",0.18181818181818182,0.09090909090909091,0.7272727272727273
51,"[-1,-1,0,-1]","[1,-1,1,0]",0.45454545454545453,0.09090909090909091,0.45454545454545453
52,"[-1,-1,0,-1]","[1,0,-1,-1]",0.4,0.6,0.0
53,"[-1,-1,0,-1]","[1,0,-1,0]",0.5,0.0,0.5
54,"[-1,-1,0,-1]","[1,0,-1,1]",0.2727272727272727,0.09090909090909091,0.6363636363636364
55,"[-1,-1,0,-1]","[1,0,0,-1]",0.25,0.6666666666666666,0.08333333333333333
56,"[-1,-1,0,-1]","[1,0,0,1]",0.18181818181818182,0.0,0.8181818181818182
57,"[-1,-1,0,-1]","[1,0,1,0]",0.1,0.5,0.4
58,"[-1,-1,0,-1]","[1,0,1,1]",0.45454545454545453,0.09090909090909091,0.45454545454545453
59,"[-1,-1,0,-1]","[1,1,0,1]",0.36363636363636365,0.18181818181818182,0.45454545454545453
60,"[-1,-1,0,-1]","[1,1,1,0]",0.09090909090909091,0.36363636363636365,0.5454545454545454
61,"[-1,-1,0,0]","[-1,-1,-1,0]",0.8333333333333334,0.0,0.16666666666666666
62,"[-1,-1,0,0]","[-1,-1,0,-1]",0.9090909090909091,0.0,0.09090909090909091
63,"[-1,-1,0,0]","[-1,-1,0,1]",0.6,0.1,0.3
64,"[-1,-1,0,0]","[-1,-1,1,0]",0.8333333333333334,0.08333333333333333,0.08333333333333333
65,"[-1,-1,0,0]","[-1,0,-1,-1]",0.9285714285714286,0.0,0.07142857142857142
66,"[-1,-1,0,0]","[-1,0,1,-1]",0.8181818181818182,0.0,0.18181818181818182
67,"[-1,-1,0,0]","[-1,0,1,0]",0.7272727272727273,0.18181818181818182,0.09090909090909091
68,"[-1,-1,0,0]","[-1,1,0,-1]",0.7857142857142857,0.14285714285714285,0.07142857142857142
69,"[-1,-1,0,0]","[-1,1,0,0]",0.7272727272727273,0.18181818181818182,0.09090909090909091
70,"[-1,-1,0,0]","[-1,1,1,0]",0.75,0.08333333333333333,0.16666666666666666
71,"[-1,-1,0,0]","[0,-1,0,1]",0.5,0.0,0.5
72,"[-1,-1,0,0]","[0,-1,1,1]",0.8,0.0,0.2
73,"[-1,-1,0,0]","[0,0,1,-1]",0.9,0.0,0.1
74,"[-1,-1,0,0]","[0,0,1,1]",0.75,0.08333333333333333,0.16666666666666666
75,"[-1,-1,0,0]","[0,1,-1,0]",0.8,0.0,0.2
76,"[-1,-1,0,0]","[0,1,-1,1]",0.8181818181818182,0.0,0.18181818181818182
77,"[-1,-1,0,0]","[0,1,0,-1]",0.8181818181818182,0.0,0.18181818181818182
78,"[-1,-1,0,0]","[0,1,0,1]",0.4,0.2,0.4
79,"[-1,-1,0,0]","[0,1,1,-1]",0.9,0.1,0.0
80,"[-1,-1,0,0]","[0,1,1,0]",0.7272727272727273,0.0,0.2727272727272727
81,"[-1,-1,0,0]","[1,-1,0,-1]",0.7272727272727273,0.0,0.2727272727272727
82,"[-1,-1,0,0]","[1,-1,0,1]",0.5454545454545454,0.09090909090909091,0.36363636363636365
83,"[-1,-1,0,0]","[1,0,-1,1]",0.9166666666666666,0.0,0.08333333333333333
84,"[-1,-1,0,0]","[1,0,0,1]",0.5454545454545454,0.0,0.45454545454545453
85,"[-1,-1,0,0]","[1,0,1,-1]",1.0,0.0,0.0
86,"[-1,-1,0,0]","[1,0,1,0]",1.0,0.0,0.0
87,"[-1,-1,0,0]","[1,1,-1,0]",0.6363636363636364,0.0,0.36363636363636365
88,"[-1,-1,0,0]","[1,1,0,-1]",0.8571428571428571,0.07142857142857142,0.07142857142857142
89,"[-1,-1,0,0]","[1,1,0,0]",0.36363636363636365,0.09090909090909091,0.5454545454545454
90,"[-1,-1,0,1]","[-1,-1,1,0]",0.7857142857142857,0.07142857142857142,0.14285714285714285
91,"[-1,-1,0,1]","[-1,0,-1,-1]",0.9166666666666666,0.0,0.08333333333333333
92,"[-1,-1,0,1]","[-1,0,-1,0]",0.9090909090909091,0.0,0.09090909090909091
93,"[-1,-1,0,1]","[-1,0,0,-1]",0.7272727272727273,0.0,0.2727272727272727
94,"[-1,-1,0,1]","[-1,0,0,1]",0.38461538461538464,0.07692307692307693,0.5384615384615384
95,"[-1,-1,0,1]","[-1,0,1,1]",0.8,0.0,0.2
96,"[-1,-1,0,1]","[-1,1,0,-1]",0.9090909090909091,0.0,0.09090909090909091
97,"[-1,-1,0,1]","[0,-1,-1,-1]",1.0,0.0,0.0
98,"[-1,-1,0,1]","[0,-1,-1,0]",0.75,0.0,0.25
99,"[-1,-1,0,1]","[0,-1,0,-1]",0.9,0.0,0.1
100,"[-1,-1,0,1]","[0,-1,0,1]",0.5454545454545454,0.09090909090909091,0.36363636363636365
101,"[-1,-1,0,1]","[0,-1,1,-1]",0.8333333333333334,0.0,0.16666666666666666
102,"[-1,-1,0,1]","[0,-1,1,0]",0.7272727272727273,0.0,0.2727272727272727
103,"[-1,-1,0,1]","[0,-1,1,1]",0.6,0.0,0.4
104,"[-1,-1,0,1]","[0,0,1,1]",0.6666666666666666,0.0,0.3333333333333333
105,"[-1,-1,0,1]","[0,1,-1,-1]",1.0,0.0,0.0
106,"[-1,-1,0,1]","[0,1,0,-1]",0.6923076923076923,0.15384615384615385,0.15384615384615385
107,"[-1,-1,0,1]","[1,-1,-1,0]",0.8,0.1,0.1
108,"[-1,-1,0,1]","[1,-1,0,-1]",0.8,0.0,0.2
109,"[-1,-1,0,1]","[1,-1,0,1]",0.16666666666666666,0.16666666666666666,0.6666666666666666
110,"[-1,-1,0,1]","[1,-1,1,0]",0.8,0.0,0.2
111,"[-1,-1,0,1]","[1,0,0,1]",0.5833333333333334,0.16666666666666666,0.25
112,"[-1,-1,0,1]","[1,0,1,0]",0.45454545454545453,0.0,0.5454545454545454
113,"[-1,-1,0,1]","[1,1,0,1]",0.2,0.1,0.7
114,"[-1,-1,1,0]","[-1,-1,0,-1]",0.8181818181818182,0.0,0.18181818181818182
115,"[-1,-1,1,0]","[-1,0,0,-1]",0.8,0.1,0.1
116,"[-1,-1,1,0]","[-1,0,1,-1]",0.5833333333333334,0.3333333333333333,0.08333333333333333
117,"[-1,-1,1,0]","[-1,0,1,0]",0.2727272727272727,0.36363636363636365,0.36363636363636365
118,"[-1,-1,1,0]","[-1,0,1,1]",0.3333333333333333,0.5833333333333334,0.08333333333333333
119,"[-1,-1,1,0]","[-1,1,0,-1]",0.5,0.08333333333333333,0.4166666666666667
120,"[-1,-1,1,0]","[-1,1,0,0]",0.2727272727272727,0.0,0.7272727272727273
121,"[-1,-1,1,0]","[0,-1,-1,1]",0.8,0.0,0.2
122,"[-1,-1,1,0]","[0,-1,0,-1]",0.75,0.16666666666666666,0.08333333333333333
123,"[-1,-1,1,0]","[0,-1,0,1]",0.18181818181818182,0.09090909090909091,0.7272727272727273
124,"[-1,-1,1,0]","[0,0,-1,1]",0.8181818181818182,0.18181818181818182,0.0
125,"[-1,-1,1,0]","[0,1,-1,0]",0.6,0.1,0.3
126,"[-1,-1,1,0]","[0,1,-1,1]",0.7272727272727273,0.0,0.2727272727272727
127,"[-1,-1,1,0]","[0,1,0,-1]",0.6,0.0,0.4
128,"[-1,-1,1,0]","[0,1,0,1]",0.3333333333333333,0.08333333333333333,0.5833333333333334
129,"[-1,-1,1,0]","[0,1,1,-1]",0.5,0.3333333333333333,0.16666666666666666
130,"[-1,-1,1,0]","[1,-1,0,-1]",0.7,0.0,0.3
131,"[-1,-1,1,0]","[1,-1,0,0]",0.6,0.0,0.4
132,"[-1,-1,1,0]","[1,-1,1,0]",0.2727272727272727,0.45454545454545453,0.2727272727272727
133,"[-1,-1,1,0]","[1,0,-1,-1]",1.0,0.0,0.0
134,"[-1,-1,1,0]","[1,0,-1,0]",0.7,0.2,0.1
135,"[-1,-1,1,0]","[1,0,0,-1]",0.7,0.0,0.3
136,"[-1,-1,1,0]","[1,0,0,1]",0.25,0.16666666666666666,0.5833333333333334
137,"[-1,-1,1,0]","[1,0,1,-1]",0.6,0.3,0.1
138,"[-1,-1,1,0]","[1,0,1,1]",0.3333333333333333,0.4166666666666667,0.25
139,"[-1,-1,1,0]","[1,1,-1,0]",0.9090909090909091,0.0,0.09090909090909091
140,"[-1,-1,1,0]","[1,1,0,-1]",0.8181818181818182,0.09090909090909091,0.09090909090909091
141,"[-1,-1,1,0]","[1,1,0,1]",0.08333333333333333,0.08333333333333333,0.8333333333333334
142,"[-1,-1,1,0]","[1,1,1,0]",0.3,0.4,0.3
143,"[-1,0,-1,-1]","[-1,-1,-1,0]",0.4,0.4,0.2
144,"[-1,0,-1,-1]","[-1,-1,0,-1]",0.18181818181818182,0.5454545454545454,0.2727272727272727
145,"[-1,0,-1,-1]","[-1,-1,1,0]",0.25,0.0,0.75
146,"[-1,0,-1,-1]","[-1,0,-1,1]",0.2727272727272727,0.18181818181818182,0.5454545454545454
147,"[-1,0,-1,-1]","[-1,0,0,-1]",0.0,0.45454545454545453,0.5454545454545454
148,"[-1,0,-1,-1]","[-1,0,0,1]",0.08333333333333333,0.0,0.9166666666666666
149,"[-1,0,-1,-1]","[-1,0,1,0]",0.0,0.07692307692307693,0.9230769230769231
150,"[-1,0,-1,-1]","[-1,0,1,1]",0.23076923076923078,0.0,0.7692307692307693
151,"[-1,0,-1,-1]","[-1,1,1,0]",0.09090909090909091,0.2727272727272727,0.6363636363636364
152,"[-1,0,-1,-1]","[0,-1,-1,1]",0.0,0.25,0.75
153,"[-1,0,-1,-1]","[0,-1,0,-1]",0.5,0.3333333333333333,0.16666666666666666
154,"[-1,0,-1,-1]","[0,-1,0,1]",0.1,0.0,0.9
155,"[-1,0,-1,-1]","[0,-1,1,1]",0.09090909090909091,0.0,0.9090909090909091
156,"[-1,0,-1,-1]","[0,0,-1,1]",0.0,0.4,0.6
157,"[-1,0,-1,-1]","[0,1,-1,-1]",0.1,0.7,0.2
158,"[-1,0,-1,-1]","[0,1,-1,0]",0.08333333333333333,0.6666666666666666,0.25
159,"[-1,0,-1,-1]","[0,1,-1,1]",0.07692307692307693,0.6153846153846154,0.3076923076923077
160,"[-1,0,-1,-1]","[0,1,0,1]",0.0,0.09090909090909091,0.9090909090909091
161,"[-1,0,-1,-1]","[0,1,1,0]",0.3333333333333333,0.0,0.6666666666666666
162,"[-1,0,-1,-1]","[1,-1,0,0]",0.1,0.0,0.9
163,"[-1,0,-1,-1]","[1,0,-1,0]",0.3,0.4,0.3
164,"[-1,0,-1,-1]","[1,0,0,-1]",0.45454545454545453,0.2727272727272727,0.2727272727272727
165,"[-1,0,-1,-1]","[1,0,0,1]",0.0,0.0,1.0
166,"[-1,0,-1,-1]","[1,0,1,0]",0.16666666666666666,0.08333333333333333,0.75
167,"[-1,0,-1,-1]","[1,0,1,1]",0.07692307692307693,0.0,0.9230769230769231
168,"[-1,0,-1,-1]","[1,1,0,-1]",0.21428571428571427,0.2857142857142857,0.5
169,"[-1,0,-1,-1]","[1,1,0,0]",0.09090909090909091,0.0,0.9090909090909091
170,"[-1,0,-1,0]","[-1,-1,-1,0]",0.45454545454545453,0.36363636363636365,0.18181818181818182
171,"[-1,0,-1,0]","[-1,-1,0,-1]",0.8181818181818182,0.0,0.18181818181818182
172,"[-1,0,-1,0]","[-1,-1,0,0]",0.0,0.1,0.9
173,"[-1,0,-1,0]","[-1,-1,1,0]",0.2727272727272727,0.0,0.7272727272727273
174,"[-1,0,-1,0]","[-1,0,-1,-1]",0.5454545454545454,0.2727272727272727,0.18181818181818182
175,"[-1,0,-1,0]","[-1,0,0,-1]",0.4166666666666667,0.08333333333333333,0.5
176,"[-1,0,-1,0]","[-1,0,1,-1]",0.6363636363636364,0.0,0.36363636363636365
177,"[-1,0,-1,0]","[-1,1,0,0]",0.09090909090909091,0.0,0.9090909090909091
178,"[-1,0,-1,0]","[0,-1,-1,-1]",0.5,0.4,0.1
179,"[-1,0,-1,0]","[0,-1,-1,0]",0.3,0.3,0.4
180,"[-1,0,-1,0]","[0,-1,0,-1]",0.45454545454545453,0.0,0.5454545454545454
181,"[-1,0,-1,0]","[0,-1,1,0]",0.25,0.08333333333333333,0.6666666666666666
182,"[-1,0,-1,0]","[0,-1,1,1]",0.0,0.09090909090909091,0.9090909090909091
183,"[-1,0,-1,0]","[0,0,-1,1]",0.1,0.9,0.0
184,"[-1,0,-1,0]","[0,0,1,1]",0.2,0.2,0.6
185,"[-1,0,-1,0]","[0,1,-1,-1]",0.2,0.7,0.1
186,"[-1,0,-1,0]","[0,1,-1,0]",0.07142857142857142,0.7142857142857143,0.21428571428571427
187,"[-1,0,-1,0]","[0,1,0,-1]",0.6,0.0,0.4
188,"[-1,0,-1,0]","[0,1,0,1]",0.09090909090909091,0.18181818181818182,0.7272727272727273
189,"[-1,0,-1,0]","[0,1,1,-1]",0.4,0.2,0.4
190,"[-1,0,-1,0]","[0,1,1,0]",0.36363636363636365,0.0,0.6363636363636364
191,"[-1,0,-1,0]","[1,-1,0,-1]",0.3333333333333333,0.16666666666666666,0.5
192,"[-1,0,-1,0]","[1,-1,0,0]",0.0,0.0,1.0
193,"[-1,0,-1,0]","[1,-1,1,0]",0.5,0.08333333333333333,0.4166666666666667
194,"[-1,0,-1,0]","[1,0,-1,0]",0.08333333333333333,0.4166666666666667,0.5
195,"[-1,0,-1,0]","[1,0,0,-1]",0.6363636363636364,0.0,0.36363636363636365
196,"[-1,0,-1,0]","[1,1,-1,0]",0.16666666666666666,0.6666666666666666,0.16666666666666666
197,"[-1,0,-1,1]","[-1,-1,0,0]",0.5,0.0,0.5
198,"[-1,0,-1,1]","[-1,-1,0,1]",0.0,0.3,0.7
199,"[-1,0,-1,1]","[-1,-1,1,0]",0.08333333333333333,0.0,0.9166666666666666
200,"[-1,0,-1,1]","[-1,0,-1,0]",0.07692307692307693,0.6153846153846154,0.3076923076923077
201,"[-1,0,-1,1]","[-1,0,1,-1]",0.5454545454545454,0.0,0.45454545454545453
202,"[-1,0,-1,1]","[-1,0,1,0]",0.2,0.0,0.8
203,"[-1,0,-1,1]","[-1,0,1,1]",0.09090909090909091,0.0,0.9090909090909091
204,"[-1,0,-1,1]","[-1,1,-1,0]",0.1,0.9,0.0
205,"[-1,0,-1,1]","[-1,1,0,0]",0.3333333333333333,0.08333333333333333,0.5833333333333334
206,"[-1,0,-1,1]","[-1,1,0,1]",0.3,0.0,0.7
207,"[-1,0,-1,1]","[0,-1,0,1]",0.0,0.0,1.0
208,"[-1,0,-1,1]","[0,-1,1,0]",0.08333333333333333,0.0,0.9166666666666666
209,"[-1,0,-1,1]","[0,-1,1,1]",0.0,0.09090909090909091,0.9090909090909091
210,"[-1,0,-1,1]","[0,0,-1,1]",0.1,0.6,0.3
211,"[-1,0,-1,1]","[0,0,1,-1]",0.8333333333333334,0.08333333333333333,0.08333333333333333
212,"[-1,0,-1,1]","[0,0,1,1]",0.09090909090909091,0.09090909090909091,0.8181818181818182
213,"[-1,0,-1,1]","[0,1,1,-1]",0.6,0.0,0.4
214,"[-1,0,-1,1]","[0,1,1,1]",0.0,0.09090909090909091,0.9090909090909091
215,"[-1,0,-1,1]","[1,-1,0,-1]",0.6,0.1,0.3
216,"[-1,0,-1,1]","[1,-1,0,0]",0.3,0.0,0.7
217,"[-1,0,-1,1]","[1,-1,1,0]",0.18181818181818182,0.0,0.8181818181818182
218,"[-1,0,-1,1]","[1,0,-1,1]",0.14285714285714285,0.7857142857142857,0.07142857142857142
219,"[-1,0,-1,1]","[1,0,1,-1]",0.75,0.0,0.25
220,"[-1,0,-1,1]","[1,0,1,0]",0.09090909090909091,0.0,0.9090909090909091
221,"[-1,0,-1,1]","[1,0,1,1]",0.0,0.3,0.7
222,"[-1,0,-1,1]","[1,1,-1,0]",0.18181818181818182,0.45454545454545453,0.36363636363636365
223,"[-1,0,-1,1]","[1,1,0,0]",0.0,0.0,1.0
224,"[-1,0,-1,1]","[1,1,0,1]",0.18181818181818182,0.18181818181818182,0.6363636363636364
225,"[-1,0,0,-1]","[-1,-1,-1,0]",0.3,0.1,0.6
226,"[-1,0,0,-1]","[-1,-1,0,0]",0.36363636363636365,0.09090909090909091,0.5454545454545454
227,"[-1,0,0,-1]","[-1,0,-1,1]",0.6666666666666666,0.0,0.3333333333333333
228,"[-1,0,0,-1]","[-1,0,0,1]",0.18181818181818182,0.0,0.8181818181818182
229,"[-1,0,0,-1]","[-1,0,1,-1]",0.2727272727272727,0.36363636363636365,0.36363636363636365
230,"[-1,0,0,-1]","[-1,0,1,0]",0.2727272727272727,0.18181818181818182,0.5454545454545454
231,"[-1,0,0,-1]","[-1,0,1,1]",0.5454545454545454,0.09090909090909091,0.36363636363636365
232,"[-1,0,0,-1]","[-1,1,0,-1]",0.3333333333333333,0.6666666666666666,0.0
233,"[-1,0,0,-1]","[-1,1,0,1]",0.2727272727272727,0.09090909090909091,0.6363636363636364
234,"[-1,0,0,-1]","[-1,1,1,0]",0.3,0.5,0.2
235,"[-1,0,0,-1]","[0,-1,-1,-1]",0.5454545454545454,0.2727272727272727,0.18181818181818182
236,"[-1,0,0,-1]","[0,-1,0,-1]",0.6666666666666666,0.3333333333333333,0.0
237,"[-1,0,0,-1]","[0,-1,1,0]",0.3333333333333333,0.16666666666666666,0.5
238,"[-1,0,0,-1]","[0,-1,1,1]",0.36363636363636365,0.09090909090909091,0.5454545454545454
239,"[-1,0,0,-1]","[0,1,-1,0]",0.3,0.2,0.5
240,"[-1,0,0,-1]","[0,1,0,-1]",0.2,0.7,0.1
241,"[-1,0,0,-1]","[0,1,0,1]",0.3,0.0,0.7
242,"[-1,0,0,-1]","[1,-1,1,0]",0.36363636363636365,0.18181818181818182,0.45454545454545453
243,"[-1,0,0,-1]","[1,0,-1,1]",0.7,0.0,0.3
244,"[-1,0,0,-1]","[1,0,0,-1]",0.5,0.3,0.2
245,"[-1,0,0,-1]","[1,0,0,1]",0.1,0.2,0.7
246,"[-1,0,0,-1]","[1,0,1,-1]",0.21428571428571427,0.5714285714285714,0.21428571428571427
247,"[-1,0,0,-1]","[1,0,1,0]",0.36363636363636365,0.0,0.6363636363636364
248,"[-1,0,0,-1]","[1,0,1,1]",0.18181818181818182,0.09090909090909091,0.7272727272727273
249,"[-1,0,0,-1]","[1,1,-1,0]",0.2727272727272727,0.18181818181818182,0.5454545454545454
250,"[-1,0,0,-1]","[1,1,0,0]",0.16666666666666666,0.0,0.8333333333333334
251,"[-1,0,0,-1]","[1,1,1,0]",0.2,0.3,0.5
252,"[-1,0,0,1]","[-1,-1,0,-1]",0.9,0.1,0.0
253,"[-1,0,0,1]","[-1,-1,0,0]",0.4,0.1,0.5
254,"[-1,0,0,1]","[-1,-1,1,0]",1.0,0.0,0.0
255,"[-1,0,0,1]","[-1,0,-1,0]",0.7272727272727273,0.0,0.2727272727272727
256,"[-1,0,0,1]","[-1,0,-1,1]",0.7272727272727273,0.09090909090909091,0.18181818181818182
257,"[-1,0,0,1]","[-1,0,1,-1]",0.8,0.0,0.2
258,"[-1,0,0,1]","[-1,1,0,-1]",0.8,0.2,0.0
259,"[-1,0,0,1]","[-1,1,0,0]",0.4,0.2,0.4
260,"[-1,0,0,1]","[-1,1,0,1]",0.45454545454545453,0.0,0.5454545454545454
261,"[-1,0,0,1]","[-1,1,1,0]",0.8333333333333334,0.08333333333333333,0.08333333333333333
262,"[-1,0,0,1]","[0,-1,0,-1]",0.8181818181818182,0.0,0.18181818181818182
263,"[-1,0,0,1]","[0,-1,1,1]",0.6,0.1,0.3
264,"[-1,0,0,1]","[0,0,-1,-1]",0.9090909090909091,0.0,0.09090909090909091
265,"[-1,0,0,1]","[0,1,-1,-1]",0.8181818181818182,0.0,0.18181818181818182
266,"[-1,0,0,1]","[0,1,-1,0]",0.9,0.0,0.1
267,"[-1,0,0,1]","[0,1,-1,1]",0.9,0.0,0.1
268,"[-1,0,0,1]","[0,1,0,1]",0.5,0.0,0.5
269,"[-1,0,0,1]","[0,1,1,0]",0.9,0.1,0.0
270,"[-1,0,0,1]","[1,-1,0,-1]",0.7,0.1,0.2
271,"[-1,0,0,1]","[1,-1,0,0]",0.36363636363636365,0.0,0.6363636363636364
272,"[-1,0,0,1]","[1,-1,1,0]",0.8,0.0,0.2
273,"[-1,0,0,1]","[1,0,-1,-1]",1.0,0.0,0.0
274,"[-1,0,0,1]","[1,0,-1,0]",0.6,0.0,0.4
275,"[-1,0,0,1]","[1,0,-1,1]",0.8181818181818182,0.0,0.18181818181818182
276,"[-1,0,0,1]","[1,0,0,-1]",1.0,0.0,0.0
277,"[-1,0,0,1]","[1,0,0,1]",0.36363636363636365,0.18181818181818182,0.45454545454545453
278,"[-1,0,0,1]","[1,0,1,0]",0.8,0.1,0.1
279,"[-1,0,0,1]","[1,1,0,-1]",0.8333333333333334,0.08333333333333333,0.08333333333333333
280,"[-1,0,0,1]","[1,1,0,0]",0.3333333333333333,0.08333333333333333,0.5833333333333334
281,"[-1,0,0,1]","[1,1,0,1]",0.7,0.1,0.2
282,"[-1,0,0,1]","[1,1,1,0]",0.9090909090909091,0.0,0.09090909090909091
283,"[-1,0,1,-1]","[-1,-1,-1,0]",0.45454545454545453,0.09090909090909091,0.45454545454545453
284,"[-1,0,1,-1]","[-1,-1,0,-1]",0.0,0.8181818181818182,0.18181818181818182
285,"[-1,0,1,-1]","[-1,-1,0,1]",0.25,0.0,0.75
286,"[-1,0,1,-1]","[-1,0,-1,-1]",0.2727272727272727,0.5454545454545454,0.18181818181818182
287,"[-1,0,1,-1]","[-1,0,1,0]",0.0,0.6,0.4
288,"[-1,0,1,-1]","[-1,0,1,1]",0.0,0.2727272727272727,0.7272727272727273
289,"[-1,0,1,-1]","[-1,1,-1,0]",0.1,0.2,0.7
290,"[-1,0,1,-1]","[-1,1,0,-1]",0.08333333333333333,0.75,0.16666666666666666
291,"[-1,0,1,-1]","[-1,1,0,0]",0.23076923076923078,0.07692307692307693,0.6923076923076923
292,"[-1,0,1,-1]","[0,-1,-1,1]",0.2727272727272727,0.0,0.7272727272727273
293,"[-1,0,1,-1]","[0,-1,0,-1]",0.1,0.7,0.2
294,"[-1,0,1,-1]","[0,-1,1,-1]",0.18181818181818182,0.6363636363636364,0.18181818181818182
295,"[-1,0,1,-1]","[0,-1,1,0]",0.0,0.5,0.5
296,"[-1,0,1,-1]","[0,-1,1,1]",0.08333333333333333,0.5,0.4166666666666667
297,"[-1,0,1,-1]","[0,0,-1,-1]",0.4,0.4,0.2
298,"[-1,0,1,-1]","[0,0,-1,1]",0.3,0.0,0.7
299,"[-1,0,1,-1]","[0,0,1,-1]",0.4166666666666667,0.5,0.08333333333333333
300,"[-1,0,1,-1]","[0,0,1,1]",0.18181818181818182,0.36363636363636365,0.45454545454545453
301,"[-1,0,1,-1]","[0,1,-1,-1]",0.4166666666666667,0.4166666666666667,0.16666666666666666
302,"[-1,0,1,-1]","[0,1,-1,1]",0.45454545454545453,0.0,0.5454545454545454
303,"[-1,0,1,-1]","[0,1,0,1]",0.09090909090909091,0.0,0.9090909090909091
304,"[-1,0,1,-1]","[0,1,1,-1]",0.16666666666666666,0.75,0.08333333333333333
305,"[-1,0,1,-1]","[0,1,1,1]",0.1,0.3,0.6
306,"[-1,0,1,-1]","[1,-1,-1,0]",0.6363636363636364,0.0,0.36363636363636365
307,"[-1,0,1,-1]","[1,-1,0,0]",0.0,0.0,1.0
308,"[-1,0,1,-1]","[1,0,-1,0]",0.4,0.13333333333333333,0.4666666666666667
309,"[-1,0,1,-1]","[1,0,0,1]",0.07692307692307693,0.0,0.9230769230769231
310,"[-1,0,1,-1]","[1,1,-1,0]",0.16666666666666666,0.08333333333333333,0.75
311,"[-1,0,1,-1]","[1,1,0,-1]",0.09090909090909091,0.45454545454545453,0.45454545454545453
312,"[-1,0,1,-1]","[1,1,0,1]",0.3333333333333333,0.0,0.6666666666666666
313,"[-1,0,1,0]","[-1,-1,-1,0]",0.45454545454545453,0.45454545454545453,0.09090909090909091
314,"[-1,0,1,0]","[-1,-1,0,-1]",0.7272727272727273,0.09090909090909091,0.18181818181818182
315,"[-1,0,1,0]","[-1,-1,0,1]",0.2727272727272727,0.09090909090909091,0.6363636363636364
316,"[-1,0,1,0]","[-1,0,-1,0]",0.5454545454545454,0.09090909090909091,0.36363636363636365
317,"[-1,0,1,0]","[-1,0,0,1]",0.16666666666666666,0.08333333333333333,0.75
318,"[-1,0,1,0]","[-1,1,0,0]",0.5,0.16666666666666666,0.3333333333333333
319,"[-1,0,1,0]","[-1,1,0,1]",0.36363636363636365,0.09090909090909091,0.5454545454545454
320,"[-1,0,1,0]","[-1,1,1,0]",0.09090909090909091,0.5454545454545454,0.36363636363636365
321,"[-1,0,1,0]","[0,-1,-1,0]",0.5,0.0,0.5
322,"[-1,0,1,0]","[0,-1,0,1]",0.15384615384615385,0.0,0.8461538461538461
323,"[-1,0,1,0]","[0,-1,1,-1]",0.25,0.75,0.0
324,"[-1,0,1,0]","[0,-1,1,0]",0.3,0.4,0.3
325,"[-1,0,1,0]","[0,0,1,-1]",0.6363636363636364,0.2727272727272727,0.09090909090909091
326,"[-1,0,1,0]","[0,1,-1,1]",0.5,0.0,0.5
327,"[-1,0,1,0]","[0,1,0,1]",0.5454545454545454,0.09090909090909091,0.36363636363636365
328,"[-1,0,1,0]","[0,1,1,0]",0.0,0.5454545454545454,0.45454545454545453
329,"[-1,0,1,0]","[0,1,1,1]",0.5454545454545454,0.09090909090909091,0.36363636363636365
330,"[-1,0,1,0]","[1,-1,0,0]",0.3076923076923077,0.0,0.6923076923076923
331,"[-1,0,1,0]","[1,0,-1,-1]",0.9090909090909091,0.09090909090909091,0.0
332,"[-1,0,1,0]","[1,0,-1,1]",0.8,0.1,0.1
333,"[-1,0,1,0]","[1,0,1,0]",0.18181818181818182,0.45454545454545453,0.36363636363636365
334,"[-1,0,1,0]","[1,0,1,1]",0.5,0.16666666666666666,0.3333333333333333
335,"[-1,0,1,0]","[1,1,-1,0]",0.8333333333333334,0.0,0.16666666666666666
336,"[-1,0,1,0]","[1,1,0,-1]",0.45454545454545453,0.36363636363636365,0.18181818181818182
337,"[-1,0,1,1]","[-1,-1,0,0]",0.0,0.0,1.0
338,"[-1,0,1,1]","[-1,0,-1,0]",0.3,0.0,0.7
339,"[-1,0,1,1]","[-1,0,0,1]",0.1,0.1,0.8
340,"[-1,0,1,1]","[-1,0,1,0]",0.1,0.5,0.4
341,"[-1,0,1,1]","[-1,1,0,0]",0.2727272727272727,0.18181818181818182,0.5454545454545454
342,"[-1,0,1,1]","[0,-1,0,-1]",0.6666666666666666,0.25,0.08333333333333333
343,"[-1,0,1,1]","[0,-1,0,1]",0.18181818181818182,0.0,0.8181818181818182
344,"[-1,0,1,1]","[0,-1,1,-1]",0.8181818181818182,0.09090909090909091,0.09090909090909091
345,"[-1,0,1,1]","[0,-1,1,0]",0.36363636363636365,0.36363636363636365,0.2727272727272727
346,"[-1,0,1,1]","[0,-1,1,1]",0.18181818181818182,0.45454545454545453,0.36363636363636365
347,"[-1,0,1,1]","[0,1,-1,-1]",0.8333333333333334,0.08333333333333333,0.08333333333333333
348,"[-1,0,1,1]","[0,1,-1,0]",0.5454545454545454,0.0,0.45454545454545453
349,"[-1,0,1,1]","[0,1,0,-1]",0.4166666666666667,0.16666666666666666,0.4166666666666667
350,"[-1,0,1,1]","[0,1,1,0]",0.5833333333333334,0.3333333333333333,0.08333333333333333
351,"[-1,0,1,1]","[1,-1,0,-1]",0.9,0.0,0.1
352,"[-1,0,1,1]","[1,-1,0,0]",0.09090909090909091,0.0,0.9090909090909091
353,"[-1,0,1,1]","[1,-1,0,1]",0.0,0.3,0.7
354,"[-1,0,1,1]","[1,0,-1,0]",0.7272727272727273,0.0,0.2727272727272727
355,"[-1,0,1,1]","[1,0,0,-1]",0.6,0.1,0.3
356,"[-1,0,1,1]","[1,0,0,1]",0.25,0.0,0.75
357,"[-1,0,1,1]","[1,0,1,-1]",0.5833333333333334,0.25,0.16666666666666666
358,"[-1,0,1,1]","[1,0,1,1]",0.0,0.6,0.4
359,"[-1,0,1,1]","[1,1,0,-1]",0.7272727272727273,0.0,0.2727272727272727
360,"[-1,0,1,1]","[1,1,0,1]",0.2,0.2,0.6
361,"[-1,1,-1,0]","[-1,-1,-1,0]",0.09090909090909091,0.7272727272727273,0.18181818181818182
362,"[-1,1,-1,0]","[-1,-1,0,0]",0.09090909090909091,0.09090909090909091,0.8181818181818182
363,"[-1,1,-1,0]","[-1,-1,0,1]",0.08333333333333333,0.0,0.9166666666666666
364,"[-1,1,-1,0]","[-1,-1,1,0]",0.08333333333333333,0.08333333333333333,0.8333333333333334
365,"[-1,1,-1,0]","[-1,0,-1,-1]",0.1,0.6,0.3
366,"[-1,1,-1,0]","[-1,0,-1,0]",0.1,0.5,0.4
367,"[-1,1,-1,0]","[-1,0,0,-1]",0.5454545454545454,0.2727272727272727,0.18181818181818182
368,"[-1,1,-1,0]","[-1,0,0,1]",0.0,0.0,1.0
369,"[-1,1,-1,0]","[-1,0,1,0]",0.0,0.18181818181818182,0.8181818181818182
370,"[-1,1,-1,0]","[-1,0,1,1]",0.09090909090909091,0.09090909090909091,0.8181818181818182
371,"[-1,1,-1,0]","[-1,1,0,-1]",0.8181818181818182,0.18181818181818182,0.0
372,"[-1,1,-1,0]","[-1,1,1,0]",0.4,0.2,0.4
373,"[-1,1,-1,0]","[0,-1,0,-1]",0.3,0.1,0.6
374,"[-1,1,-1,0]","[0,-1,0,1]",0.0,0.0,1.0
375,"[-1,1,-1,0]","[0,-1,1,-1]",0.4,0.1,0.5
376,"[-1,1,-1,0]","[0,0,-1,-1]",0.1,0.7,0.2
377,"[-1,1,-1,0]","[0,0,1,1]",0.16666666666666666,0.08333333333333333,0.75
378,"[-1,1,-1,0]","[0,1,-1,1]",0.16666666666666666,0.6666666666666666,0.16666666666666666
379,"[-1,1,-1,0]","[0,1,0,-1]",0.3,0.3,0.4
380,"[-1,1,-1,0]","[0,1,1,0]",0.1,0.3,0.6
381,"[-1,1,-1,0]","[1,-1,0,-1]",0.09090909090909091,0.18181818181818182,0.7272727272727273
382,"[-1,1,-1,0]","[1,-1,0,0]",0.0,0.1,0.9
383,"[-1,1,-1,0]","[1,-1,0,1]",0.0,0.0,1.0
384,"[-1,1,-1,0]","[1,0,-1,-1]",0.2727272727272727,0.6363636363636364,0.09090909090909091
385,"[-1,1,-1,0]","[1,0,-1,1]",0.0,0.7272727272727273,0.2727272727272727
386,"[-1,1,-1,0]","[1,0,0,1]",0.2727272727272727,0.09090909090909091,0.6363636363636364
387,"[-1,1,-1,0]","[1,0,1,-1]",0.2727272727272727,0.36363636363636365,0.36363636363636365
388,"[-1,1,-1,0]","[1,0,1,1]",0.08333333333333333,0.0,0.9166666666666666
389,"[-1,1,-1,0]","[1,1,0,1]",0.0,0.0,1.0
390,"[-1,1,-1,0]","[1,1,1,0]",0.36363636363636365,0.2727272727272727,0.36363636363636365
391,"[-1,1,0,-1]","[-1,-1,-1,0]",0.4,0.2,0.4
392,"[-1,1,0,-1]","[-1,-1,0,-1]",0.18181818181818182,0.7272727272727273,0.09090909090909091
393,"[-1,1,0,-1]","[-1,0,-1,-1]",0.2727272727272727,0.36363636363636365,0.36363636363636365
394,"[-1,1,0,-1]","[-1,0,-1,0]",0.2727272727272727,0.09090909090909091,0.6363636363636364
395,"[-1,1,0,-1]","[-1,0,-1,1]",0.2727272727272727,0.0,0.7272727272727273
396,"[-1,1,0,-1]","[-1,0,1,0]",0.1,0.1,0.8
397,"[-1,1,0,-1]","[-1,0,1,1]",0.25,0.08333333333333333,0.6666666666666666
398,"[-1,1,0,-1]","[-1,1,0,0]",0.08333333333333333,0.25,0.6666666666666666
399,"[-1,1,0,-1]","[-1,1,1,0]",0.0,0.2,0.8
400,"[-1,1,0,-1]","[0,-1,-1,-1]",0.2727272727272727,0.6363636363636364,0.09090909090909091
401,"[-1,1,0,-1]","[0,-1,-1,1]",0.5,0.1,0.4
402,"[-1,1,0,-1]","[0,-1,0,1]",0.0,0.08333333333333333,0.9166666666666666
403,"[-1,1,0,-1]","[0,-1,1,1]",0.2,0.1,0.7
404,"[-1,1,0,-1]","[0,0,-1,1]",0.16666666666666666,0.16666666666666666,0.6666666666666666
405,"[-1,1,0,-1]","[0,1,-1,-1]",0.1,0.6,0.3
406,"[-1,1,0,-1]","[0,1,0,-1]",0.07692307692307693,0.3076923076923077,0.6153846153846154
407,"[-1,1,0,-1]","[0,1,1,-1]",0.16666666666666666,0.6666666666666666,0.16666666666666666
408,"[-1,1,0,-1]","[0,1,1,0]",0.08333333333333333,0.3333333333333333,0.5833333333333334
409,"[-1,1,0,-1]","[1,-1,0,-1]",0.07692307692307693,0.38461538461538464,0.5384615384615384
410,"[-1,1,0,-1]","[1,-1,0,1]",0.0,0.09090909090909091,0.9090909090909091
411,"[-1,1,0,-1]","[1,0,-1,-1]",0.4166666666666667,0.5833333333333334,0.0
412,"[-1,1,0,-1]","[1,0,1,0]",0.0,0.16666666666666666,0.8333333333333334
413,"[-1,1,0,-1]","[1,0,1,1]",0.4,0.1,0.5
414,"[-1,1,0,-1]","[1,1,0,-1]",0.1,0.8,0.1
415,"[-1,1,0,-1]","[1,1,0,1]",0.08333333333333333,0.08333333333333333,0.8333333333333334
416,"[-1,1,0,0]","[-1,-1,0,1]",0.25,0.08333333333333333,0.6666666666666666
417,"[-1,1,0,0]","[-1,0,-1,-1]",1.0,0.0,0.0
418,"[-1,1,0,0]","[-1,0,0,-1]",0.5833333333333334,0.08333333333333333,0.3333333333333333
419,"[-1,1,0,0]","[-1,1,-1,0]",0.7692307692307693,0.0,0.23076923076923078
420,"[-1,1,0,0]","[-1,1,1,0]",0.6153846153846154,0.15384615384615385,0.23076923076923078
421,"[-1,1,0,0]","[0,-1,0,-1]",0.35714285714285715,0.35714285714285715,0.2857142857142857
422,"[-1,1,0,0]","[0,-1,0,1]",0.25,0.08333333333333333,0.6666666666666666
423,"[-1,1,0,0]","[0,-1,1,-1]",0.6666666666666666,0.25,0.08333333333333333
424,"[-1,1,0,0]","[0,-1,1,0]",0.6,0.1,0.3
425,"[-1,1,0,0]","[0,-1,1,1]",0.5454545454545454,0.09090909090909091,0.36363636363636365
426,"[-1,1,0,0]","[0,0,-1,-1]",0.5454545454545454,0.2727272727272727,0.18181818181818182
427,"[-1,1,0,0]","[0,0,-1,1]",0.7272727272727273,0.0,0.2727272727272727
428,"[-1,1,0,0]","[0,0,1,-1]",0.7272727272727273,0.18181818181818182,0.09090909090909091
429,"[-1,1,0,0]","[0,0,1,1]",0.4,0.2,0.4
430,"[-1,1,0,0]","[0,1,-1,-1]",0.9,0.1,0.0
431,"[-1,1,0,0]","[0,1,-1,0]",0.5454545454545454,0.0,0.45454545454545453
432,"[-1,1,0,0]","[0,1,0,-1]",0.8333333333333334,0.16666666666666666,0.0
433,"[-1,1,0,0]","[0,1,1,0]",0.9090909090909091,0.09090909090909091,0.0
434,"[-1,1,0,0]","[0,1,1,1]",0.5454545454545454,0.0,0.45454545454545453
435,"[-1,1,0,0]","[1,-1,-1,0]",0.46153846153846156,0.07692307692307693,0.46153846153846156
436,"[-1,1,0,0]","[1,-1,0,0]",0.2727272727272727,0.18181818181818182,0.5454545454545454
437,"[-1,1,0,0]","[1,-1,1,0]",0.6666666666666666,0.0,0.3333333333333333
438,"[-1,1,0,0]","[1,0,-1,-1]",0.6363636363636364,0.36363636363636365,0.0
439,"[-1,1,0,0]","[1,0,-1,0]",0.7272727272727273,0.0,0.2727272727272727
440,"[-1,1,0,0]","[1,1,0,-1]",0.7272727272727273,0.2727272727272727,0.0
441,"[-1,1,0,1]","[-1,-1,-1,0]",0.5454545454545454,0.0,0.45454545454545453
442,"[-1,1,0,1]","[-1,-1,0,0]",0.5,0.0,0.5
443,"[-1,1,0,1]","[-1,-1,0,1]",0.4,0.0,0.6
444,"[-1,1,0,1]","[-1,-1,1,0]",0.6666666666666666,0.08333333333333333,0.25
445,"[-1,1,0,1]","[-1,0,-1,-1]",0.75,0.0,0.25
446,"[-1,1,0,1]","[-1,0,-1,0]",0.6,0.0,0.4
447,"[-1,1,0,1]","[-1,0,1,-1]",0.6666666666666666,0.08333333333333333,0.25
448,"[-1,1,0,1]","[-1,0,1,1]",0.6,0.0,0.4
449,"[-1,1,0,1]","[-1,1,-1,0]",0.7272727272727273,0.09090909090909091,0.18181818181818182
450,"[-1,1,0,1]","[-1,1,0,-1]",0.7,0.1,0.2
451,"[-1,1,0,1]","[-1,1,0,0]",0.3333333333333333,0.25,0.4166666666666667
452,"[-1,1,0,1]","[0,-1,-1,-1]",0.9,0.0,0.1
453,"[-1,1,0,1]","[0,-1,-1,1]",0.7333333333333333,0.2,0.06666666666666667
454,"[-1,1,0,1]","[0,-1,0,-1]",1.0,0.0,0.0
455,"[-1,1,0,1]","[0,-1,1,-1]",0.9,0.1,0.0
456,"[-1,1,0,1]","[0,-1,1,0]",1.0,0.0,0.0
457,"[-1,1,0,1]","[0,-1,1,1]",0.7,0.1,0.2
458,"[-1,1,0,1]","[0,1,-1,-1]",0.7,0.0,0.3
459,"[-1,1,0,1]","[0,1,-1,0]",0.9166666666666666,0.0,0.08333333333333333
460,"[-1,1,0,1]","[0,1,-1,1]",0.5454545454545454,0.18181818181818182,0.2727272727272727
461,"[-1,1,0,1]","[0,1,0,-1]",0.9230769230769231,0.0,0.07692307692307693
462,"[-1,1,0,1]","[0,1,1,-1]",0.8,0.0,0.2
463,"[-1,1,0,1]","[0,1,1,0]",0.4166666666666667,0.25,0.3333333333333333
464,"[-1,1,0,1]","[0,1,1,1]",0.5,0.08333333333333333,0.4166666666666667
465,"[-1,1,0,1]","[1,-1,1,0]",0.9,0.0,0.1
466,"[-1,1,0,1]","[1,0,-1,-1]",0.75,0.0,0.25
467,"[-1,1,0,1]","[1,0,-1,0]",0.9090909090909091,0.0,0.09090909090909091
468,"[-1,1,0,1]","[1,0,-1,1]",0.6,0.0,0.4
469,"[-1,1,0,1]","[1,0,0,-1]",0.8333333333333334,0.0,0.16666666666666666
470,"[-1,1,0,1]","[1,0,0,1]",0.16666666666666666,0.3333333333333333,0.5
471,"[-1,1,0,1]","[1,0,1,-1]",0.8181818181818182,0.0,0.18181818181818182
472,"[-1,1,0,1]","[1,0,1,0]",0.75,0.08333333333333333,0.16666666666666666
473,"[-1,1,1,0]","[-1,-1,0,1]",0.25,0.0,0.75
474,"[-1,1,1,0]","[-1,-1,1,0]",0.0,0.5,0.5
475,"[-1,1,1,0]","[-1,0,-1,0]",0.5,0.0,0.5
476,"[-1,1,1,0]","[-1,0,-1,1]",0.5,0.0,0.5
477,"[-1,1,1,0]","[-1,0,1,-1]",0.36363636363636365,0.5454545454545454,0.09090909090909091
478,"[-1,1,1,0]","[-1,0,1,1]",0.0,0.5454545454545454,0.45454545454545453
479,"[-1,1,1,0]","[-1,1,0,1]",0.0,0.1,0.9
480,"[-1,1,1,0]","[0,-1,-1,-1]",0.6,0.3,0.1
481,"[-1,1,1,0]","[0,-1,-1,1]",0.45454545454545453,0.0,0.5454545454545454
482,"[-1,1,1,0]","[0,-1,0,-1]",0.08333333333333333,0.6666666666666666,0.25
483,"[-1,1,1,0]","[0,-1,0,1]",0.16666666666666666,0.0,0.8333333333333334
484,"[-1,1,1,0]","[0,-1,1,-1]",0.2727272727272727,0.5454545454545454,0.18181818181818182
485,"[-1,1,1,0]","[0,-1,1,1]",0.09090909090909091,0.18181818181818182,0.7272727272727273
486,"[-1,1,1,0]","[0,0,-1,-1]",0.7,0.2,0.1
487,"[-1,1,1,0]","[0,0,-1,1]",0.45454545454545453,0.0,0.5454545454545454
488,"[-1,1,1,0]","[0,0,1,-1]",0.3,0.7,0.0
489,"[-1,1,1,0]","[0,0,1,1]",0.18181818181818182,0.18181818181818182,0.6363636363636364
490,"[-1,1,1,0]","[0,1,-1,-1]",0.5454545454545454,0.09090909090909091,0.36363636363636365
491,"[-1,1,1,0]","[0,1,0,1]",0.0,0.08333333333333333,0.9166666666666666
492,"[-1,1,1,0]","[0,1,1,-1]",0.18181818181818182,0.8181818181818182,0.0
493,"[-1,1,1,0]","[0,1,1,1]",0.1,0.6,0.3
494,"[-1,1,1,0]","[1,-1,-1,0]",0.4,0.0,0.6
495,"[-1,1,1,0]","[1,-1,0,-1]",0.09090909090909091,0.6363636363636364,0.2727272727272727
496,"[-1,1,1,0]","[1,-1,1,0]",0.0,0.6153846153846154,0.38461538461538464
497,"[-1,1,1,0]","[1,0,-1,-1]",0.7,0.3,0.0
498,"[-1,1,1,0]","[1,0,-1,0]",0.5,0.2,0.3
499,"[-1,1,1,0]","[1,1,0,1]",0.09090909090909091,0.09090909090909091,0.8181818181818182
500,"[-1,1,1,0]","[1,1,1,0]",0.0,0.6,0.4
501,"[0,-1,-1,-1]","[-1,-1,0,0]",0.08333333333333333,0.08333333333333333,0.8333333333333334
502,"[0,-1,-1,-1]","[-1,-1,1,0]",0.2,0.1,0.7
503,"[0,-1,-1,-1]","[-1,0,-1,-1]",0.2,0.7,0.1
504,"[0,-1,-1,-1]","[-1,0,-1,1]",0.1,0.5,0.4
505,"[0,-1,-1,-1]","[-1,0,0,1]",0.09090909090909091,0.0,0.9090909090909091
506,"[0,-1,-1,-1]","[-1,0,1,-1]",0.0,0.4,0.6
507,"[0,-1,-1,-1]","[-1,0,1,0]",0.18181818181818182,0.0,0.8181818181818182
508,"[0,-1,-1,-1]","[-1,0,1,1]",0.09090909090909091,0.0,0.9090909090909091
509,"[0,-1,-1,-1]","[-1,1,-1,0]",0.1,0.6,0.3
510,"[0,-1,-1,-1]","[-1,1,0,0]",0.25,0.0,0.75
511,"[0,-1,-1,-1]","[0,-1,-1,1]",0.08333333333333333,0.3333333333333333,0.5833333333333334
512,"[0,-1,-1,-1]","[0,-1,0,-1]",0.0,0.45454545454545453,0.5454545454545454
513,"[0,-1,-1,-1]","[0,-1,0,1]",0.1,0.0,0.9
514,"[0,-1,-1,-1]","[0,0,1,1]",0.2727272727272727,0.0,0.7272727272727273
515,"[0,-1,-1,-1]","[0,1,-1,0]",0.18181818181818182,0.45454545454545453,0.36363636363636365
516,"[0,-1,-1,-1]","[0,1,0,-1]",0.25,0.25,0.5
517,"[0,-1,-1,-1]","[0,1,1,-1]",0.4,0.3,0.3
518,"[0,-1,-1,-1]","[1,-1,0,-1]",0.21428571428571427,0.35714285714285715,0.42857142857142855
519,"[0,-1,-1,-1]","[1,-1,0,0]",0.18181818181818182,0.0,0.8181818181818182
520,"[0,-1,-1,-1]","[1,-1,0,1]",0.08333333333333333,0.0,0.9166666666666666
521,"[0,-1,-1,-1]","[1,0,-1,-1]",0.16666666666666666,0.75,0.08333333333333333
522,"[0,-1,-1,-1]","[1,0,-1,0]",0.15384615384615385,0.38461538461538464,0.46153846153846156
523,"[0,-1,-1,-1]","[1,0,0,-1]",0.45454545454545453,0.36363636363636365,0.18181818181818182
524,"[0,-1,-1,-1]","[1,1,-1,0]",0.18181818181818182,0.36363636363636365,0.45454545454545453
525,"[0,-1,-1,-1]","[1,1,0,-1]",0.2,0.4,0.4
526,"[0,-1,-1,0]","[-1,-1,-1,0]",0.1,0.7,0.2
527,"[0,-1,-1,0]","[-1,-1,0,0]",0.25,0.0,0.75
528,"[0,-1,-1,0]","[-1,-1,1,0]",0.08333333333333333,0.16666666666666666,0.75
529,"[0,-1,-1,0]","[-1,0,-1,-1]",0.35714285714285715,0.35714285714285715,0.2857142857142857
530,"[0,-1,-1,0]","[-1,0,-1,1]",0.3,0.7,0.0
531,"[0,-1,-1,0]","[-1,0,0,-1]",0.4166666666666667,0.08333333333333333,0.5
532,"[0,-1,-1,0]","[-1,0,0,1]",0.09090909090909091,0.0,0.9090909090909091
533,"[0,-1,-1,0]","[-1,0,1,-1]",0.6,0.0,0.4
534,"[0,-1,-1,0]","[-1,0,1,1]",0.0,0.1,0.9
535,"[0,-1,-1,0]","[-1,1,-1,0]",0.2,0.5,0.3
536,"[0,-1,-1,0]","[-1,1,0,-1]",0.5454545454545454,0.0,0.45454545454545453
537,"[0,-1,-1,0]","[-1,1,0,0]",0.18181818181818182,0.09090909090909091,0.7272727272727273
538,"[0,-1,-1,0]","[-1,1,0,1]",0.09090909090909091,0.18181818181818182,0.7272727272727273
539,"[0,-1,-1,0]","[-1,1,1,0]",0.5454545454545454,0.0,0.45454545454545453
540,"[0,-1,-1,0]","[0,-1,-1,-1]",0.5,0.3333333333333333,0.16666666666666666
541,"[0,-1,-1,0]","[0,-1,-1,1]",0.16666666666666666,0.6666666666666666,0.16666666666666666
542,"[0,-1,-1,0]","[0,-1,0,-1]",0.5454545454545454,0.09090909090909091,0.36363636363636365
543,"[0,-1,-1,0]","[0,-1,0,1]",0.0,0.09090909090909091,0.9090909090909091
544,"[0,-1,-1,0]","[0,-1,1,0]",0.25,0.0,0.75
545,"[0,-1,-1,0]","[0,0,-1,-1]",0.8181818181818182,0.18181818181818182,0.0
546,"[0,-1,-1,0]","[0,0,-1,1]",0.45454545454545453,0.5454545454545454,0.0
547,"[0,-1,-1,0]","[0,0,1,-1]",0.75,0.0,0.25
548,"[0,-1,-1,0]","[0,1,0,1]",0.36363636363636365,0.0,0.6363636363636364
549,"[0,-1,-1,0]","[0,1,1,0]",0.2727272727272727,0.0,0.7272727272727273
550,"[0,-1,-1,0]","[1,-1,-1,0]",0.1,0.5,0.4
551,"[0,-1,-1,0]","[1,-1,0,-1]",0.5454545454545454,0.0,0.45454545454545453
552,"[0,-1,-1,0]","[1,-1,0,1]",0.1,0.0,0.9
553,"[0,-1,-1,0]","[1,0,-1,-1]",0.6363636363636364,0.2727272727272727,0.09090909090909091
554,"[0,-1,-1,0]","[1,0,-1,0]",0.18181818181818182,0.5454545454545454,0.2727272727272727
555,"[0,-1,-1,0]","[1,0,0,-1]",0.5714285714285714,0.0,0.42857142857142855
556,"[0,-1,-1,0]","[1,0,1,-1]",0.2727272727272727,0.0,0.7272727272727273
557,"[0,-1,-1,0]","[1,0,1,1]",0.36363636363636365,0.09090909090909091,0.5454545454545454
558,"[0,-1,-1,0]","[1,1,0,0]",0.09090909090909091,0.0,0.9090909090909091
559,"[0,-1,-1,0]","[1,1,1,0]",0.5,0.0,0.5
560,"[0,-1,-1,1]","[-1,-1,-1,0]",0.18181818181818182,0.5454545454545454,0.2727272727272727
561,"[0,-1,-1,1]","[-1,-1,0,0]",0.36363636363636365,0.09090909090909091,0.5454545454545454
562,"[0,-1,-1,1]","[-1,-1,0,1]",0.09090909090909091,0.09090909090909091,0.8181818181818182
563,"[0,-1,-1,1]","[-1,0,-1,0]",0.18181818181818182,0.45454545454545453,0.36363636363636365
564,"[0,-1,-1,1]","[-1,0,-1,1]",0.0,0.8333333333333334,0.16666666666666666
565,"[0,-1,-1,1]","[-1,0,0,-1]",0.4,0.2,0.4
566,"[0,-1,-1,1]","[-1,0,0,1]",0.0,0.18181818181818182,0.8181818181818182
567,"[0,-1,-1,1]","[-1,0,1,0]",0.2,0.0,0.8
568,"[0,-1,-1,1]","[-1,0,1,1]",0.0,0.09090909090909091,0.9090909090909091
569,"[0,-1,-1,1]","[-1,1,-1,0]",0.08333333333333333,0.5833333333333334,0.3333333333333333
570,"[0,-1,-1,1]","[-1,1,0,0]",0.16666666666666666,0.0,0.8333333333333334
571,"[0,-1,-1,1]","[0,-1,0,-1]",0.5454545454545454,0.0,0.45454545454545453
572,"[0,-1,-1,1]","[0,-1,1,-1]",0.5454545454545454,0.09090909090909091,0.36363636363636365
573,"[0,-1,-1,1]","[0,-1,1,0]",0.45454545454545453,0.0,0.5454545454545454
574,"[0,-1,-1,1]","[0,-1,1,1]",0.09090909090909091,0.2727272727272727,0.6363636363636364
575,"[0,-1,-1,1]","[0,0,-1,-1]",0.5454545454545454,0.2727272727272727,0.18181818181818182
576,"[0,-1,-1,1]","[0,0,-1,1]",0.0,0.9,0.1
577,"[0,-1,-1,1]","[0,0,1,-1]",0.4,0.1,0.5
578,"[0,-1,-1,1]","[0,0,1,1]",0.16666666666666666,0.16666666666666666,0.6666666666666666
579,"[0,-1,-1,1]","[0,1,0,-1]",0.7272727272727273,0.0,0.2727272727272727
580,"[0,-1,-1,1]","[0,1,1,1]",0.3,0.1,0.6
581,"[0,-1,-1,1]","[1,-1,0,0]",0.08333333333333333,0.08333333333333333,0.8333333333333334
582,"[0,-1,-1,1]","[1,0,-1,0]",0.1,0.6,0.3
583,"[0,-1,-1,1]","[1,0,0,-1]",0.4,0.1,0.5
584,"[0,-1,-1,1]","[1,0,0,1]",0.09090909090909091,0.0,0.9090909090909091
585,"[0,-1,-1,1]","[1,0,1,1]",0.18181818181818182,0.09090909090909091,0.7272727272727273
586,"[0,-1,-1,1]","[1,1,0,-1]",0.6,0.1,0.3
587,"[0,-1,-1,1]","[1,1,0,0]",0.0,0.09090909090909091,0.9090909090909091
588,"[0,-1,-1,1]","[1,1,1,0]",0.2727272727272727,0.0,0.7272727272727273
589,"[0,-1,0,-1]","[-1,-1,-1,0]",0.2,0.4,0.4
590,"[0,-1,0,-1]","[-1,-1,0,0]",0.09090909090909091,0.09090909090909091,0.8181818181818182
591,"[0,-1,0,-1]","[-1,0,-1,1]",0.5,0.0,0.5
592,"[0,-1,0,-1]","[-1,0,1,0]",0.1,0.4,0.5
593,"[0,-1,0,-1]","[-1,1,0,-1]",0.45454545454545453,0.45454545454545453,0.09090909090909091
594,"[0,-1,0,-1]","[0,-1,0,1]",0.1,0.0,0.9
595,"[0,-1,0,-1]","[0,-1,1,-1]",0.6153846153846154,0.23076923076923078,0.15384615384615385
596,"[0,-1,0,-1]","[0,-1,1,0]",0.3,0.3,0.4
597,"[0,-1,0,-1]","[0,0,-1,-1]",0.5,0.4166666666666667,0.08333333333333333
598,"[0,-1,0,-1]","[0,0,-1,1]",0.36363636363636365,0.09090909090909091,0.5454545454545454
599,"[0,-1,0,-1]","[0,0,1,-1]",0.45454545454545453,0.36363636363636365,0.18181818181818182
600,"[0,-1,0,-1]","[0,1,-1,-1]",0.5833333333333334,0.25,0.16666666666666666
601,"[0,-1,0,-1]","[0,1,1,-1]",0.4,0.5,0.1
602,"[0,-1,0,-1]","[0,1,1,1]",0.6,0.1,0.3
603,"[0,-1,0,-1]","[1,-1,-1,0]",0.6363636363636364,0.09090909090909091,0.2727272727272727
604,"[0,-1,0,-1]","[1,0,-1,0]",0.36363636363636365,0.0,0.6363636363636364
605,"[0,-1,0,-1]","[1,0,1,0]",0.2,0.3,0.5
606,"[0,-1,0,-1]","[1,0,1,1]",0.5,0.0,0.5
607,"[0,-1,0,-1]","[1,1,-1,0]",0.6923076923076923,0.15384615384615385,0.15384615384615385
608,"[0,-1,0,-1]","[1,1,0,0]",0.2727272727272727,0.36363636363636365,0.36363636363636365
609,"[0,-1,0,-1]","[1,1,1,0]",0.4,0.2,0.4
610,"[0,-1,0,1]","[-1,-1,0,-1]",0.9230769230769231,0.0,0.07692307692307693
611,"[0,-1,0,1]","[-1,0,-1,0]",0.7,0.1,0.2
612,"[0,-1,0,1]","[-1,0,0,-1]",0.5454545454545454,0.09090909090909091,0.36363636363636365
613,"[0,-1,0,1]","[-1,0,0,1]",0.3,0.0,0.7
614,"[0,-1,0,1]","[-1,0,1,-1]",0.9230769230769231,0.07692307692307693,0.0
615,"[0,-1,0,1]","[-1,1,0,1]",0.5454545454545454,0.0,0.45454545454545453
616,"[0,-1,0,1]","[0,-1,-1,1]",0.7,0.1,0.2
617,"[0,-1,0,1]","[0,-1,1,0]",0.9,0.0,0.1
618,"[0,-1,0,1]","[0,-1,1,1]",0.4,0.1,0.5
619,"[0,-1,0,1]","[0,0,-1,-1]",0.9230769230769231,0.07692307692307693,0.0
620,"[0,-1,0,1]","[0,0,-1,1]",0.8461538461538461,0.07692307692307693,0.07692307692307693
621,"[0,-1,0,1]","[0,0,1,-1]",0.9090909090909091,0.09090909090909091,0.0
622,"[0,-1,0,1]","[0,1,-1,0]",0.8461538461538461,0.07692307692307693,0.07692307692307693
623,"[0,-1,0,1]","[0,1,0,-1]",0.9090909090909091,0.0,0.09090909090909091
624,"[0,-1,0,1]","[0,1,0,1]",0.45454545454545453,0.0,0.5454545454545454
625,"[0,-1,0,1]","[0,1,1,-1]",0.7272727272727273,0.09090909090909091,0.18181818181818182
626,"[0,-1,0,1]","[0,1,1,0]",0.9,0.0,0.1
627,"[0,-1,0,1]","[0,1,1,1]",0.5,0.2,0.3
628,"[0,-1,0,1]","[1,-1,0,-1]",0.6363636363636364,0.09090909090909091,0.2727272727272727
629,"[0,-1,0,1]","[1,-1,0,0]",0.5833333333333334,0.0,0.4166666666666667
630,"[0,-1,0,1]","[1,-1,1,0]",0.6363636363636364,0.09090909090909091,0.2727272727272727
631,"[0,-1,0,1]","[1,0,-1,0]",0.9,0.0,0.1
632,"[0,-1,0,1]","[1,0,-1,1]",0.8,0.0,0.2
633,"[0,-1,0,1]","[1,0,0,-1]",1.0,0.0,0.0
634,"[0,-1,0,1]","[1,0,1,1]",0.8181818181818182,0.09090909090909091,0.09090909090909091
635,"[0,-1,0,1]","[1,1,-1,0]",0.8181818181818182,0.0,0.18181818181818182
636,"[0,-1,0,1]","[1,1,0,1]",0.3,0.0,0.7
637,"[0,-1,1,-1]","[-1,-1,0,0]",0.09090909090909091,0.0,0.9090909090909091
638,"[0,-1,1,-1]","[-1,-1,1,0]",0.3333333333333333,0.25,0.4166666666666667
639,"[0,-1,1,-1]","[-1,0,-1,-1]",0.6,0.4,0.0
640,"[0,-1,1,-1]","[-1,0,-1,0]",0.3333333333333333,0.16666666666666666,0.5
641,"[0,-1,1,-1]","[-1,0,-1,1]",0.45454545454545453,0.0,0.5454545454545454
642,"[0,-1,1,-1]","[-1,0,0,-1]",0.1,0.4,0.5
643,"[0,-1,1,-1]","[-1,0,0,1]",0.18181818181818182,0.0,0.8181818181818182
644,"[0,-1,1,-1]","[-1,1,0,-1]",0.36363636363636365,0.45454545454545453,0.18181818181818182
645,"[0,-1,1,-1]","[0,-1,-1,-1]",0.6363636363636364,0.36363636363636365,0.0
646,"[0,-1,1,-1]","[0,-1,-1,0]",0.4,0.1,0.5
647,"[0,-1,1,-1]","[0,-1,0,1]",0.09090909090909091,0.09090909090909091,0.8181818181818182
648,"[0,-1,1,-1]","[0,-1,1,0]",0.2,0.3,0.5
649,"[0,-1,1,-1]","[0,-1,1,1]",0.0,0.36363636363636365,0.6363636363636364
650,"[0,-1,1,-1]","[0,0,-1,-1]",0.5,0.3,0.2
651,"[0,-1,1,-1]","[0,0,-1,1]",0.6,0.0,0.4
652,"[0,-1,1,-1]","[0,0,1,-1]",0.08333333333333333,0.75,0.16666666666666666
653,"[0,-1,1,-1]","[0,0,1,1]",0.09090909090909091,0.18181818181818182,0.7272727272727273
654,"[0,-1,1,-1]","[0,1,1,-1]",0.0,0.7,0.3
655,"[0,-1,1,-1]","[1,-1,0,-1]",0.2727272727272727,0.45454545454545453,0.2727272727272727
656,"[0,-1,1,-1]","[1,-1,0,0]",0.25,0.0,0.75
657,"[0,-1,1,-1]","[1,0,-1,0]",0.5833333333333334,0.08333333333333333,0.3333333333333333
658,"[0,-1,1,-1]","[1,0,-1,1]",0.4,0.1,0.5
659,"[0,-1,1,-1]","[1,0,0,-1]",0.2727272727272727,0.36363636363636365,0.36363636363636365
660,"[0,-1,1,-1]","[1,0,0,1]",0.08333333333333333,0.0,0.9166666666666666
661,"[0,-1,1,-1]","[1,0,1,0]",0.09090909090909091,0.45454545454545453,0.45454545454545453
662,"[0,-1,1,-1]","[1,1,0,-1]",0.08333333333333333,0.8333333333333334,0.08333333333333333
663,"[0,-1,1,0]","[-1,-1,0,-1]",0.7,0.3,0.0
664,"[0,-1,1,0]","[-1,-1,0,0]",0.36363636363636365,0.0,0.6363636363636364
665,"[0,-1,1,0]","[-1,-1,1,0]",0.5454545454545454,0.36363636363636365,0.09090909090909091
666,"[0,-1,1,0]","[-1,0,-1,-1]",0.9090909090909091,0.0,0.09090909090909091
667,"[0,-1,1,0]","[-1,0,0,1]",0.09090909090909091,0.0,0.9090909090909091
668,"[0,-1,1,0]","[-1,1,-1,0]",0.9,0.1,0.0
669,"[0,-1,1,0]","[-1,1,0,-1]",0.6,0.1,0.3
670,"[0,-1,1,0]","[-1,1,1,0]",0.4166666666666667,0.25,0.3333333333333333
671,"[0,-1,1,0]","[0,-1,-1,-1]",1.0,0.0,0.0
672,"[0,-1,1,0]","[0,-1,1,1]",0.36363636363636365,0.18181818181818182,0.45454545454545453
673,"[0,-1,1,0]","[0,1,1,-1]",0.6363636363636364,0.36363636363636365,0.0
674,"[0,-1,1,0]","[0,1,1,0]",0.25,0.5833333333333334,0.16666666666666666
675,"[0,-1,1,0]","[0,1,1,1]",0.5,0.3,0.2
676,"[0,-1,1,0]","[1,-1,-1,0]",0.7272727272727273,0.0,0.2727272727272727
677,"[0,-1,1,0]","[1,-1,0,0]",0.0,0.16666666666666666,0.8333333333333334
678,"[0,-1,1,0]","[1,-1,1,0]",0.2727272727272727,0.36363636363636365,0.36363636363636365
679,"[0,-1,1,0]","[1,0,-1,-1]",1.0,0.0,0.0
680,"[0,-1,1,0]","[1,0,-1,0]",0.7272727272727273,0.09090909090909091,0.18181818181818182
681,"[0,-1,1,0]","[1,0,-1,1]",0.8181818181818182,0.09090909090909091,0.09090909090909091
682,"[0,-1,1,0]","[1,0,0,-1]",0.6363636363636364,0.09090909090909091,0.2727272727272727
683,"[0,-1,1,0]","[1,0,0,1]",0.25,0.08333333333333333,0.6666666666666666
684,"[0,-1,1,0]","[1,0,1,-1]",0.8,0.2,0.0
685,"[0,-1,1,0]","[1,0,1,0]",0.3,0.4,0.3
686,"[0,-1,1,0]","[1,0,1,1]",0.4166666666666667,0.16666666666666666,0.4166666666666667
687,"[0,-1,1,0]","[1,1,-1,0]",0.8,0.1,0.1
688,"[0,-1,1,0]","[1,1,0,-1]",0.46153846153846156,0.0,0.5384615384615384
689,"[0,-1,1,0]","[1,1,0,0]",0.2,0.2,0.6
690,"[0,-1,1,0]","[1,1,1,0]",0.18181818181818182,0.6363636363636364,0.18181818181818182
691,"[0,-1,1,1]","[-1,-1,1,0]",0.08333333333333333,0.75,0.16666666666666666
692,"[0,-1,1,1]","[-1,0,1,0]",0.2727272727272727,0.45454545454545453,0.2727272727272727
693,"[0,-1,1,1]","[-1,1,-1,0]",1.0,0.0,0.0
694,"[0,-1,1,1]","[0,-1,-1,-1]",0.8181818181818182,0.09090909090909091,0.09090909090909091
695,"[0,-1,1,1]","[0,-1,-1,0]",0.5,0.0,0.5
696,"[0,-1,1,1]","[0,-1,0,-1]",0.6,0.1,0.3
697,"[0,-1,1,1]","[0,1,-1,1]",0.45454545454545453,0.09090909090909091,0.45454545454545453
698,"[0,-1,1,1]","[0,1,0,-1]",0.4,0.1,0.5
699,"[0,-1,1,1]","[0,1,0,1]",0.09090909090909091,0.09090909090909091,0.8181818181818182
700,"[0,-1,1,1]","[0,1,1,-1]",0.3,0.4,0.3
701,"[0,-1,1,1]","[0,1,1,0]",0.0,0.5,0.5
702,"[0,-1,1,1]","[1,-1,0,0]",0.0,0.0,1.0
703,"[0,-1,1,1]","[1,-1,1,0]",0.6363636363636364,0.36363636363636365,0.0
704,"[0,-1,1,1]","[1,0,-1,0]",0.5,0.08333333333333333,0.4166666666666667
705,"[0,-1,1,1]","[1,0,0,1]",0.18181818181818182,0.18181818181818182,0.6363636363636364
706,"[0,-1,1,1]","[1,0,1,0]",0.15384615384615385,0.38461538461538464,0.46153846153846156
707,"[0,-1,1,1]","[1,0,1,1]",0.36363636363636365,0.2727272727272727,0.36363636363636365
708,"[0,-1,1,1]","[1,1,0,-1]",0.75,0.16666666666666666,0.08333333333333333
709,"[0,-1,1,1]","[1,1,0,0]",0.09090909090909091,0.09090909090909091,0.8181818181818182
710,"[0,-1,1,1]","[1,1,1,0]",0.36363636363636365,0.45454545454545453,0.18181818181818182
711,"[0,0,-1,-1]","[-1,-1,0,0]",0.3,0.1,0.6
712,"[0,0,-1,-1]","[-1,-1,0,1]",0.1,0.0,0.9
713,"[0,0,-1,-1]","[-1,-1,1,0]",0.09090909090909091,0.18181818181818182,0.7272727272727273
714,"[0,0,-1,-1]","[-1,0,-1,-1]",0.18181818181818182,0.6363636363636364,0.18181818181818182
715,"[0,0,-1,-1]","[-1,0,-1,0]",0.0,0.8181818181818182,0.18181818181818182
716,"[0,0,-1,-1]","[-1,0,-1,1]",0.0,0.3333333333333333,0.6666666666666666
717,"[0,0,-1,-1]","[-1,0,0,-1]",0.16666666666666666,0.3333333333333333,0.5
718,"[0,0,-1,-1]","[-1,0,1,0]",0.09090909090909091,0.09090909090909091,0.8181818181818182
719,"[0,0,-1,-1]","[-1,0,1,1]",0.1,0.1,0.8
720,"[0,0,-1,-1]","[-1,1,0,-1]",0.23076923076923078,0.3076923076923077,0.46153846153846156
721,"[0,0,-1,-1]","[-1,1,0,1]",0.25,0.0,0.75
722,"[0,0,-1,-1]","[0,-1,-1,-1]",0.18181818181818182,0.8181818181818182,0.0
723,"[0,0,-1,-1]","[0,-1,1,0]",0.2,0.1,0.7
724,"[0,0,-1,-1]","[0,-1,1,1]",0.08333333333333333,0.08333333333333333,0.8333333333333334
725,"[0,0,-1,-1]","[0,0,1,1]",0.1,0.0,0.9
726,"[0,0,-1,-1]","[0,1,0,-1]",0.38461538461538464,0.23076923076923078,0.38461538461538464
727,"[0,0,-1,-1]","[0,1,1,-1]",0.16666666666666666,0.16666666666666666,0.6666666666666666
728,"[0,0,-1,-1]","[0,1,1,1]",0.09090909090909091,0.09090909090909091,0.8181818181818182
729,"[0,0,-1,-1]","[1,-1,-1,0]",0.09090909090909091,0.5454545454545454,0.36363636363636365
730,"[0,0,-1,-1]","[1,-1,0,-1]",0.09090909090909091,0.18181818181818182,0.7272727272727273
731,"[0,0,-1,-1]","[1,-1,1,0]",0.2,0.2,0.6
732,"[0,0,-1,-1]","[1,0,-1,-1]",0.18181818181818182,0.7272727272727273,0.09090909090909091
733,"[0,0,-1,-1]","[1,0,1,-1]",0.2,0.2,0.6
734,"[0,0,-1,-1]","[1,0,1,0]",0.2,0.0,0.8
735,"[0,0,-1,-1]","[1,0,1,1]",0.08333333333333333,0.0,0.9166666666666666
736,"[0,0,-1,-1]","[1,1,-1,0]",0.2727272727272727,0.6363636363636364,0.09090909090909091
737,"[0,0,-1,1]","[-1,-1,-1,0]",0.16666666666666666,0.6666666666666666,0.16666666666666666
738,"[0,0,-1,1]","[-1,-1,0,0]",0.2727272727272727,0.09090909090909091,0.6363636363636364
739,"[0,0,-1,1]","[-1,-1,0,1]",0.36363636363636365,0.0,0.6363636363636364
740,"[0,0,-1,1]","[-1,0,0,-1]",0.4166666666666667,0.0,0.5833333333333334
741,"[0,0,-1,1]","[-1,0,0,1]",0.09090909090909091,0.0,0.9090909090909091
742,"[0,0,-1,1]","[-1,0,1,0]",0.08333333333333333,0.0,0.9166666666666666
743,"[0,0,-1,1]","[-1,0,1,1]",0.18181818181818182,0.0,0.8181818181818182
744,"[0,0,-1,1]","[-1,1,-1,0]",0.0,0.9,0.1
745,"[0,0,-1,1]","[-1,1,0,1]",0.2,0.1,0.7
746,"[0,0,-1,1]","[0,-1,-1,-1]",0.6363636363636364,0.36363636363636365,0.0
747,"[0,0,-1,1]","[0,-1,1,0]",0.18181818181818182,0.0,0.8181818181818182
748,"[0,0,-1,1]","[0,-1,1,1]",0.16666666666666666,0.0,0.8333333333333334
749,"[0,0,-1,1]","[0,0,-1,-1]",0.6,0.4,0.0
750,"[0,0,-1,1]","[0,1,-1,-1]",0.4166666666666667,0.5,0.08333333333333333
751,"[0,0,-1,1]","[0,1,-1,0]",0.08333333333333333,0.6666666666666666,0.25
752,"[0,0,-1,1]","[0,1,-1,1]",0.1,0.6,0.3
753,"[0,0,-1,1]","[0,1,0,-1]",0.4,0.0,0.6
754,"[0,0,-1,1]","[0,1,1,0]",0.08333333333333333,0.08333333333333333,0.8333333333333334
755,"[0,0,-1,1]","[0,1,1,1]",0.0,0.0,1.0
756,"[0,0,-1,1]","[1,-1,0,0]",0.16666666666666666,0.0,0.8333333333333334
757,"[0,0,-1,1]","[1,-1,0,1]",0.0,0.1,0.9
758,"[0,0,-1,1]","[1,0,0,1]",0.0,0.08333333333333333,0.9166666666666666
759,"[0,0,-1,1]","[1,0,1,-1]",0.4,0.0,0.6
760,"[0,0,-1,1]","[1,1,-1,0]",0.0,0.7,0.3
761,"[0,0,1,-1]","[-1,-1,-1,0]",0.3,0.1,0.6
762,"[0,0,1,-1]","[-1,-1,0,1]",0.08333333333333333,0.0,0.9166666666666666
763,"[0,0,1,-1]","[-1,-1,1,0]",0.1,0.5,0.4
764,"[0,0,1,-1]","[-1,0,-1,-1]",0.4166666666666667,0.25,0.3333333333333333
765,"[0,0,1,-1]","[-1,0,-1,0]",0.4166666666666667,0.0,0.5833333333333334
766,"[0,0,1,-1]","[-1,0,0,-1]",0.2727272727272727,0.2727272727272727,0.45454545454545453
767,"[0,0,1,-1]","[-1,0,0,1]",0.15384615384615385,0.07692307692307693,0.7692307692307693
768,"[0,0,1,-1]","[-1,0,1,1]",0.2,0.3,0.5
769,"[0,0,1,-1]","[-1,1,-1,0]",0.3333333333333333,0.3333333333333333,0.3333333333333333
770,"[0,0,1,-1]","[-1,1,0,-1]",0.5454545454545454,0.2727272727272727,0.18181818181818182
771,"[0,0,1,-1]","[-1,1,0,1]",0.16666666666666666,0.08333333333333333,0.75
772,"[0,0,1,-1]","[0,-1,-1,-1]",0.5,0.2,0.3
773,"[0,0,1,-1]","[0,-1,1,0]",0.3,0.5,0.2
774,"[0,0,1,-1]","[0,-1,1,1]",0.0,0.4,0.6
775,"[0,0,1,-1]","[0,0,-1,-1]",0.5384615384615384,0.38461538461538464,0.07692307692307693
776,"[0,0,1,-1]","[0,0,-1,1]",0.45454545454545453,0.09090909090909091,0.45454545454545453
777,"[0,0,1,-1]","[0,0,1,1]",0.1,0.4,0.5
778,"[0,0,1,-1]","[0,1,0,-1]",0.25,0.6666666666666666,0.08333333333333333
779,"[0,0,1,-1]","[0,1,1,-1]",0.18181818181818182,0.7272727272727273,0.09090909090909091
780,"[0,0,1,-1]","[0,1,1,0]",0.36363636363636365,0.5454545454545454,0.09090909090909091
781,"[0,0,1,-1]","[0,1,1,1]",0.25,0.16666666666666666,0.5833333333333334
782,"[0,0,1,-1]","[1,-1,0,-1]",0.2,0.3,0.5
783,"[0,0,1,-1]","[1,0,-1,-1]",0.5,0.4,0.1
784,"[0,0,1,-1]","[1,0,-1,1]",0.3,0.0,0.7
785,"[0,0,1,-1]","[1,0,1,-1]",0.1,0.9,0.0
786,"[0,0,1,-1]","[1,1,-1,0]",0.7272727272727273,0.0,0.2727272727272727
787,"[0,0,1,-1]","[1,1,0,-1]",0.3333333333333333,0.5,0.16666666666666666
788,"[0,0,1,-1]","[1,1,1,0]",0.3,0.3,0.4
789,"[0,0,1,1]","[-1,-1,1,0]",0.18181818181818182,0.2727272727272727,0.5454545454545454
790,"[0,0,1,1]","[-1,0,-1,-1]",0.9166666666666666,0.0,0.08333333333333333
791,"[0,0,1,1]","[-1,0,0,-1]",0.4,0.0,0.6
792,"[0,0,1,1]","[-1,0,0,1]",0.36363636363636365,0.09090909090909091,0.5454545454545454
793,"[0,0,1,1]","[-1,0,1,0]",0.4166666666666667,0.25,0.3333333333333333
794,"[0,0,1,1]","[-1,0,1,1]",0.2727272727272727,0.36363636363636365,0.36363636363636365
795,"[0,0,1,1]","[-1,1,0,-1]",0.6666666666666666,0.08333333333333333,0.25
796,"[0,0,1,1]","[-1,1,0,1]",0.16666666666666666,0.0,0.8333333333333334
797,"[0,0,1,1]","[0,-1,-1,0]",0.8181818181818182,0.0,0.18181818181818182
798,"[0,0,1,1]","[0,-1,0,-1]",0.8181818181818182,0.0,0.18181818181818182
799,"[0,0,1,1]","[0,-1,0,1]",0.08333333333333333,0.0,0.9166666666666666
800,"[0,0,1,1]","[0,-1,1,0]",0.2727272727272727,0.5454545454545454,0.18181818181818182
801,"[0,0,1,1]","[0,-1,1,1]",0.2727272727272727,0.36363636363636365,0.36363636363636365
802,"[0,0,1,1]","[0,0,-1,1]",0.5,0.1,0.4
803,"[0,0,1,1]","[0,1,-1,0]",0.9090909090909091,0.0,0.09090909090909091
804,"[0,0,1,1]","[0,1,0,1]",0.2,0.0,0.8
805,"[0,0,1,1]","[0,1,1,1]",0.25,0.5833333333333334,0.16666666666666666
806,"[0,0,1,1]","[1,-1,-1,0]",0.6,0.0,0.4
807,"[0,0,1,1]","[1,-1,0,-1]",0.6,0.0,0.4
808,"[0,0,1,1]","[1,-1,1,0]",0.4,0.2,0.4
809,"[0,0,1,1]","[1,0,-1,-1]",0.9090909090909091,0.0,0.09090909090909091
810,"[0,0,1,1]","[1,0,-1,1]",0.7272727272727273,0.09090909090909091,0.18181818181818182
811,"[0,0,1,1]","[1,0,0,-1]",0.6666666666666666,0.08333333333333333,0.25
812,"[0,0,1,1]","[1,0,0,1]",0.08333333333333333,0.08333333333333333,0.8333333333333334
813,"[0,0,1,1]","[1,0,1,-1]",0.7,0.3,0.0
814,"[0,0,1,1]","[1,0,1,0]",0.16666666666666666,0.5833333333333334,0.25
815,"[0,0,1,1]","[1,0,1,1]",0.0,0.7272727272727273,0.2727272727272727
816,"[0,0,1,1]","[1,1,0,-1]",0.7272727272727273,0.09090909090909091,0.18181818181818182
817,"[0,0,1,1]","[1,1,0,1]",0.4,0.0,0.6
818,"[0,0,1,1]","[1,1,1,0]",0.16666666666666666,0.5833333333333334,0.25
819,"[0,1,-1,-1]","[-1,-1,0,-1]",0.07142857142857142,0.5714285714285714,0.35714285714285715
820,"[0,1,-1,-1]","[-1,-1,0,0]",0.3,0.0,0.7
821,"[0,1,-1,-1]","[-1,-1,1,0]",0.0,0.0,1.0
822,"[0,1,-1,-1]","[-1,0,-1,1]",0.0,0.45454545454545453,0.5454545454545454
823,"[0,1,-1,-1]","[-1,0,0,-1]",0.0,0.5833333333333334,0.4166666666666667
824,"[0,1,-1,-1]","[-1,0,1,0]",0.09090909090909091,0.09090909090909091,0.8181818181818182
825,"[0,1,-1,-1]","[-1,1,-1,0]",0.1,0.6,0.3
826,"[0,1,-1,-1]","[0,-1,-1,-1]",0.08333333333333333,0.8333333333333334,0.08333333333333333
827,"[0,1,-1,-1]","[0,-1,-1,0]",0.16666666666666666,0.4166666666666667,0.4166666666666667
828,"[0,1,-1,-1]","[0,-1,-1,1]",0.0,0.6,0.4
829,"[0,1,-1,-1]","[0,-1,0,1]",0.0,0.0,1.0
830,"[0,1,-1,-1]","[0,-1,1,-1]",0.2,0.5,0.3
831,"[0,1,-1,-1]","[0,-1,1,0]",0.0,0.08333333333333333,0.9166666666666666
832,"[0,1,-1,-1]","[0,-1,1,1]",0.18181818181818182,0.0,0.8181818181818182
833,"[0,1,-1,-1]","[0,0,-1,-1]",0.13333333333333333,0.8,0.06666666666666667
834,"[0,1,-1,-1]","[0,0,1,-1]",0.2727272727272727,0.45454545454545453,0.2727272727272727
835,"[0,1,-1,-1]","[0,0,1,1]",0.0,0.0,1.0
836,"[0,1,-1,-1]","[0,1,-1,1]",0.0,0.3333333333333333,0.6666666666666666
837,"[0,1,-1,-1]","[0,1,1,1]",0.0,0.0,1.0
838,"[0,1,-1,-1]","[1,-1,-1,0]",0.08333333333333333,0.5,0.4166666666666667
839,"[0,1,-1,-1]","[1,-1,0,-1]",0.0,0.2,0.8
840,"[0,1,-1,-1]","[1,-1,0,0]",0.0,0.0,1.0
841,"[0,1,-1,-1]","[1,-1,0,1]",0.18181818181818182,0.0,0.8181818181818182
842,"[0,1,-1,-1]","[1,0,-1,-1]",0.09090909090909091,0.6363636363636364,0.2727272727272727
843,"[0,1,-1,-1]","[1,0,-1,0]",0.0,0.45454545454545453,0.5454545454545454
844,"[0,1,-1,-1]","[1,0,-1,1]",0.18181818181818182,0.36363636363636365,0.45454545454545453
845,"[0,1,-1,-1]","[1,0,0,1]",0.0,0.1,0.9
846,"[0,1,-1,-1]","[1,0,1,-1]",0.45454545454545453,0.2727272727272727,0.2727272727272727
847,"[0,1,-1,-1]","[1,0,1,0]",0.08333333333333333,0.0,0.9166666666666666
848,"[0,1,-1,-1]","[1,1,0,1]",0.1,0.0,0.9
849,"[0,1,-1,-1]","[1,1,1,0]",0.0,0.1,0.9
850,"[0,1,-1,0]","[-1,-1,0,1]",0.25,0.08333333333333333,0.6666666666666666
851,"[0,1,-1,0]","[-1,0,-1,1]",0.18181818181818182,0.7272727272727273,0.09090909090909091
852,"[0,1,-1,0]","[-1,0,1,-1]",0.4166666666666667,0.08333333333333333,0.5
853,"[0,1,-1,0]","[-1,0,1,0]",0.45454545454545453,0.09090909090909091,0.45454545454545453
854,"[0,1,-1,0]","[-1,1,-1,0]",0.2,0.6,0.2
855,"[0,1,-1,0]","[-1,1,0,-1]",0.4166666666666667,0.25,0.3333333333333333
856,"[0,1,-1,0]","[-1,1,1,0]",0.2727272727272727,0.09090909090909091,0.6363636363636364
857,"[0,1,-1,0]","[0,-1,-1,0]",0.15384615384615385,0.5384615384615384,0.3076923076923077
858,"[0,1,-1,0]","[0,-1,-1,1]",0.3,0.4,0.3
859,"[0,1,-1,0]","[0,-1,0,-1]",0.8333333333333334,0.0,0.16666666666666666
860,"[0,1,-1,0]","[0,-1,1,-1]",0.6363636363636364,0.09090909090909091,0.2727272727272727
861,"[0,1,-1,0]","[0,-1,1,0]",0.09090909090909091,0.09090909090909091,0.8181818181818182
862,"[0,1,-1,0]","[0,-1,1,1]",0.5,0.0,0.5
863,"[0,1,-1,0]","[0,0,-1,-1]",0.6363636363636364,0.2727272727272727,0.09090909090909091
864,"[0,1,-1,0]","[0,0,1,-1]",0.5833333333333334,0.0,0.4166666666666667
865,"[0,1,-1,0]","[0,1,-1,-1]",0.5833333333333334,0.3333333333333333,0.08333333333333333
866,"[0,1,-1,0]","[0,1,-1,1]",0.1,0.6,0.3
867,"[0,1,-1,0]","[0,1,1,-1]",0.6363636363636364,0.09090909090909091,0.2727272727272727
868,"[0,1,-1,0]","[0,1,1,0]",0.1,0.1,0.8
869,"[0,1,-1,0]","[0,1,1,1]",0.3333333333333333,0.16666666666666666,0.5
870,"[0,1,-1,0]","[1,-1,0,-1]",0.5454545454545454,0.09090909090909091,0.36363636363636365
871,"[0,1,-1,0]","[1,-1,1,0]",0.25,0.0,0.75
872,"[0,1,-1,0]","[1,0,1,-1]",0.5,0.0,0.5
873,"[0,1,-1,0]","[1,0,1,1]",0.0,0.09090909090909091,0.9090909090909091
874,"[0,1,-1,0]","[1,1,-1,0]",0.3,0.4,0.3
875,"[0,1,-1,0]","[1,1,0,-1]",0.5,0.2,0.3
876,"[0,1,-1,0]","[1,1,0,0]",0.0,0.0,1.0
877,"[0,1,-1,1]","[-1,-1,-1,0]",0.18181818181818182,0.5454545454545454,0.2727272727272727
878,"[0,1,-1,1]","[-1,-1,0,-1]",0.3333333333333333,0.08333333333333333,0.5833333333333334
879,"[0,1,-1,1]","[-1,-1,0,1]",0.1,0.1,0.8
880,"[0,1,-1,1]","[-1,0,-1,0]",0.18181818181818182,0.2727272727272727,0.5454545454545454
881,"[0,1,-1,1]","[-1,0,-1,1]",0.09090909090909091,0.6363636363636364,0.2727272727272727
882,"[0,1,-1,1]","[-1,0,0,-1]",0.2,0.0,0.8
883,"[0,1,-1,1]","[-1,0,1,1]",0.0,0.0,1.0
884,"[0,1,-1,1]","[-1,1,0,-1]",0.5,0.1,0.4
885,"[0,1,-1,1]","[-1,1,0,0]",0.36363636363636365,0.0,0.6363636363636364
886,"[0,1,-1,1]","[-1,1,1,0]",0.36363636363636365,0.18181818181818182,0.45454545454545453
887,"[0,1,-1,1]","[0,-1,-1,-1]",0.5,0.4,0.1
888,"[0,1,-1,1]","[0,-1,-1,0]",0.14285714285714285,0.5714285714285714,0.2857142857142857
889,"[0,1,-1,1]","[0,-1,-1,1]",0.16666666666666666,0.5833333333333334,0.25
890,"[0,1,-1,1]","[0,-1,0,-1]",0.6363636363636364,0.09090909090909091,0.2727272727272727
891,"[0,1,-1,1]","[0,-1,0,1]",0.0,0.2,0.8
892,"[0,1,-1,1]","[0,-1,1,-1]",0.35714285714285715,0.07142857142857142,0.5714285714285714
893,"[0,1,-1,1]","[0,-1,1,0]",0.09090909090909091,0.09090909090909091,0.8181818181818182
894,"[0,1,-1,1]","[0,0,-1,-1]",0.4,0.4,0.2
895,"[0,1,-1,1]","[0,0,1,-1]",0.7272727272727273,0.0,0.2727272727272727
896,"[0,1,-1,1]","[0,0,1,1]",0.18181818181818182,0.09090909090909091,0.7272727272727273
897,"[0,1,-1,1]","[0,1,1,-1]",0.9090909090909091,0.0,0.09090909090909091
898,"[0,1,-1,1]","[0,1,1,1]",0.2,0.1,0.7
899,"[0,1,-1,1]","[1,-1,-1,0]",0.0,0.7,0.3
900,"[0,1,-1,1]","[1,-1,0,0]",0.18181818181818182,0.0,0.8181818181818182
901,"[0,1,-1,1]","[1,0,-1,-1]",0.5454545454545454,0.2727272727272727,0.18181818181818182
902,"[0,1,-1,1]","[1,0,-1,1]",0.08333333333333333,0.75,0.16666666666666666
903,"[0,1,-1,1]","[1,0,0,-1]",0.36363636363636365,0.0,0.6363636363636364
904,"[0,1,-1,1]","[1,0,0,1]",0.1,0.0,0.9
905,"[0,1,-1,1]","[1,0,1,0]",0.1,0.1,0.8
906,"[0,1,-1,1]","[1,1,0,-1]",0.5454545454545454,0.09090909090909091,0.36363636363636365
907,"[0,1,-1,1]","[1,1,0,0]",0.18181818181818182,0.0,0.8181818181818182
908,"[0,1,0,-1]","[-1,0,-1,-1]",0.2727272727272727,0.36363636363636365,0.36363636363636365
909,"[0,1,0,-1]","[-1,0,-1,1]",0.4,0.0,0.6
910,"[0,1,0,-1]","[-1,0,0,1]",0.0,0.0,1.0
911,"[0,1,0,-1]","[-1,0,1,-1]",0.18181818181818182,0.6363636363636364,0.18181818181818182
912,"[0,1,0,-1]","[-1,0,1,0]",0.2,0.1,0.7
913,"[0,1,0,-1]","[-1,1,1,0]",0.18181818181818182,0.45454545454545453,0.36363636363636365
914,"[0,1,0,-1]","[0,-1,-1,0]",0.36363636363636365,0.0,0.6363636363636364
915,"[0,1,0,-1]","[0,-1,0,-1]",0.45454545454545453,0.45454545454545453,0.09090909090909091
916,"[0,1,0,-1]","[0,-1,1,-1]",0.18181818181818182,0.6363636363636364,0.18181818181818182
917,"[0,1,0,-1]","[0,-1,1,0]",0.09090909090909091,0.36363636363636365,0.5454545454545454
918,"[0,1,0,-1]","[0,0,1,1]",0.08333333333333333,0.0,0.9166666666666666
919,"[0,1,0,-1]","[0,1,-1,-1]",0.4,0.3,0.3
920,"[0,1,0,-1]","[0,1,-1,0]",0.4166666666666667,0.0,0.5833333333333334
921,"[0,1,0,-1]","[0,1,-1,1]",0.6923076923076923,0.07692307692307693,0.23076923076923078
922,"[0,1,0,-1]","[0,1,0,1]",0.0,0.0,1.0
923,"[0,1,0,-1]","[1,-1,-1,0]",0.3,0.1,0.6
924,"[0,1,0,-1]","[1,-1,0,0]",0.16666666666666666,0.08333333333333333,0.75
925,"[0,1,0,-1]","[1,-1,1,0]",0.3333333333333333,0.08333333333333333,0.5833333333333334
926,"[0,1,0,-1]","[1,0,-1,-1]",0.3333333333333333,0.5,0.16666666666666666
927,"[0,1,0,-1]","[1,0,1,-1]",0.4,0.6,0.0
928,"[0,1,0,1]","[-1,-1,-1,0]",0.6,0.1,0.3
929,"[0,1,0,1]","[-1,-1,0,1]",0.5833333333333334,0.0,0.4166666666666667
930,"[0,1,0,1]","[-1,0,-1,1]",0.6363636363636364,0.0,0.36363636363636365
931,"[0,1,0,1]","[-1,0,1,1]",1.0,0.0,0.0
932,"[0,1,0,1]","[-1,1,-1,0]",0.8333333333333334,0.16666666666666666,0.0
933,"[0,1,0,1]","[-1,1,0,-1]",0.8181818181818182,0.09090909090909091,0.09090909090909091
934,"[0,1,0,1]","[-1,1,0,0]",0.5714285714285714,0.21428571428571427,0.21428571428571427
935,"[0,1,0,1]","[-1,1,0,1]",0.18181818181818182,0.09090909090909091,0.7272727272727273
936,"[0,1,0,1]","[0,-1,-1,-1]",1.0,0.0,0.0
937,"[0,1,0,1]","[0,-1,-1,1]",0.9090909090909091,0.0,0.09090909090909091
938,"[0,1,0,1]","[0,-1,0,-1]",0.8181818181818182,0.0,0.18181818181818182
939,"[0,1,0,1]","[0,-1,1,-1]",0.9,0.0,0.1
940,"[0,1,0,1]","[0,-1,1,0]",0.7272727272727273,0.18181818181818182,0.09090909090909091
941,"[0,1,0,1]","[0,0,-1,-1]",1.0,0.0,0.0
942,"[0,1,0,1]","[0,0,-1,1]",0.7272727272727273,0.09090909090909091,0.18181818181818182
943,"[0,1,0,1]","[0,0,1,-1]",0.9,0.0,0.1
944,"[0,1,0,1]","[0,1,-1,-1]",0.7,0.0,0.3
945,"[0,1,0,1]","[0,1,-1,0]",0.7,0.1,0.2
946,"[0,1,0,1]","[0,1,-1,1]",0.7,0.1,0.2
947,"[0,1,0,1]","[0,1,1,-1]",1.0,0.0,0.0
948,"[0,1,0,1]","[0,1,1,0]",0.8,0.1,0.1
949,"[0,1,0,1]","[0,1,1,1]",0.6,0.0,0.4
950,"[0,1,0,1]","[1,-1,0,0]",0.6,0.1,0.3
951,"[0,1,0,1]","[1,-1,0,1]",0.45454545454545453,0.18181818181818182,0.36363636363636365
952,"[0,1,0,1]","[1,-1,1,0]",0.6363636363636364,0.18181818181818182,0.18181818181818182
953,"[0,1,0,1]","[1,0,-1,-1]",1.0,0.0,0.0
954,"[0,1,0,1]","[1,0,-1,0]",0.8181818181818182,0.09090909090909091,0.09090909090909091
955,"[0,1,0,1]","[1,0,1,-1]",1.0,0.0,0.0
956,"[0,1,0,1]","[1,0,1,0]",0.9,0.1,0.0
957,"[0,1,0,1]","[1,1,-1,0]",0.7,0.0,0.3
958,"[0,1,0,1]","[1,1,0,-1]",0.8,0.0,0.2
959,"[0,1,0,1]","[1,1,0,0]",0.25,0.0,0.75
960,"[0,1,0,1]","[1,1,0,1]",0.2727272727272727,0.09090909090909091,0.6363636363636364
961,"[0,1,0,1]","[1,1,1,0]",0.75,0.08333333333333333,0.16666666666666666
962,"[0,1,1,-1]","[-1,-1,-1,0]",0.45454545454545453,0.0,0.5454545454545454
963,"[0,1,1,-1]","[-1,-1,0,1]",0.1,0.0,0.9
964,"[0,1,1,-1]","[-1,0,-1,-1]",0.2,0.4,0.4
965,"[0,1,1,-1]","[-1,0,0,-1]",0.2727272727272727,0.45454545454545453,0.2727272727272727
966,"[0,1,1,-1]","[-1,0,0,1]",0.0,0.0,1.0
967,"[0,1,1,-1]","[-1,0,1,0]",0.2727272727272727,0.5454545454545454,0.18181818181818182
968,"[0,1,1,-1]","[-1,0,1,1]",0.09090909090909091,0.2727272727272727,0.6363636363636364
969,"[0,1,1,-1]","[-1,1,-1,0]",0.36363636363636365,0.36363636363636365,0.2727272727272727
970,"[0,1,1,-1]","[-1,1,0,0]",0.1,0.0,0.9
971,"[0,1,1,-1]","[0,-1,-1,0]",0.09090909090909091,0.0,0.9090909090909091
972,"[0,1,1,-1]","[0,-1,-1,1]",0.18181818181818182,0.0,0.8181818181818182
973,"[0,1,1,-1]","[0,0,-1,1]",0.5,0.0,0.5
974,"[0,1,1,-1]","[0,0,1,1]",0.09090909090909091,0.18181818181818182,0.7272727272727273
975,"[0,1,1,-1]","[0,1,-1,-1]",0.3,0.5,0.2
976,"[0,1,1,-1]","[0,1,0,-1]",0.18181818181818182,0.6363636363636364,0.18181818181818182
977,"[0,1,1,-1]","[0,1,1,0]",0.1,0.6,0.3
978,"[0,1,1,-1]","[0,1,1,1]",0.1,0.1,0.8
979,"[0,1,1,-1]","[1,-1,-1,0]",0.18181818181818182,0.09090909090909091,0.7272727272727273
980,"[0,1,1,-1]","[1,-1,0,-1]",0.0,0.7,0.3
981,"[0,1,1,-1]","[1,-1,0,0]",0.09090909090909091,0.0,0.9090909090909091
982,"[0,1,1,-1]","[1,-1,0,1]",0.08333333333333333,0.0,0.9166666666666666
983,"[0,1,1,-1]","[1,-1,1,0]",0.0,0.45454545454545453,0.5454545454545454
984,"[0,1,1,-1]","[1,0,-1,0]",0.4,0.0,0.6
985,"[0,1,1,-1]","[1,0,1,0]",0.25,0.08333333333333333,0.6666666666666666
986,"[0,1,1,-1]","[1,1,0,0]",0.09090909090909091,0.09090909090909091,0.8181818181818182
987,"[0,1,1,-1]","[1,1,0,1]",0.0,0.0,1.0
988,"[0,1,1,-1]","[1,1,1,0]",0.0,0.09090909090909091,0.9090909090909091
989,"[0,1,1,0]","[-1,-1,-1,0]",0.6363636363636364,0.09090909090909091,0.2727272727272727
990,"[0,1,1,0]","[-1,-1,0,-1]",0.45454545454545453,0.36363636363636365,0.18181818181818182
991,"[0,1,1,0]","[-1,-1,0,1]",0.36363636363636365,0.0,0.6363636363636364
992,"[0,1,1,0]","[-1,-1,1,0]",0.1,0.6,0.3
993,"[0,1,1,0]","[-1,0,-1,1]",0.45454545454545453,0.0,0.5454545454545454
994,"[0,1,1,0]","[-1,0,0,-1]",0.45454545454545453,0.0,0.5454545454545454
995,"[0,1,1,0]","[-1,0,1,-1]",0.3,0.6,0.1
996,"[0,1,1,0]","[-1,1,1,0]",0.2,0.7,0.1
997,"[0,1,1,0]","[0,-1,-1,-1]",0.6363636363636364,0.0,0.36363636363636365
998,"[0,1,1,0]","[0,-1,-1,1]",0.6363636363636364,0.09090909090909091,0.2727272727272727
999,"[0,1,1,0]","[0,-1,0,-1]",0.25,0.5,0.25
1000,"[0,1,1,0]","[0,-1,1,-1]",0.6,0.4,0.0
1001,"[0,1,1,0]","[0,0,-1,-1]",0.9090909090909091,0.09090909090909091,0.0
1002,"[0,1,1,0]","[0,0,1,1]",0.3333333333333333,0.16666666666666666,0.5
1003,"[0,1,1,0]","[0,1,-1,-1]",0.8,0.1,0.1
1004,"[0,1,1,0]","[0,1,-1,1]",0.5,0.1,0.4
1005,"[0,1,1,0]","[0,1,0,-1]",0.4,0.2,0.4
1006,"[0,1,1,0]","[0,1,1,1]",0.36363636363636365,0.2727272727272727,0.36363636363636365
1007,"[0,1,1,0]","[1,-1,-1,0]",0.6363636363636364,0.18181818181818182,0.18181818181818182
1008,"[0,1,1,0]","[1,-1,0,0]",0.09090909090909091,0.09090909090909091,0.8181818181818182
1009,"[0,1,1,0]","[1,0,-1,1]",0.9090909090909091,0.0,0.09090909090909091
1010,"[0,1,1,0]","[1,0,0,1]",0.09090909090909091,0.09090909090909091,0.8181818181818182
1011,"[0,1,1,0]","[1,0,1,1]",0.09090909090909091,0.6363636363636364,0.2727272727272727
1012,"[0,1,1,0]","[1,1,0,-1]",0.8181818181818182,0.09090909090909091,0.09090909090909091
1013,"[0,1,1,0]","[1,1,0,0]",0.1,0.2,0.7
1014,"[0,1,1,0]","[1,1,1,0]",0.2,0.2,0.6
1015,"[0,1,1,1]","[-1,-1,-1,0]",0.9090909090909091,0.0,0.09090909090909091
1016,"[0,1,1,1]","[-1,-1,0,-1]",0.5,0.1,0.4
1017,"[0,1,1,1]","[-1,-1,0,0]",0.2727272727272727,0.0,0.7272727272727273
1018,"[0,1,1,1]","[-1,-1,0,1]",0.1,0.3,0.6
1019,"[0,1,1,1]","[-1,-1,1,0]",0.2727272727272727,0.2727272727272727,0.45454545454545453
1020,"[0,1,1,1]","[-1,0,-1,-1]",0.6666666666666666,0.25,0.08333333333333333
1021,"[0,1,1,1]","[-1,0,-1,0]",0.6666666666666666,0.08333333333333333,0.25
1022,"[0,1,1,1]","[-1,0,0,-1]",0.4,0.1,0.5
1023,"[0,1,1,1]","[-1,0,0,1]",0.1,0.1,0.8
1024,"[0,1,1,1]","[-1,0,1,1]",0.18181818181818182,0.6363636363636364,0.18181818181818182
1025,"[0,1,1,1]","[-1,1,-1,0]",0.7142857142857143,0.07142857142857142,0.21428571428571427
1026,"[0,1,1,1]","[-1,1,0,-1]",0.38461538461538464,0.15384615384615385,0.46153846153846156
1027,"[0,1,1,1]","[0,-1,-1,-1]",0.9,0.1,0.0
1028,"[0,1,1,1]","[0,-1,-1,0]",0.7272727272727273,0.0,0.2727272727272727
1029,"[0,1,1,1]","[0,-1,1,-1]",0.75,0.25,0.0
1030,"[0,1,1,1]","[0,-1,1,1]",0.25,0.3333333333333333,0.4166666666666667
1031,"[0,1,1,1]","[0,1,0,-1]",0.7272727272727273,0.18181818181818182,0.09090909090909091
1032,"[0,1,1,1]","[1,-1,0,-1]",0.45454545454545453,0.09090909090909091,0.45454545454545453
1033,"[0,1,1,1]","[1,-1,0,0]",0.0,0.18181818181818182,0.8181818181818182
1034,"[0,1,1,1]","[1,-1,1,0]",0.16666666666666666,0.5,0.3333333333333333
1035,"[0,1,1,1]","[1,0,-1,-1]",1.0,0.0,0.0
1036,"[0,1,1,1]","[1,0,-1,0]",1.0,0.0,0.0
1037,"[0,1,1,1]","[1,0,0,1]",0.18181818181818182,0.18181818181818182,0.6363636363636364
1038,"[0,1,1,1]","[1,1,-1,0]",0.7,0.2,0.1
1039,"[0,1,1,1]","[1,1,0,0]",0.09090909090909091,0.18181818181818182,0.7272727272727273
1040,"[0,1,1,1]","[1,1,0,1]",0.18181818181818182,0.09090909090909091,0.7272727272727273
1041,"[1,-1,-1,0]","[-1,-1,0,0]",0.36363636363636365,0.0,0.6363636363636364
1042,"[1,-1,-1,0]","[-1,-1,1,0]",0.0,0.09090909090909091,0.9090909090909091
1043,"[1,-1,-1,0]","[-1,0,-1,-1]",0.25,0.5833333333333334,0.16666666666666666
1044,"[1,-1,-1,0]","[-1,0,-1,0]",0.0,0.6363636363636364,0.36363636363636365
1045,"[1,-1,-1,0]","[-1,0,-1,1]",0.2,0.6,0.2
1046,"[1,-1,-1,0]","[-1,0,0,-1]",0.3,0.0,0.7
1047,"[1,-1,-1,0]","[-1,0,0,1]",0.0,0.0,1.0
1048,"[1,-1,-1,0]","[-1,0,1,0]",0.16666666666666666,0.0,0.8333333333333334
1049,"[1,-1,-1,0]","[-1,0,1,1]",0.36363636363636365,0.0,0.6363636363636364
1050,"[1,-1,-1,0]","[-1,1,-1,0]",0.3,0.5,0.2
1051,"[1,-1,-1,0]","[-1,1,0,-1]",0.9,0.0,0.1
1052,"[1,-1,-1,0]","[-1,1,0,1]",0.09090909090909091,0.0,0.9090909090909091
1053,"[1,-1,-1,0]","[0,-1,-1,-1]",0.7272727272727273,0.18181818181818182,0.09090909090909091
1054,"[1,-1,-1,0]","[0,-1,-1,1]",0.08333333333333333,0.75,0.16666666666666666
1055,"[1,-1,-1,0]","[0,-1,0,1]",0.18181818181818182,0.18181818181818182,0.6363636363636364
1056,"[1,-1,-1,0]","[0,-1,1,-1]",0.6,0.0,0.4
1057,"[1,-1,-1,0]","[0,-1,1,1]",0.3,0.1,0.6
1058,"[1,-1,-1,0]","[0,0,-1,1]",0.25,0.6666666666666666,0.08333333333333333
1059,"[1,-1,-1,0]","[0,0,1,-1]",0.7,0.1,0.2
1060,"[1,-1,-1,0]","[0,1,-1,0]",0.18181818181818182,0.7272727272727273,0.09090909090909091
1061,"[1,-1,-1,0]","[0,1,0,1]",0.1,0.0,0.9
1062,"[1,-1,-1,0]","[0,1,1,1]",0.09090909090909091,0.0,0.9090909090909091
1063,"[1,-1,-1,0]","[1,-1,0,0]",0.08333333333333333,0.0,0.9166666666666666
1064,"[1,-1,-1,0]","[1,-1,0,1]",0.18181818181818182,0.09090909090909091,0.7272727272727273
1065,"[1,-1,-1,0]","[1,0,-1,0]",0.08333333333333333,0.6666666666666666,0.25
1066,"[1,-1,-1,0]","[1,0,0,-1]",0.3,0.1,0.6
1067,"[1,-1,-1,0]","[1,0,1,1]",0.2,0.0,0.8
1068,"[1,-1,-1,0]","[1,1,0,-1]",0.5454545454545454,0.0,0.45454545454545453
1069,"[1,-1,-1,0]","[1,1,0,0]",0.2,0.0,0.8
1070,"[1,-1,-1,0]","[1,1,0,1]",0.1,0.1,0.8
1071,"[1,-1,0,-1]","[-1,-1,0,-1]",0.2727272727272727,0.6363636363636364,0.09090909090909091
1072,"[1,-1,0,-1]","[-1,0,-1,-1]",0.8181818181818182,0.09090909090909091,0.09090909090909091
1073,"[1,-1,0,-1]","[-1,0,0,-1]",0.23076923076923078,0.5384615384615384,0.23076923076923078
1074,"[1,-1,0,-1]","[-1,0,1,-1]",0.6,0.3,0.1
1075,"[1,-1,0,-1]","[-1,0,1,0]",0.45454545454545453,0.18181818181818182,0.36363636363636365
1076,"[1,-1,0,-1]","[-1,1,0,0]",0.08333333333333333,0.5,0.4166666666666667
1077,"[1,-1,0,-1]","[-1,1,0,1]",0.0,0.09090909090909091,0.9090909090909091
1078,"[1,-1,0,-1]","[0,-1,-1,1]",0.6363636363636364,0.09090909090909091,0.2727272727272727
1079,"[1,-1,0,-1]","[0,-1,0,-1]",0.36363636363636365,0.45454545454545453,0.18181818181818182
1080,"[1,-1,0,-1]","[0,-1,1,0]",0.25,0.16666666666666666,0.5833333333333334
1081,"[1,-1,0,-1]","[0,-1,1,1]",0.3333333333333333,0.0,0.6666666666666666
1082,"[1,-1,0,-1]","[0,0,-1,1]",0.8,0.0,0.2
1083,"[1,-1,0,-1]","[0,1,-1,1]",0.5,0.2,0.3
1084,"[1,-1,0,-1]","[0,1,0,-1]",0.36363636363636365,0.6363636363636364,0.0
1085,"[1,-1,0,-1]","[0,1,0,1]",0.36363636363636365,0.09090909090909091,0.5454545454545454
1086,"[1,-1,0,-1]","[0,1,1,0]",0.4,0.3,0.3
1087,"[1,-1,0,-1]","[1,-1,-1,0]",0.6363636363636364,0.0,0.36363636363636365
1088,"[1,-1,0,-1]","[1,-1,0,0]",0.3,0.0,0.7
1089,"[1,-1,0,-1]","[1,-1,0,1]",0.0,0.3,0.7
1090,"[1,-1,0,-1]","[1,0,-1,0]",0.3,0.0,0.7
1091,"[1,-1,0,-1]","[1,0,0,1]",0.3,0.0,0.7
1092,"[1,-1,0,-1]","[1,1,-1,0]",0.7272727272727273,0.09090909090909091,0.18181818181818182
1093,"[1,-1,0,-1]","[1,1,0,-1]",0.6666666666666666,0.25,0.08333333333333333
1094,"[1,-1,0,-1]","[1,1,0,1]",0.18181818181818182,0.0,0.8181818181818182
1095,"[1,-1,0,0]","[-1,-1,0,-1]",1.0,0.0,0.0
1096,"[1,-1,0,0]","[-1,-1,0,0]",0.6,0.2,0.2
1097,"[1,-1,0,0]","[-1,-1,0,1]",0.4,0.0,0.6
1098,"[1,-1,0,0]","[-1,0,0,-1]",0.6,0.2,0.2
1099,"[1,-1,0,0]","[-1,1,0,-1]",0.8,0.1,0.1
1100,"[1,-1,0,0]","[-1,1,0,1]",0.4166666666666667,0.16666666666666666,0.4166666666666667
1101,"[1,-1,0,0]","[-1,1,1,0]",0.5,0.1,0.4
1102,"[1,-1,0,0]","[0,-1,-1,0]",0.7,0.2,0.1
1103,"[1,-1,0,0]","[0,-1,0,-1]",0.8,0.1,0.1
1104,"[1,-1,0,0]","[0,0,-1,-1]",1.0,0.0,0.0
1105,"[1,-1,0,0]","[0,0,1,-1]",0.75,0.0,0.25
1106,"[1,-1,0,0]","[0,0,1,1]",0.5,0.0,0.5
1107,"[1,-1,0,0]","[0,1,-1,0]",1.0,0.0,0.0
1108,"[1,-1,0,0]","[1,-1,1,0]",0.6363636363636364,0.09090909090909091,0.2727272727272727
1109,"[1,-1,0,0]","[1,0,-1,0]",0.7272727272727273,0.0,0.2727272727272727
1110,"[1,-1,0,0]","[1,0,1,-1]",1.0,0.0,0.0
1111,"[1,-1,0,0]","[1,0,1,0]",0.8181818181818182,0.0,0.18181818181818182
1112,"[1,-1,0,0]","[1,1,-1,0]",0.9090909090909091,0.0,0.09090909090909091
1113,"[1,-1,0,0]","[1,1,1,0]",0.9090909090909091,0.0,0.09090909090909091
1114,"[1,-1,0,1]","[-1,-1,-1,0]",0.7,0.1,0.2
1115,"[1,-1,0,1]","[-1,-1,0,-1]",1.0,0.0,0.0
1116,"[1,-1,0,1]","[-1,-1,1,0]",0.9166666666666666,0.0,0.08333333333333333
1117,"[1,-1,0,1]","[-1,0,-1,-1]",0.9166666666666666,0.0,0.08333333333333333
1118,"[1,-1,0,1]","[-1,0,-1,0]",0.5,0.1,0.4
1119,"[1,-1,0,1]","[-1,0,-1,1]",0.6,0.0,0.4
1120,"[1,-1,0,1]","[-1,0,0,-1]",0.6923076923076923,0.0,0.3076923076923077
1121,"[1,-1,0,1]","[-1,0,0,1]",0.8,0.1,0.1
1122,"[1,-1,0,1]","[-1,0,1,-1]",0.9090909090909091,0.0,0.09090909090909091
1123,"[1,-1,0,1]","[-1,0,1,0]",0.6,0.2,0.2
1124,"[1,-1,0,1]","[-1,1,0,0]",0.5,0.08333333333333333,0.4166666666666667
1125,"[1,-1,0,1]","[-1,1,0,1]",0.45454545454545453,0.09090909090909091,0.45454545454545453
1126,"[1,-1,0,1]","[-1,1,1,0]",0.9,0.0,0.1
1127,"[1,-1,0,1]","[0,-1,-1,1]",0.6666666666666666,0.08333333333333333,0.25
1128,"[1,-1,0,1]","[0,-1,0,-1]",0.9090909090909091,0.0,0.09090909090909091
1129,"[1,-1,0,1]","[0,-1,0,1]",0.45454545454545453,0.09090909090909091,0.45454545454545453
1130,"[1,-1,0,1]","[0,-1,1,-1]",0.9166666666666666,0.0,0.08333333333333333
1131,"[1,-1,0,1]","[0,-1,1,0]",0.5454545454545454,0.09090909090909091,0.36363636363636365
1132,"[1,-1,0,1]","[0,-1,1,1]",0.7,0.0,0.3
1133,"[1,-1,0,1]","[0,0,-1,-1]",1.0,0.0,0.0
1134,"[1,-1,0,1]","[0,0,1,-1]",1.0,0.0,0.0
1135,"[1,-1,0,1]","[0,0,1,1]",0.5,0.2,0.3
1136,"[1,-1,0,1]","[0,1,-1,0]",0.7,0.2,0.1
1137,"[1,-1,0,1]","[0,1,-1,1]",0.9,0.1,0.0
1138,"[1,-1,0,1]","[0,1,0,-1]",0.8333333333333334,0.0,0.16666666666666666
1139,"[1,-1,0,1]","[0,1,1,0]",0.8181818181818182,0.0,0.18181818181818182
1140,"[1,-1,0,1]","[0,1,1,1]",0.8,0.0,0.2
1141,"[1,-1,0,1]","[1,-1,0,0]",0.4166666666666667,0.0,0.5833333333333334
1142,"[1,-1,0,1]","[1,0,-1,1]",0.7272727272727273,0.09090909090909091,0.18181818181818182
1143,"[1,-1,0,1]","[1,0,0,1]",0.8,0.0,0.2
1144,"[1,-1,0,1]","[1,0,1,1]",0.7272727272727273,0.0,0.2727272727272727
1145,"[1,-1,0,1]","[1,1,0,-1]",0.9090909090909091,0.09090909090909091,0.0
1146,"[1,-1,0,1]","[1,1,0,0]",0.8,0.1,0.1
1147,"[1,-1,1,0]","[-1,-1,-1,0]",0.7,0.0,0.3
1148,"[1,-1,1,0]","[-1,-1,0,0]",0.16666666666666666,0.0,0.8333333333333334
1149,"[1,-1,1,0]","[-1,0,-1,-1]",0.5833333333333334,0.08333333333333333,0.3333333333333333
1150,"[1,-1,1,0]","[-1,0,1,-1]",0.7272727272727273,0.18181818181818182,0.09090909090909091
1151,"[1,-1,1,0]","[-1,0,1,0]",0.2,0.7,0.1
1152,"[1,-1,1,0]","[-1,0,1,1]",0.2,0.6,0.2
1153,"[1,-1,1,0]","[-1,1,-1,0]",0.9090909090909091,0.0,0.09090909090909091
1154,"[1,-1,1,0]","[-1,1,0,-1]",0.8,0.1,0.1
1155,"[1,-1,1,0]","[0,-1,-1,-1]",0.8,0.0,0.2
1156,"[1,-1,1,0]","[0,-1,-1,0]",0.6,0.2,0.2
1157,"[1,-1,1,0]","[0,-1,-1,1]",0.8181818181818182,0.0,0.18181818181818182
1158,"[1,-1,1,0]","[0,-1,0,-1]",0.8181818181818182,0.18181818181818182,0.0
1159,"[1,-1,1,0]","[0,-1,1,-1]",0.6666666666666666,0.25,0.08333333333333333
1160,"[1,-1,1,0]","[0,0,-1,1]",0.6666666666666666,0.16666666666666666,0.16666666666666666
1161,"[1,-1,1,0]","[0,0,1,-1]",0.2727272727272727,0.45454545454545453,0.2727272727272727
1162,"[1,-1,1,0]","[0,1,-1,-1]",0.8181818181818182,0.0,0.18181818181818182
1163,"[1,-1,1,0]","[0,1,-1,1]",0.8,0.0,0.2
1164,"[1,-1,1,0]","[0,1,1,0]",0.2727272727272727,0.5454545454545454,0.18181818181818182
1165,"[1,-1,1,0]","[1,-1,-1,0]",0.5454545454545454,0.0,0.45454545454545453
1166,"[1,-1,1,0]","[1,-1,0,-1]",0.45454545454545453,0.18181818181818182,0.36363636363636365
1167,"[1,-1,1,0]","[1,-1,0,1]",0.09090909090909091,0.09090909090909091,0.8181818181818182
1168,"[1,-1,1,0]","[1,0,-1,1]",0.6,0.0,0.4
1169,"[1,-1,1,0]","[1,0,0,-1]",0.9,0.0,0.1
1170,"[1,-1,1,0]","[1,1,0,-1]",0.5454545454545454,0.18181818181818182,0.2727272727272727
1171,"[1,-1,1,0]","[1,1,1,0]",0.4,0.3,0.3
1172,"[1,0,-1,-1]","[-1,-1,0,0]",0.08333333333333333,0.0,0.9166666666666666
1173,"[1,0,-1,-1]","[-1,-1,0,1]",0.0,0.0,1.0
1174,"[1,0,-1,-1]","[-1,0,-1,-1]",0.2,0.8,0.0
1175,"[1,0,-1,-1]","[-1,0,-1,0]",0.0,0.5,0.5
1176,"[1,0,-1,-1]","[-1,0,-1,1]",0.4166666666666667,0.3333333333333333,0.25
1177,"[1,0,-1,-1]","[-1,0,0,-1]",0.16666666666666666,0.3333333333333333,0.5
1178,"[1,0,-1,-1]","[-1,0,1,-1]",0.18181818181818182,0.45454545454545453,0.36363636363636365
1179,"[1,0,-1,-1]","[-1,0,1,1]",0.0,0.0,1.0
1180,"[1,0,-1,-1]","[0,-1,-1,1]",0.4,0.1,0.5
1181,"[1,0,-1,-1]","[0,-1,0,-1]",0.2,0.5,0.3
1182,"[1,0,-1,-1]","[0,-1,0,1]",0.09090909090909091,0.0,0.9090909090909091
1183,"[1,0,-1,-1]","[0,-1,1,-1]",0.36363636363636365,0.36363636363636365,0.2727272727272727
1184,"[1,0,-1,-1]","[0,-1,1,1]",0.09090909090909091,0.18181818181818182,0.7272727272727273
1185,"[1,0,-1,-1]","[0,0,-1,1]",0.16666666666666666,0.25,0.5833333333333334
1186,"[1,0,-1,-1]","[0,1,-1,0]",0.0,0.5,0.5
1187,"[1,0,-1,-1]","[0,1,1,-1]",0.25,0.3333333333333333,0.4166666666666667
1188,"[1,0,-1,-1]","[0,1,1,0]",0.09090909090909091,0.09090909090909091,0.8181818181818182
1189,"[1,0,-1,-1]","[1,-1,-1,0]",0.18181818181818182,0.36363636363636365,0.45454545454545453
1190,"[1,0,-1,-1]","[1,-1,0,-1]",0.25,0.25,0.5
1191,"[1,0,-1,-1]","[1,-1,0,0]",0.0,0.0,1.0
1192,"[1,0,-1,-1]","[1,-1,0,1]",0.2,0.1,0.7
1193,"[1,0,-1,-1]","[1,-1,1,0]",0.1,0.2,0.7
1194,"[1,0,-1,-1]","[1,0,-1,1]",0.2,0.4,0.4
1195,"[1,0,-1,-1]","[1,0,1,-1]",0.3,0.4,0.3
1196,"[1,0,-1,-1]","[1,0,1,0]",0.25,0.08333333333333333,0.6666666666666666
1197,"[1,0,-1,-1]","[1,0,1,1]",0.08333333333333333,0.0,0.9166666666666666
1198,"[1,0,-1,-1]","[1,1,-1,0]",0.09090909090909091,0.6363636363636364,0.2727272727272727
1199,"[1,0,-1,-1]","[1,1,0,1]",0.09090909090909091,0.09090909090909091,0.8181818181818182
1200,"[1,0,-1,0]","[-1,-1,0,0]",0.18181818181818182,0.0,0.8181818181818182
1201,"[1,0,-1,0]","[-1,-1,0,1]",0.2727272727272727,0.0,0.7272727272727273
1202,"[1,0,-1,0]","[-1,0,-1,1]",0.2,0.7,0.1
1203,"[1,0,-1,0]","[-1,0,0,-1]",0.45454545454545453,0.18181818181818182,0.36363636363636365
1204,"[1,0,-1,0]","[-1,0,1,0]",0.36363636363636365,0.0,0.6363636363636364
1205,"[1,0,-1,0]","[-1,1,-1,0]",0.2727272727272727,0.6363636363636364,0.09090909090909091
1206,"[1,0,-1,0]","[-1,1,0,-1]",0.5833333333333334,0.08333333333333333,0.3333333333333333
1207,"[1,0,-1,0]","[0,0,-1,-1]",0.7272727272727273,0.09090909090909091,0.18181818181818182
1208,"[1,0,-1,0]","[0,0,-1,1]",0.1,0.6,0.3
1209,"[1,0,-1,0]","[0,0,1,-1]",0.5833333333333334,0.08333333333333333,0.3333333333333333
1210,"[1,0,-1,0]","[0,0,1,1]",0.25,0.0,0.75
1211,"[1,0,-1,0]","[0,1,-1,0]",0.36363636363636365,0.36363636363636365,0.2727272727272727
1212,"[1,0,-1,0]","[0,1,-1,1]",0.16666666666666666,0.6666666666666666,0.16666666666666666
1213,"[1,0,-1,0]","[0,1,0,-1]",0.4166666666666667,0.0,0.5833333333333334
1214,"[1,0,-1,0]","[0,1,1,0]",0.18181818181818182,0.0,0.8181818181818182
1215,"[1,0,-1,0]","[1,-1,0,1]",0.18181818181818182,0.0,0.8181818181818182
1216,"[1,0,-1,0]","[1,-1,1,0]",0.36363636363636365,0.0,0.6363636363636364
1217,"[1,0,-1,0]","[1,0,-1,-1]",0.7,0.3,0.0
1218,"[1,0,-1,0]","[1,0,-1,1]",0.0,0.4,0.6
1219,"[1,0,-1,0]","[1,0,0,-1]",0.7,0.0,0.3
1220,"[1,0,-1,0]","[1,0,0,1]",0.1,0.2,0.7
1221,"[1,0,-1,0]","[1,1,-1,0]",0.4166666666666667,0.5833333333333334,0.0
1222,"[1,0,-1,1]","[-1,-1,0,1]",0.3333333333333333,0.16666666666666666,0.5
1223,"[1,0,-1,1]","[-1,-1,1,0]",0.09090909090909091,0.0,0.9090909090909091
1224,"[1,0,-1,1]","[-1,0,-1,-1]",0.5833333333333334,0.16666666666666666,0.25
1225,"[1,0,-1,1]","[-1,0,-1,0]",0.09090909090909091,0.6363636363636364,0.2727272727272727
1226,"[1,0,-1,1]","[-1,0,1,-1]",0.8,0.0,0.2
1227,"[1,0,-1,1]","[-1,0,1,1]",0.09090909090909091,0.0,0.9090909090909091
1228,"[1,0,-1,1]","[-1,1,0,-1]",0.6,0.0,0.4
1229,"[1,0,-1,1]","[-1,1,0,0]",0.18181818181818182,0.09090909090909091,0.7272727272727273
1230,"[1,0,-1,1]","[-1,1,1,0]",0.36363636363636365,0.2727272727272727,0.36363636363636365
1231,"[1,0,-1,1]","[0,-1,-1,-1]",0.45454545454545453,0.2727272727272727,0.2727272727272727
1232,"[1,0,-1,1]","[0,-1,-1,0]",0.2727272727272727,0.6363636363636364,0.09090909090909091
1233,"[1,0,-1,1]","[0,-1,-1,1]",0.16666666666666666,0.75,0.08333333333333333
1234,"[1,0,-1,1]","[0,-1,0,-1]",0.6,0.0,0.4
1235,"[1,0,-1,1]","[0,-1,1,1]",0.1,0.2,0.7
1236,"[1,0,-1,1]","[0,0,-1,-1]",0.5833333333333334,0.3333333333333333,0.08333333333333333
1237,"[1,0,-1,1]","[0,0,-1,1]",0.4166666666666667,0.3333333333333333,0.25
1238,"[1,0,-1,1]","[0,1,-1,0]",0.2,0.6,0.2
1239,"[1,0,-1,1]","[0,1,0,-1]",0.45454545454545453,0.09090909090909091,0.45454545454545453
1240,"[1,0,-1,1]","[0,1,0,1]",0.09090909090909091,0.0,0.9090909090909091
1241,"[1,0,-1,1]","[0,1,1,-1]",0.8181818181818182,0.0,0.18181818181818182
1242,"[1,0,-1,1]","[0,1,1,1]",0.16666666666666666,0.08333333333333333,0.75
1243,"[1,0,-1,1]","[1,-1,-1,0]",0.0,0.7,0.3
1244,"[1,0,-1,1]","[1,-1,0,-1]",0.5,0.0,0.5
1245,"[1,0,-1,1]","[1,-1,0,0]",0.0,0.09090909090909091,0.9090909090909091
1246,"[1,0,-1,1]","[1,0,1,-1]",0.6666666666666666,0.0,0.3333333333333333
1247,"[1,0,-1,1]","[1,0,1,0]",0.18181818181818182,0.09090909090909091,0.7272727272727273
1248,"[1,0,-1,1]","[1,0,1,1]",0.08333333333333333,0.08333333333333333,0.8333333333333334
1249,"[1,0,-1,1]","[1,1,1,0]",0.09090909090909091,0.09090909090909091,0.8181818181818182
1250,"[1,0,0,-1]","[-1,-1,0,0]",0.0,0.0,1.0
1251,"[1,0,0,-1]","[-1,-1,0,1]",0.0,0.2,0.8
1252,"[1,0,0,-1]","[-1,0,-1,1]",0.45454545454545453,0.09090909090909091,0.45454545454545453
1253,"[1,0,0,-1]","[-1,0,1,-1]",0.5,0.4,0.1
1254,"[1,0,0,-1]","[-1,0,1,0]",0.6,0.2,0.2
1255,"[1,0,0,-1]","[-1,1,-1,0]",0.8,0.1,0.1
1256,"[1,0,0,-1]","[-1,1,0,-1]",0.18181818181818182,0.8181818181818182,0.0
1257,"[1,0,0,-1]","[-1,1,0,0]",0.1,0.4,0.5
1258,"[1,0,0,-1]","[-1,1,1,0]",0.6363636363636364,0.09090909090909091,0.2727272727272727
1259,"[1,0,0,-1]","[0,-1,0,-1]",0.45454545454545453,0.5454545454545454,0.0
1260,"[1,0,0,-1]","[0,-1,1,1]",0.09090909090909091,0.18181818181818182,0.7272727272727273
1261,"[1,0,0,-1]","[0,0,-1,-1]",0.5,0.3,0.2
1262,"[1,0,0,-1]","[0,0,-1,1]",0.38461538461538464,0.07692307692307693,0.5384615384615384
1263,"[1,0,0,-1]","[0,0,1,-1]",0.5,0.5,0.0
1264,"[1,0,0,-1]","[0,1,-1,-1]",0.9090909090909091,0.0,0.09090909090909091
1265,"[1,0,0,-1]","[0,1,-1,0]",0.4,0.0,0.6
1266,"[1,0,0,-1]","[0,1,0,-1]",0.5,0.5,0.0
1267,"[1,0,0,-1]","[0,1,0,1]",0.16666666666666666,0.08333333333333333,0.75
1268,"[1,0,0,-1]","[0,1,1,-1]",0.6,0.4,0.0
1269,"[1,0,0,-1]","[0,1,1,0]",0.4166666666666667,0.16666666666666666,0.4166666666666667
1270,"[1,0,0,-1]","[0,1,1,1]",0.5,0.1,0.4
1271,"[1,0,0,-1]","[1,-1,0,-1]",0.25,0.5833333333333334,0.16666666666666666
1272,"[1,0,0,-1]","[1,-1,0,0]",0.36363636363636365,0.0,0.6363636363636364
1273,"[1,0,0,-1]","[1,-1,0,1]",0.0,0.2,0.8
1274,"[1,0,0,-1]","[1,0,-1,-1]",0.4166666666666667,0.4166666666666667,0.16666666666666666
1275,"[1,0,0,-1]","[1,0,-1,1]",0.6666666666666666,0.0,0.3333333333333333
1276,"[1,0,0,-1]","[1,0,1,-1]",0.6,0.4,0.0
1277,"[1,0,0,-1]","[1,0,1,1]",0.4,0.2,0.4
1278,"[1,0,0,-1]","[1,1,-1,0]",0.6363636363636364,0.09090909090909091,0.2727272727272727
1279,"[1,0,0,-1]","[1,1,0,-1]",0.36363636363636365,0.6363636363636364,0.0
1280,"[1,0,0,-1]","[1,1,1,0]",0.36363636363636365,0.18181818181818182,0.45454545454545453
1281,"[1,0,0,1]","[-1,-1,-1,0]",0.8181818181818182,0.0,0.18181818181818182
1282,"[1,0,0,1]","[-1,0,-1,0]",0.75,0.0,0.25
1283,"[1,0,0,1]","[-1,0,-1,1]",0.5,0.2,0.3
1284,"[1,0,0,1]","[-1,0,1,0]",0.7272727272727273,0.09090909090909091,0.18181818181818182
1285,"[1,0,0,1]","[-1,1,0,-1]",0.8,0.1,0.1
1286,"[1,0,0,1]","[-1,1,0,0]",0.6363636363636364,0.09090909090909091,0.2727272727272727
1287,"[1,0,0,1]","[-1,1,1,0]",0.6,0.1,0.3
1288,"[1,0,0,1]","[0,-1,-1,-1]",0.9,0.0,0.1
1289,"[1,0,0,1]","[0,-1,-1,0]",1.0,0.0,0.0
1290,"[1,0,0,1]","[0,-1,0,-1]",1.0,0.0,0.0
1291,"[1,0,0,1]","[0,-1,0,1]",0.4166666666666667,0.08333333333333333,0.5
1292,"[1,0,0,1]","[0,0,-1,-1]",1.0,0.0,0.0
1293,"[1,0,0,1]","[0,0,1,-1]",0.8181818181818182,0.0,0.18181818181818182
1294,"[1,0,0,1]","[0,1,-1,0]",0.9166666666666666,0.0,0.08333333333333333
1295,"[1,0,0,1]","[0,1,0,-1]",0.5833333333333334,0.0,0.4166666666666667
1296,"[1,0,0,1]","[0,1,0,1]",0.6,0.1,0.3
1297,"[1,0,0,1]","[0,1,1,-1]",1.0,0.0,0.0
1298,"[1,0,0,1]","[1,-1,-1,0]",0.6363636363636364,0.0,0.36363636363636365
1299,"[1,0,0,1]","[1,-1,0,0]",0.5,0.08333333333333333,0.4166666666666667
1300,"[1,0,0,1]","[1,-1,1,0]",0.6666666666666666,0.0,0.3333333333333333
1301,"[1,0,0,1]","[1,0,-1,-1]",0.9090909090909091,0.0,0.09090909090909091
1302,"[1,0,0,1]","[1,0,-1,1]",0.7272727272727273,0.09090909090909091,0.18181818181818182
1303,"[1,0,0,1]","[1,0,0,-1]",0.75,0.0,0.25
1304,"[1,0,0,1]","[1,0,1,-1]",1.0,0.0,0.0
1305,"[1,0,0,1]","[1,1,-1,0]",0.9090909090909091,0.0,0.09090909090909091
1306,"[1,0,0,1]","[1,1,0,0]",0.9,0.0,0.1
1307,"[1,0,0,1]","[1,1,0,1]",0.5,0.3,0.2
1308,"[1,0,0,1]","[1,1,1,0]",0.6666666666666666,0.0,0.3333333333333333
1309,"[1,0,1,-1]","[-1,-1,-1,0]",0.36363636363636365,0.09090909090909091,0.5454545454545454
1310,"[1,0,1,-1]","[-1,-1,0,-1]",0.25,0.5833333333333334,0.16666666666666666
1311,"[1,0,1,-1]","[-1,-1,0,1]",0.2,0.0,0.8
1312,"[1,0,1,-1]","[-1,0,-1,-1]",0.2,0.3,0.5
1313,"[1,0,1,-1]","[-1,0,-1,0]",0.3333333333333333,0.08333333333333333,0.5833333333333334
1314,"[1,0,1,-1]","[-1,0,0,1]",0.09090909090909091,0.0,0.9090909090909091
1315,"[1,0,1,-1]","[-1,0,1,-1]",0.1,0.7,0.2
1316,"[1,0,1,-1]","[-1,0,1,0]",0.2,0.6,0.2
1317,"[1,0,1,-1]","[-1,1,0,-1]",0.1,0.5,0.4
1318,"[1,0,1,-1]","[-1,1,0,0]",0.2,0.3,0.5
1319,"[1,0,1,-1]","[-1,1,1,0]",0.23076923076923078,0.38461538461538464,0.38461538461538464
1320,"[1,0,1,-1]","[0,-1,-1,-1]",0.5454545454545454,0.2727272727272727,0.18181818181818182
1321,"[1,0,1,-1]","[0,-1,-1,1]",0.4166666666666667,0.0,0.5833333333333334
1322,"[1,0,1,-1]","[0,-1,0,-1]",0.5454545454545454,0.2727272727272727,0.18181818181818182
1323,"[1,0,1,-1]","[0,-1,0,1]",0.18181818181818182,0.09090909090909091,0.7272727272727273
1324,"[1,0,1,-1]","[0,-1,1,-1]",0.4,0.6,0.0
1325,"[1,0,1,-1]","[0,-1,1,1]",0.25,0.3333333333333333,0.4166666666666667
1326,"[1,0,1,-1]","[0,1,-1,1]",0.4,0.0,0.6
1327,"[1,0,1,-1]","[0,1,1,-1]",0.18181818181818182,0.6363636363636364,0.18181818181818182
1328,"[1,0,1,-1]","[0,1,1,0]",0.09090909090909091,0.45454545454545453,0.45454545454545453
1329,"[1,0,1,-1]","[0,1,1,1]",0.2727272727272727,0.36363636363636365,0.36363636363636365
1330,"[1,0,1,-1]","[1,-1,-1,0]",0.4,0.0,0.6
1331,"[1,0,1,-1]","[1,-1,0,-1]",0.09090909090909091,0.6363636363636364,0.2727272727272727
1332,"[1,0,1,-1]","[1,-1,0,1]",0.09090909090909091,0.0,0.9090909090909091
1333,"[1,0,1,-1]","[1,-1,1,0]",0.0,0.3,0.7
1334,"[1,0,1,-1]","[1,0,-1,0]",0.45454545454545453,0.09090909090909091,0.45454545454545453
1335,"[1,0,1,-1]","[1,0,1,1]",0.09090909090909091,0.0,0.9090909090909091
1336,"[1,0,1,-1]","[1,1,0,-1]",0.3,0.6,0.1
1337,"[1,0,1,0]","[-1,-1,1,0]",0.8,0.1,0.1
1338,"[1,0,1,0]","[-1,0,-1,0]",0.5454545454545454,0.09090909090909091,0.36363636363636365
1339,"[1,0,1,0]","[-1,0,1,-1]",0.36363636363636365,0.5454545454545454,0.09090909090909091
1340,"[1,0,1,0]","[-1,0,1,1]",0.6363636363636364,0.2727272727272727,0.09090909090909091
1341,"[1,0,1,0]","[-1,1,-1,0]",0.7,0.1,0.2
1342,"[1,0,1,0]","[-1,1,0,0]",0.4,0.3,0.3
1343,"[1,0,1,0]","[-1,1,1,0]",0.7272727272727273,0.2727272727272727,0.0
1344,"[1,0,1,0]","[0,-1,-1,-1]",0.9,0.1,0.0
1345,"[1,0,1,0]","[0,-1,-1,0]",0.4,0.0,0.6
1346,"[1,0,1,0]","[0,-1,-1,1]",0.6363636363636364,0.09090909090909091,0.2727272727272727
1347,"[1,0,1,0]","[0,-1,0,1]",0.1,0.2,0.7
1348,"[1,0,1,0]","[0,0,-1,1]",0.6923076923076923,0.07692307692307693,0.23076923076923078
1349,"[1,0,1,0]","[0,0,1,-1]",0.36363636363636365,0.5454545454545454,0.09090909090909091
1350,"[1,0,1,0]","[0,1,-1,0]",0.7272727272727273,0.18181818181818182,0.09090909090909091
1351,"[1,0,1,0]","[0,1,0,-1]",0.4166666666666667,0.16666666666666666,0.4166666666666667
1352,"[1,0,1,0]","[0,1,1,0]",0.2,0.6,0.2
1353,"[1,0,1,0]","[0,1,1,1]",0.21428571428571427,0.5714285714285714,0.21428571428571427
1354,"[1,0,1,0]","[1,-1,-1,0]",0.75,0.08333333333333333,0.16666666666666666
1355,"[1,0,1,0]","[1,-1,0,-1]",0.6,0.3,0.1
1356,"[1,0,1,0]","[1,-1,0,1]",0.18181818181818182,0.09090909090909091,0.7272727272727273
1357,"[1,0,1,0]","[1,-1,1,0]",0.36363636363636365,0.45454545454545453,0.18181818181818182
1358,"[1,0,1,0]","[1,0,-1,0]",0.8,0.0,0.2
1359,"[1,0,1,0]","[1,0,0,-1]",0.8333333333333334,0.0,0.16666666666666666
1360,"[1,0,1,0]","[1,0,0,1]",0.18181818181818182,0.0,0.8181818181818182
1361,"[1,0,1,0]","[1,0,1,-1]",0.6,0.2,0.2
1362,"[1,0,1,0]","[1,1,0,-1]",0.7,0.0,0.3
1363,"[1,0,1,0]","[1,1,0,0]",0.3076923076923077,0.0,0.6923076923076923
1364,"[1,0,1,0]","[1,1,1,0]",0.6363636363636364,0.2727272727272727,0.09090909090909091
1365,"[1,0,1,1]","[-1,-1,-1,0]",0.6363636363636364,0.09090909090909091,0.2727272727272727
1366,"[1,0,1,1]","[-1,-1,0,0]",0.08333333333333333,0.08333333333333333,0.8333333333333334
1367,"[1,0,1,1]","[-1,-1,0,1]",0.5,0.1,0.4
1368,"[1,0,1,1]","[-1,0,-1,0]",0.75,0.0,0.25
1369,"[1,0,1,1]","[-1,0,0,1]",0.16666666666666666,0.16666666666666666,0.6666666666666666
1370,"[1,0,1,1]","[-1,0,1,-1]",0.2727272727272727,0.2727272727272727,0.45454545454545453
1371,"[1,0,1,1]","[-1,1,0,0]",0.45454545454545453,0.0,0.5454545454545454
1372,"[1,0,1,1]","[-1,1,0,1]",0.23076923076923078,0.15384615384615385,0.6153846153846154
1373,"[1,0,1,1]","[-1,1,1,0]",0.5833333333333334,0.25,0.16666666666666666
1374,"[1,0,1,1]","[0,-1,-1,-1]",1.0,0.0,0.0
1375,"[1,0,1,1]","[0,-1,1,-1]",0.4166666666666667,0.16666666666666666,0.4166666666666667
1376,"[1,0,1,1]","[0,0,-1,1]",0.4166666666666667,0.16666666666666666,0.4166666666666667
1377,"[1,0,1,1]","[0,0,1,-1]",0.75,0.08333333333333333,0.16666666666666666
1378,"[1,0,1,1]","[0,1,-1,-1]",0.9090909090909091,0.09090909090909091,0.0
1379,"[1,0,1,1]","[0,1,-1,1]",0.8,0.0,0.2
1380,"[1,0,1,1]","[0,1,0,-1]",0.4,0.0,0.6
1381,"[1,0,1,1]","[0,1,0,1]",0.0,0.3,0.7
1382,"[1,0,1,1]","[0,1,1,-1]",0.8333333333333334,0.08333333333333333,0.08333333333333333
1383,"[1,0,1,1]","[0,1,1,1]",0.36363636363636365,0.5454545454545454,0.09090909090909091
1384,"[1,0,1,1]","[1,-1,0,-1]",0.5,0.0,0.5
1385,"[1,0,1,1]","[1,-1,0,0]",0.36363636363636365,0.0,0.6363636363636364
1386,"[1,0,1,1]","[1,-1,1,0]",0.36363636363636365,0.45454545454545453,0.18181818181818182
1387,"[1,0,1,1]","[1,0,-1,0]",0.7,0.0,0.3
1388,"[1,0,1,1]","[1,0,0,1]",0.4,0.0,0.6
1389,"[1,0,1,1]","[1,0,1,0]",0.0,0.5454545454545454,0.45454545454545453
1390,"[1,0,1,1]","[1,1,0,-1]",0.6363636363636364,0.09090909090909091,0.2727272727272727
1391,"[1,0,1,1]","[1,1,0,1]",0.36363636363636365,0.0,0.6363636363636364
1392,"[1,1,-1,0]","[-1,-1,-1,0]",0.4166666666666667,0.3333333333333333,0.25
1393,"[1,1,-1,0]","[-1,-1,0,-1]",0.7272727272727273,0.0,0.2727272727272727
1394,"[1,1,-1,0]","[-1,-1,0,1]",0.2,0.2,0.6
1395,"[1,1,-1,0]","[-1,0,-1,-1]",0.3,0.2,0.5
1396,"[1,1,-1,0]","[-1,0,0,1]",0.36363636363636365,0.0,0.6363636363636364
1397,"[1,1,-1,0]","[-1,0,1,1]",0.2,0.0,0.8
1398,"[1,1,-1,0]","[-1,1,-1,0]",0.07692307692307693,0.6923076923076923,0.23076923076923078
1399,"[1,1,-1,0]","[-1,1,0,-1]",0.8333333333333334,0.0,0.16666666666666666
1400,"[1,1,-1,0]","[-1,1,0,0]",0.09090909090909091,0.36363636363636365,0.5454545454545454
1401,"[1,1,-1,0]","[-1,1,0,1]",0.08333333333333333,0.0,0.9166666666666666
1402,"[1,1,-1,0]","[-1,1,1,0]",0.2,0.2,0.6
1403,"[1,1,-1,0]","[0,-1,-1,0]",0.0,0.6363636363636364,0.36363636363636365
1404,"[1,1,-1,0]","[0,-1,-1,1]",0.09090909090909091,0.5454545454545454,0.36363636363636365
1405,"[1,1,-1,0]","[0,-1,1,-1]",0.8,0.0,0.2
1406,"[1,1,-1,0]","[0,-1,1,1]",0.2,0.3,0.5
1407,"[1,1,-1,0]","[0,0,1,1]",0.25,0.0,0.75
1408,"[1,1,-1,0]","[0,1,-1,-1]",0.6363636363636364,0.18181818181818182,0.18181818181818182
1409,"[1,1,-1,0]","[0,1,-1,1]",0.0,0.8181818181818182,0.18181818181818182
1410,"[1,1,-1,0]","[0,1,0,-1]",0.4,0.1,0.5
1411,"[1,1,-1,0]","[0,1,1,-1]",0.45454545454545453,0.18181818181818182,0.36363636363636365
1412,"[1,1,-1,0]","[0,1,1,0]",0.5,0.16666666666666666,0.3333333333333333
1413,"[1,1,-1,0]","[1,-1,-1,0]",0.2727272727272727,0.36363636363636365,0.36363636363636365
1414,"[1,1,-1,0]","[1,-1,0,1]",0.16666666666666666,0.0,0.8333333333333334
1415,"[1,1,-1,0]","[1,-1,1,0]",0.0,0.1,0.9
1416,"[1,1,-1,0]","[1,0,-1,1]",0.2727272727272727,0.5454545454545454,0.18181818181818182
1417,"[1,1,-1,0]","[1,0,1,-1]",1.0,0.0,0.0
1418,"[1,1,-1,0]","[1,0,1,0]",0.2727272727272727,0.09090909090909091,0.6363636363636364
1419,"[1,1,-1,0]","[1,0,1,1]",0.25,0.08333333333333333,0.6666666666666666
1420,"[1,1,-1,0]","[1,1,0,-1]",0.5454545454545454,0.09090909090909091,0.36363636363636365
1421,"[1,1,-1,0]","[1,1,0,1]",0.16666666666666666,0.0,0.8333333333333334
1422,"[1,1,0,-1]","[-1,-1,0,-1]",0.3,0.5,0.2
1423,"[1,1,0,-1]","[-1,-1,0,1]",0.2727272727272727,0.0,0.7272727272727273
1424,"[1,1,0,-1]","[-1,0,-1,0]",0.7,0.0,0.3
1425,"[1,1,0,-1]","[-1,0,-1,1]",0.5,0.0,0.5
1426,"[1,1,0,-1]","[-1,0,0,-1]",0.3,0.6,0.1
1427,"[1,1,0,-1]","[-1,1,-1,0]",0.4166666666666667,0.16666666666666666,0.4166666666666667
1428,"[1,1,0,-1]","[-1,1,0,1]",0.3333333333333333,0.0,0.6666666666666666
1429,"[1,1,0,-1]","[-1,1,1,0]",0.8181818181818182,0.0,0.18181818181818182
1430,"[1,1,0,-1]","[0,-1,-1,0]",0.8461538461538461,0.0,0.15384615384615385
1431,"[1,1,0,-1]","[0,-1,0,-1]",0.4,0.6,0.0
1432,"[1,1,0,-1]","[0,-1,0,1]",0.0,0.09090909090909091,0.9090909090909091
1433,"[1,1,0,-1]","[0,0,-1,-1]",0.4166666666666667,0.4166666666666667,0.16666666666666666
1434,"[1,1,0,-1]","[0,0,-1,1]",0.5454545454545454,0.0,0.45454545454545453
1435,"[1,1,0,-1]","[0,1,-1,-1]",0.36363636363636365,0.45454545454545453,0.18181818181818182
1436,"[1,1,0,-1]","[0,1,0,-1]",0.18181818181818182,0.6363636363636364,0.18181818181818182
1437,"[1,1,0,-1]","[0,1,1,-1]",0.5454545454545454,0.2727272727272727,0.18181818181818182
1438,"[1,1,0,-1]","[0,1,1,1]",0.5,0.0,0.5
1439,"[1,1,0,-1]","[1,-1,0,0]",0.08333333333333333,0.0,0.9166666666666666
1440,"[1,1,0,-1]","[1,0,-1,-1]",0.6363636363636364,0.36363636363636365,0.0
1441,"[1,1,0,-1]","[1,0,-1,0]",0.09090909090909091,0.18181818181818182,0.7272727272727273
1442,"[1,1,0,-1]","[1,0,-1,1]",0.75,0.08333333333333333,0.16666666666666666
1443,"[1,1,0,-1]","[1,0,0,1]",0.2,0.1,0.7
1444,"[1,1,0,-1]","[1,1,0,1]",0.2727272727272727,0.0,0.7272727272727273
1445,"[1,1,0,0]","[-1,-1,-1,0]",0.7272727272727273,0.0,0.2727272727272727
1446,"[1,1,0,0]","[-1,-1,0,-1]",0.9,0.0,0.1
1447,"[1,1,0,0]","[-1,-1,0,1]",0.75,0.08333333333333333,0.16666666666666666
1448,"[1,1,0,0]","[-1,-1,1,0]",0.9,0.1,0.0
1449,"[1,1,0,0]","[-1,0,-1,0]",0.8181818181818182,0.0,0.18181818181818182
1450,"[1,1,0,0]","[-1,0,1,-1]",0.8333333333333334,0.0,0.16666666666666666
1451,"[1,1,0,0]","[-1,0,1,0]",0.8,0.0,0.2
1452,"[1,1,0,0]","[-1,0,1,1]",1.0,0.0,0.0
1453,"[1,1,0,0]","[-1,1,-1,0]",0.8333333333333334,0.08333333333333333,0.08333333333333333
1454,"[1,1,0,0]","[-1,1,0,-1]",0.8,0.0,0.2
1455,"[1,1,0,0]","[-1,1,0,0]",0.3333333333333333,0.5,0.16666666666666666
1456,"[1,1,0,0]","[-1,1,0,1]",0.36363636363636365,0.2727272727272727,0.36363636363636365
1457,"[1,1,0,0]","[-1,1,1,0]",0.6666666666666666,0.08333333333333333,0.25
1458,"[1,1,0,0]","[0,-1,-1,-1]",0.9166666666666666,0.0,0.08333333333333333
1459,"[1,1,0,0]","[0,-1,0,1]",0.75,0.0,0.25
1460,"[1,1,0,0]","[0,-1,1,-1]",1.0,0.0,0.0
1461,"[1,1,0,0]","[0,0,-1,-1]",0.8333333333333334,0.08333333333333333,0.08333333333333333
1462,"[1,1,0,0]","[0,0,-1,1]",0.8333333333333334,0.0,0.16666666666666666
1463,"[1,1,0,0]","[0,0,1,-1]",0.8181818181818182,0.0,0.18181818181818182
1464,"[1,1,0,0]","[0,0,1,1]",0.8181818181818182,0.0,0.18181818181818182
1465,"[1,1,0,0]","[0,1,-1,-1]",0.8181818181818182,0.09090909090909091,0.09090909090909091
1466,"[1,1,0,0]","[0,1,0,-1]",0.75,0.16666666666666666,0.08333333333333333
1467,"[1,1,0,0]","[1,-1,0,-1]",0.8181818181818182,0.0,0.18181818181818182
1468,"[1,1,0,0]","[1,-1,0,0]",0.5454545454545454,0.0,0.45454545454545453
1469,"[1,1,0,0]","[1,-1,1,0]",0.7,0.0,0.3
1470,"[1,1,0,0]","[1,0,-1,-1]",1.0,0.0,0.0
1471,"[1,1,0,0]","[1,0,-1,0]",0.8181818181818182,0.0,0.18181818181818182
1472,"[1,1,0,0]","[1,0,-1,1]",0.7272727272727273,0.0,0.2727272727272727
1473,"[1,1,0,0]","[1,0,0,-1]",0.9,0.0,0.1
1474,"[1,1,0,0]","[1,0,1,-1]",0.8181818181818182,0.18181818181818182,0.0
1475,"[1,1,0,0]","[1,0,1,1]",0.75,0.08333333333333333,0.16666666666666666
1476,"[1,1,0,0]","[1,1,-1,0]",0.75,0.08333333333333333,0.16666666666666666
1477,"[1,1,0,0]","[1,1,0,-1]",0.9,0.1,0.0
1478,"[1,1,0,1]","[-1,-1,0,0]",0.5,0.0,0.5
1479,"[1,1,0,1]","[-1,0,-1,-1]",0.9,0.0,0.1
1480,"[1,1,0,1]","[-1,0,-1,0]",0.6363636363636364,0.0,0.36363636363636365
1481,"[1,1,0,1]","[-1,0,0,-1]",0.8333333333333334,0.0,0.16666666666666666
1482,"[1,1,0,1]","[-1,0,1,0]",0.7,0.0,0.3
1483,"[1,1,0,1]","[-1,1,0,0]",0.8181818181818182,0.09090909090909091,0.09090909090909091
1484,"[1,1,0,1]","[-1,1,0,1]",0.7,0.1,0.2
1485,"[1,1,0,1]","[0,-1,-1,-1]",0.75,0.0,0.25
1486,"[1,1,0,1]","[0,-1,-1,0]",0.8181818181818182,0.0,0.18181818181818182
1487,"[1,1,0,1]","[0,-1,-1,1]",0.75,0.0,0.25
1488,"[1,1,0,1]","[0,-1,0,-1]",1.0,0.0,0.0
1489,"[1,1,0,1]","[0,-1,1,-1]",0.8181818181818182,0.0,0.18181818181818182
1490,"[1,1,0,1]","[0,-1,1,0]",0.8333333333333334,0.08333333333333333,0.08333333333333333
1491,"[1,1,0,1]","[0,-1,1,1]",0.9166666666666666,0.0,0.08333333333333333
1492,"[1,1,0,1]","[0,0,-1,-1]",1.0,0.0,0.0
1493,"[1,1,0,1]","[0,0,-1,1]",0.7,0.1,0.2
1494,"[1,1,0,1]","[0,0,1,-1]",0.8181818181818182,0.0,0.18181818181818182
1495,"[1,1,0,1]","[0,1,-1,0]",0.6666666666666666,0.25,0.08333333333333333
1496,"[1,1,0,1]","[0,1,-1,1]",0.8333333333333334,0.0,0.16666666666666666
1497,"[1,1,0,1]","[0,1,0,-1]",0.8,0.0,0.2
1498,"[1,1,0,1]","[0,1,1,0]",0.9090909090909091,0.09090909090909091,0.0
1499,"[1,1,0,1]","[1,-1,0,0]",0.3333333333333333,0.0,0.6666666666666666
1500,"[1,1,0,1]","[1,-1,0,1]",0.6363636363636364,0.09090909090909091,0.2727272727272727
1501,"[1,1,0,1]","[1,-1,1,0]",0.8,0.0,0.2
1502,"[1,1,0,1]","[1,0,-1,0]",0.9090909090909091,0.0,0.09090909090909091
1503,"[1,1,0,1]","[1,0,-1,1]",0.9,0.0,0.1
1504,"[1,1,0,1]","[1,0,0,-1]",1.0,0.0,0.0
1505,"[1,1,0,1]","[1,0,1,-1]",0.9166666666666666,0.0,0.08333333333333333
1506,"[1,1,0,1]","[1,0,1,0]",0.5454545454545454,0.0,0.45454545454545453
1507,"[1,1,0,1]","[1,1,0,0]",0.45454545454545453,0.0,0.5454545454545454
1508,"[1,1,0,1]","[1,1,1,0]",0.6363636363636364,0.0,0.36363636363636365
1509,"[1,1,1,0]","[-1,-1,-1,0]",0.9090909090909091,0.0,0.09090909090909091
1510,"[1,1,1,0]","[-1,-1,0,0]",0.09090909090909091,0.0,0.9090909090909091
1511,"[1,1,1,0]","[-1,-1,0,1]",0.2,0.1,0.7
1512,"[1,1,1,0]","[-1,0,-1,-1]",0.5454545454545454,0.18181818181818182,0.2727272727272727
1513,"[1,1,1,0]","[-1,0,-1,0]",0.5833333333333334,0.08333333333333333,0.3333333333333333
1514,"[1,1,1,0]","[-1,0,-1,1]",0.6363636363636364,0.0,0.36363636363636365
1515,"[1,1,1,0]","[-1,0,1,-1]",0.45454545454545453,0.2727272727272727,0.2727272727272727
1516,"[1,1,1,0]","[-1,0,1,0]",0.25,0.5,0.25
1517,"[1,1,1,0]","[-1,0,1,1]",0.36363636363636365,0.2727272727272727,0.36363636363636365
1518,"[1,1,1,0]","[-1,1,0,-1]",0.6923076923076923,0.07692307692307693,0.23076923076923078
1519,"[1,1,1,0]","[-1,1,0,0]",0.4,0.2,0.4
1520,"[1,1,1,0]","[-1,1,0,1]",0.36363636363636365,0.0,0.6363636363636364
1521,"[1,1,1,0]","[0,-1,-1,-1]",0.8333333333333334,0.08333333333333333,0.08333333333333333
1522,"[1,1,1,0]","[0,-1,0,1]",0.25,0.16666666666666666,0.5833333333333334
1523,"[1,1,1,0]","[0,-1,1,-1]",0.6,0.4,0.0
1524,"[1,1,1,0]","[0,0,-1,-1]",0.8181818181818182,0.0,0.18181818181818182
1525,"[1,1,1,0]","[0,0,-1,1]",0.8,0.0,0.2
1526,"[1,1,1,0]","[0,1,-1,0]",0.75,0.08333333333333333,0.16666666666666666
1527,"[1,1,1,0]","[0,1,-1,1]",0.8181818181818182,0.0,0.18181818181818182
1528,"[1,1,1,0]","[0,1,0,-1]",0.5,0.3,0.2
1529,"[1,1,1,0]","[0,1,1,1]",0.1,0.3,0.6
1530,"[1,1,1,0]","[1,-1,-1,0]",0.75,0.0,0.25
1531,"[1,1,1,0]","[1,-1,0,-1]",0.6363636363636364,0.09090909090909091,0.2727272727272727
1532,"[1,1,1,0]","[1,-1,0,1]",0.0,0.0,1.0
1533,"[1,1,1,0]","[1,0,-1,-1]",0.9166666666666666,0.0,0.08333333333333333
1534,"[1,1,1,0]","[1,0,-1,0]",1.0,0.0,0.0
1535,"[1,1,1,0]","[1,0,1,-1]",0.7272727272727273,0.18181818181818182,0.09090909090909091
1536,"[1,1,1,0]","[1,0,1,1]",0.3,0.4,0.3
1537,"[1,1,1,0]","[1,1,-1,0]",0.8,0.1,0.1
1538,"[1,1,1,0]","[1,1,0,-1]",0.5454545454545454,0.0,0.45454545454545453
1539,"[1,1,1,0]","[1,1,0,0]",0.3333333333333333,0.0,0.6666666666666666
