,effortsLeft,effortsRight,r01,r02,r12
0,"[-1,-1,-1,0]","[-1,-1,0,1]",0.2,0.2,0.6
1,"[-1,-1,-1,0]","[-1,-1,1,0]",0.7,0.2,0.1
2,"[-1,-1,-1,0]","[-1,0,-1,1]",0.4166666666666667,0.5833333333333334,0.0
3,"[-1,-1,-1,0]","[-1,0,0,1]",0.3,0.1,0.6
4,"[-1,-1,-1,0]","[-1,0,1,1]",0.5384615384615384,0.15384615384615385,0.3076923076923077
5,"[-1,-1,-1,0]","[-1,1,0,0]",0.4,0.0,0.6
6,"[-1,-1,-1,0]","[-1,1,1,0]",0.6,0.2,0.2
7,"[-1,-1,-1,0]","[0,-1,-1,-1]",0.38461538461538464,0.3076923076923077,0.3076923076923077
8,"[-1,-1,-1,0]","[0,-1,0,1]",0.3333333333333333,0.13333333333333333,0.5333333333333333
9,"[-1,-1,-1,0]","[0,-1,1,-1]",0.8,0.1,0.1
10,"[-1,-1,-1,0]","[0,-1,1,0]",0.5,0.0,0.5
11,"[-1,-1,-1,0]","[0,-1,1,1]",0.4,0.0,0.6
12,"[-1,-1,-1,0]","[0,0,-1,-1]",0.7,0.2,0.1
13,"[-1,-1,-1,0]","[0,0,1,1]",0.3,0.5,0.2
14,"[-1,-1,-1,0]","[0,1,-1,-1]",0.7,0.3,0.0
15,"[-1,-1,-1,0]","[0,1,-1,0]",0.3076923076923077,0.3076923076923077,0.38461538461538464
16,"[-1,-1,-1,0]","[0,1,0,-1]",0.9230769230769231,0.0,0.07692307692307693
17,"[-1,-1,-1,0]","[1,-1,-1,0]",0.4,0.5,0.1
18,"[-1,-1,-1,0]","[1,-1,0,-1]",0.7272727272727273,0.0,0.2727272727272727
19,"[-1,-1,-1,0]","[1,-1,0,0]",0.36363636363636365,0.09090909090909091,0.5454545454545454
20,"[-1,-1,-1,0]","[1,0,-1,-1]",0.6470588235294118,0.17647058823529413,0.17647058823529413
21,"[-1,-1,-1,0]","[1,0,-1,0]",0.3,0.5,0.2
22,"[-1,-1,-1,0]","[1,0,-1,1]",0.5,0.5,0.0
23,"[-1,-1,-1,0]","[1,0,0,-1]",0.5,0.1,0.4
24,"[-1,-1,-1,0]","[1,0,1,0]",0.38461538461538464,0.15384615384615385,0.46153846153846156
25,"[-1,-1,-1,0]","[1,1,0,-1]",0.5833333333333334,0.16666666666666666,0.25
26,"[-1,-1,-1,0]","[1,1,0,1]",0.23076923076923078,0.15384615384615385,0.6153846153846154
27,"[-1,-1,0,-1]","[-1,-1,-1,0]",0.36363636363636365,0.0,0.6363636363636364
28,"[-1,-1,0,-1]","[-1,-1,0,1]",0.3,0.1,0.6
29,"[-1,-1,0,-1]","[-1,0,-1,1]",0.5833333333333334,0.16666666666666666,0.25
30,"[-1,-1,0,-1]","[-1,0,0,-1]",0.36363636363636365,0.36363636363636365,0.2727272727272727
31,"[-1,-1,0,-1]","[-1,0,1,1]",0.45454545454545453,0.09090909090909091,0.45454545454545453
32,"[-1,-1,0,-1]","[-1,1,-1,0]",0.5454545454545454,0.18181818181818182,0.2727272727272727
33,"[-1,-1,0,-1]","[-1,1,0,0]",0.3,0.2,0.5
34,"[-1,-1,0,-1]","[-1,1,0,1]",0.3076923076923077,0.07692307692307693,0.6153846153846154
35,"[-1,-1,0,-1]","[-1,1,1,0]",0.09090909090909091,0.36363636363636365,0.5454545454545454
36,"[-1,-1,0,-1]","[0,-1,-1,-1]",0.2727272727272727,0.45454545454545453,0.2727272727272727
37,"[-1,-1,0,-1]","[0,-1,-1,0]",0.3333333333333333,0.08333333333333333,0.5833333333333334
38,"[-1,-1,0,-1]","[0,-1,-1,1]",0.6363636363636364,0.0,0.36363636363636365
39,"[-1,-1,0,-1]","[0,-1,0,-1]",0.26666666666666666,0.5333333333333333,0.2
40,"[-1,-1,0,-1]","[0,-1,1,-1]",0.3,0.6,0.1
41,"[-1,-1,0,-1]","[0,-1,1,1]",0.5,0.0,0.5
42,"[-1,-1,0,-1]","[0,0,-1,-1]",0.21428571428571427,0.7142857142857143,0.07142857142857142
43,"[-1,-1,0,-1]","[0,0,-1,1]",0.38461538461538464,0.0,0.6153846153846154
44,"[-1,-1,0,-1]","[0,0,1,-1]",0.23076923076923078,0.7692307692307693,0.0
45,"[-1,-1,0,-1]","[0,0,1,1]",0.2857142857142857,0.14285714285714285,0.5714285714285714
46,"[-1,-1,0,-1]","[0,1,-1,0]",0.6666666666666666,0.16666666666666666,0.16666666666666666
47,"[-1,-1,0,-1]","[0,1,0,-1]",0.0,1.0,0.0
48,"[-1,-1,0,-1]","[0,1,0,1]",0.1,0.3,0.6
49,"[-1,-1,0,-1]","[0,1,1,-1]",0.5454545454545454,0.36363636363636365,0.09090909090909091
50,"[-1,-1,0,-1]","[1,-1,-1,0]",0.6470588235294118,0.0,0.35294117647058826
51,"[-1,-1,0,-1]","[1,-1,1,0]",0.7,0.1,0.2
52,"[-1,-1,0,-1]","[1,0,-1,-1]",0.6363636363636364,0.18181818181818182,0.18181818181818182
53,"[-1,-1,0,-1]","[1,0,-1,0]",0.5,0.0,0.5
54,"[-1,-1,0,-1]","[1,0,-1,1]",0.6363636363636364,0.0,0.36363636363636365
55,"[-1,-1,0,-1]","[1,0,0,-1]",0.4166666666666667,0.5,0.08333333333333333
56,"[-1,-1,0,-1]","[1,0,0,1]",0.0,0.0,1.0
57,"[-1,-1,0,-1]","[1,0,1,0]",0.36363636363636365,0.2727272727272727,0.36363636363636365
58,"[-1,-1,0,-1]","[1,0,1,1]",0.6363636363636364,0.0,0.36363636363636365
59,"[-1,-1,0,-1]","[1,1,0,1]",0.36363636363636365,0.09090909090909091,0.5454545454545454
60,"[-1,-1,0,-1]","[1,1,1,0]",0.6363636363636364,0.09090909090909091,0.2727272727272727
61,"[-1,-1,0,0]","[-1,-1,-1,0]",1.0,0.0,0.0
62,"[-1,-1,0,0]","[-1,-1,0,-1]",0.46153846153846156,0.15384615384615385,0.38461538461538464
63,"[-1,-1,0,0]","[-1,-1,0,1]",0.6,0.4,0.0
64,"[-1,-1,0,0]","[-1,-1,1,0]",0.75,0.08333333333333333,0.16666666666666666
65,"[-1,-1,0,0]","[-1,0,-1,-1]",1.0,0.0,0.0
66,"[-1,-1,0,0]","[-1,0,1,-1]",0.8,0.2,0.0
67,"[-1,-1,0,0]","[-1,0,1,0]",0.9,0.0,0.1
68,"[-1,-1,0,0]","[-1,1,0,-1]",0.8666666666666667,0.06666666666666667,0.06666666666666667
69,"[-1,-1,0,0]","[-1,1,0,0]",0.8,0.0,0.2
70,"[-1,-1,0,0]","[-1,1,1,0]",0.9285714285714286,0.07142857142857142,0.0
71,"[-1,-1,0,0]","[0,-1,0,1]",0.45454545454545453,0.18181818181818182,0.36363636363636365
72,"[-1,-1,0,0]","[0,-1,1,1]",0.8333333333333334,0.08333333333333333,0.08333333333333333
73,"[-1,-1,0,0]","[0,0,1,-1]",0.9,0.0,0.1
74,"[-1,-1,0,0]","[0,0,1,1]",0.9333333333333333,0.06666666666666667,0.0
75,"[-1,-1,0,0]","[0,1,-1,0]",0.9,0.1,0.0
76,"[-1,-1,0,0]","[0,1,-1,1]",1.0,0.0,0.0
77,"[-1,-1,0,0]","[0,1,0,-1]",1.0,0.0,0.0
78,"[-1,-1,0,0]","[0,1,0,1]",0.4,0.1,0.5
79,"[-1,-1,0,0]","[0,1,1,-1]",1.0,0.0,0.0
80,"[-1,-1,0,0]","[0,1,1,0]",0.9090909090909091,0.0,0.09090909090909091
81,"[-1,-1,0,0]","[1,-1,0,-1]",0.5384615384615384,0.07692307692307693,0.38461538461538464
82,"[-1,-1,0,0]","[1,-1,0,1]",0.7,0.0,0.3
83,"[-1,-1,0,0]","[1,0,-1,1]",0.9230769230769231,0.07692307692307693,0.0
84,"[-1,-1,0,0]","[1,0,0,1]",0.36363636363636365,0.18181818181818182,0.45454545454545453
85,"[-1,-1,0,0]","[1,0,1,-1]",0.9230769230769231,0.07692307692307693,0.0
86,"[-1,-1,0,0]","[1,0,1,0]",0.8461538461538461,0.07692307692307693,0.07692307692307693
87,"[-1,-1,0,0]","[1,1,-1,0]",0.75,0.16666666666666666,0.08333333333333333
88,"[-1,-1,0,0]","[1,1,0,-1]",0.9230769230769231,0.0,0.07692307692307693
89,"[-1,-1,0,0]","[1,1,0,0]",0.7272727272727273,0.09090909090909091,0.18181818181818182
90,"[-1,-1,0,1]","[-1,-1,1,0]",0.7142857142857143,0.14285714285714285,0.14285714285714285
91,"[-1,-1,0,1]","[-1,0,-1,-1]",0.7,0.0,0.3
92,"[-1,-1,0,1]","[-1,0,-1,0]",0.8461538461538461,0.0,0.15384615384615385
93,"[-1,-1,0,1]","[-1,0,0,-1]",0.5384615384615384,0.07692307692307693,0.38461538461538464
94,"[-1,-1,0,1]","[-1,0,0,1]",0.5,0.25,0.25
95,"[-1,-1,0,1]","[-1,0,1,1]",0.7272727272727273,0.09090909090909091,0.18181818181818182
96,"[-1,-1,0,1]","[-1,1,0,-1]",0.9166666666666666,0.0,0.08333333333333333
97,"[-1,-1,0,1]","[0,-1,-1,-1]",0.7,0.1,0.2
98,"[-1,-1,0,1]","[0,-1,-1,0]",0.8,0.2,0.0
99,"[-1,-1,0,1]","[0,-1,0,-1]",0.6363636363636364,0.18181818181818182,0.18181818181818182
100,"[-1,-1,0,1]","[0,-1,0,1]",0.38461538461538464,0.23076923076923078,0.38461538461538464
101,"[-1,-1,0,1]","[0,-1,1,-1]",0.9,0.0,0.1
102,"[-1,-1,0,1]","[0,-1,1,0]",0.8,0.0,0.2
103,"[-1,-1,0,1]","[0,-1,1,1]",0.6428571428571429,0.21428571428571427,0.14285714285714285
104,"[-1,-1,0,1]","[0,0,1,1]",0.4166666666666667,0.25,0.3333333333333333
105,"[-1,-1,0,1]","[0,1,-1,-1]",0.6363636363636364,0.0,0.36363636363636365
106,"[-1,-1,0,1]","[0,1,0,-1]",0.5454545454545454,0.36363636363636365,0.09090909090909091
107,"[-1,-1,0,1]","[1,-1,-1,0]",0.5454545454545454,0.2727272727272727,0.18181818181818182
108,"[-1,-1,0,1]","[1,-1,0,-1]",0.8,0.0,0.2
109,"[-1,-1,0,1]","[1,-1,0,1]",0.5,0.08333333333333333,0.4166666666666667
110,"[-1,-1,0,1]","[1,-1,1,0]",0.6666666666666666,0.16666666666666666,0.16666666666666666
111,"[-1,-1,0,1]","[1,0,0,1]",0.5,0.3,0.2
112,"[-1,-1,0,1]","[1,0,1,0]",0.5,0.25,0.25
113,"[-1,-1,0,1]","[1,1,0,1]",0.5714285714285714,0.14285714285714285,0.2857142857142857
114,"[-1,-1,1,0]","[-1,-1,0,-1]",0.5384615384615384,0.0,0.46153846153846156
115,"[-1,-1,1,0]","[-1,0,0,-1]",0.5,0.2,0.3
116,"[-1,-1,1,0]","[-1,0,1,-1]",0.6666666666666666,0.25,0.08333333333333333
117,"[-1,-1,1,0]","[-1,0,1,0]",0.2727272727272727,0.6363636363636364,0.09090909090909091
118,"[-1,-1,1,0]","[-1,0,1,1]",0.3,0.5,0.2
119,"[-1,-1,1,0]","[-1,1,0,-1]",0.7,0.0,0.3
120,"[-1,-1,1,0]","[-1,1,0,0]",0.0,0.3,0.7
121,"[-1,-1,1,0]","[0,-1,-1,1]",0.6,0.2,0.2
122,"[-1,-1,1,0]","[0,-1,0,-1]",0.6,0.1,0.3
123,"[-1,-1,1,0]","[0,-1,0,1]",0.38461538461538464,0.15384615384615385,0.46153846153846156
124,"[-1,-1,1,0]","[0,0,-1,1]",0.7,0.3,0.0
125,"[-1,-1,1,0]","[0,1,-1,0]",0.7272727272727273,0.0,0.2727272727272727
126,"[-1,-1,1,0]","[0,1,-1,1]",0.6,0.2,0.2
127,"[-1,-1,1,0]","[0,1,0,-1]",0.6363636363636364,0.09090909090909091,0.2727272727272727
128,"[-1,-1,1,0]","[0,1,0,1]",0.14285714285714285,0.21428571428571427,0.6428571428571429
129,"[-1,-1,1,0]","[0,1,1,-1]",0.6,0.1,0.3
130,"[-1,-1,1,0]","[1,-1,0,-1]",0.4,0.0,0.6
131,"[-1,-1,1,0]","[1,-1,0,0]",0.17647058823529413,0.17647058823529413,0.6470588235294118
132,"[-1,-1,1,0]","[1,-1,1,0]",0.29411764705882354,0.47058823529411764,0.23529411764705882
133,"[-1,-1,1,0]","[1,0,-1,-1]",0.8,0.0,0.2
134,"[-1,-1,1,0]","[1,0,-1,0]",0.2,0.1,0.7
135,"[-1,-1,1,0]","[1,0,0,-1]",0.5,0.1,0.4
136,"[-1,-1,1,0]","[1,0,0,1]",0.5,0.16666666666666666,0.3333333333333333
137,"[-1,-1,1,0]","[1,0,1,-1]",0.8,0.1,0.1
138,"[-1,-1,1,0]","[1,0,1,1]",0.3,0.6,0.1
139,"[-1,-1,1,0]","[1,1,-1,0]",0.6,0.0,0.4
140,"[-1,-1,1,0]","[1,1,0,-1]",0.2727272727272727,0.0,0.7272727272727273
141,"[-1,-1,1,0]","[1,1,0,1]",0.07692307692307693,0.23076923076923078,0.6923076923076923
142,"[-1,-1,1,0]","[1,1,1,0]",0.3333333333333333,0.6,0.06666666666666667
143,"[-1,0,-1,-1]","[-1,-1,-1,0]",0.1,0.2,0.7
144,"[-1,0,-1,-1]","[-1,-1,0,-1]",0.0,0.6,0.4
145,"[-1,0,-1,-1]","[-1,-1,1,0]",0.09090909090909091,0.09090909090909091,0.8181818181818182
146,"[-1,0,-1,-1]","[-1,0,-1,1]",0.18181818181818182,0.18181818181818182,0.6363636363636364
147,"[-1,0,-1,-1]","[-1,0,0,-1]",0.2857142857142857,0.35714285714285715,0.35714285714285715
148,"[-1,0,-1,-1]","[-1,0,0,1]",0.3333333333333333,0.08333333333333333,0.5833333333333334
149,"[-1,0,-1,-1]","[-1,0,1,0]",0.1,0.1,0.8
150,"[-1,0,-1,-1]","[-1,0,1,1]",0.36363636363636365,0.18181818181818182,0.45454545454545453
151,"[-1,0,-1,-1]","[-1,1,1,0]",0.15384615384615385,0.5384615384615384,0.3076923076923077
152,"[-1,0,-1,-1]","[0,-1,-1,1]",0.29411764705882354,0.11764705882352941,0.5882352941176471
153,"[-1,0,-1,-1]","[0,-1,0,-1]",0.09090909090909091,0.5454545454545454,0.36363636363636365
154,"[-1,0,-1,-1]","[0,-1,0,1]",0.23076923076923078,0.07692307692307693,0.6923076923076923
155,"[-1,0,-1,-1]","[0,-1,1,1]",0.4,0.0,0.6
156,"[-1,0,-1,-1]","[0,0,-1,1]",0.15384615384615385,0.15384615384615385,0.6923076923076923
157,"[-1,0,-1,-1]","[0,1,-1,-1]",0.0,0.9,0.1
158,"[-1,0,-1,-1]","[0,1,-1,0]",0.0,0.8,0.2
159,"[-1,0,-1,-1]","[0,1,-1,1]",0.15384615384615385,0.07692307692307693,0.7692307692307693
160,"[-1,0,-1,-1]","[0,1,0,1]",0.07692307692307693,0.0,0.9230769230769231
161,"[-1,0,-1,-1]","[0,1,1,0]",0.0,0.6363636363636364,0.36363636363636365
162,"[-1,0,-1,-1]","[1,-1,0,0]",0.07692307692307693,0.0,0.9230769230769231
163,"[-1,0,-1,-1]","[1,0,-1,0]",0.0,0.2727272727272727,0.7272727272727273
164,"[-1,0,-1,-1]","[1,0,0,-1]",0.0,0.7,0.3
165,"[-1,0,-1,-1]","[1,0,0,1]",0.3,0.1,0.6
166,"[-1,0,-1,-1]","[1,0,1,0]",0.2727272727272727,0.09090909090909091,0.6363636363636364
167,"[-1,0,-1,-1]","[1,0,1,1]",0.4166666666666667,0.0,0.5833333333333334
168,"[-1,0,-1,-1]","[1,1,0,-1]",0.09090909090909091,0.7272727272727273,0.18181818181818182
169,"[-1,0,-1,-1]","[1,1,0,0]",0.2,0.1,0.7
170,"[-1,0,-1,0]","[-1,-1,-1,0]",0.36363636363636365,0.5454545454545454,0.09090909090909091
171,"[-1,0,-1,0]","[-1,-1,0,-1]",0.6666666666666666,0.16666666666666666,0.16666666666666666
172,"[-1,0,-1,0]","[-1,-1,0,0]",0.45454545454545453,0.09090909090909091,0.45454545454545453
173,"[-1,0,-1,0]","[-1,-1,1,0]",0.3,0.1,0.6
174,"[-1,0,-1,0]","[-1,0,-1,-1]",0.8181818181818182,0.09090909090909091,0.09090909090909091
175,"[-1,0,-1,0]","[-1,0,0,-1]",0.45454545454545453,0.09090909090909091,0.45454545454545453
176,"[-1,0,-1,0]","[-1,0,1,-1]",0.5882352941176471,0.17647058823529413,0.23529411764705882
177,"[-1,0,-1,0]","[-1,1,0,0]",0.46153846153846156,0.23076923076923078,0.3076923076923077
178,"[-1,0,-1,0]","[0,-1,-1,-1]",0.18181818181818182,0.7272727272727273,0.09090909090909091
179,"[-1,0,-1,0]","[0,-1,-1,0]",0.8,0.2,0.0
180,"[-1,0,-1,0]","[0,-1,0,-1]",0.5833333333333334,0.08333333333333333,0.3333333333333333
181,"[-1,0,-1,0]","[0,-1,1,0]",0.45454545454545453,0.2727272727272727,0.2727272727272727
182,"[-1,0,-1,0]","[0,-1,1,1]",0.5,0.08333333333333333,0.4166666666666667
183,"[-1,0,-1,0]","[0,0,-1,1]",0.6,0.4,0.0
184,"[-1,0,-1,0]","[0,0,1,1]",0.6666666666666666,0.0,0.3333333333333333
185,"[-1,0,-1,0]","[0,1,-1,-1]",0.6,0.2,0.2
186,"[-1,0,-1,0]","[0,1,-1,0]",0.36363636363636365,0.36363636363636365,0.2727272727272727
187,"[-1,0,-1,0]","[0,1,0,-1]",0.9090909090909091,0.0,0.09090909090909091
188,"[-1,0,-1,0]","[0,1,0,1]",0.25,0.0625,0.6875
189,"[-1,0,-1,0]","[0,1,1,-1]",0.9,0.0,0.1
190,"[-1,0,-1,0]","[0,1,1,0]",0.5,0.1,0.4
191,"[-1,0,-1,0]","[1,-1,0,-1]",0.45454545454545453,0.0,0.5454545454545454
192,"[-1,0,-1,0]","[1,-1,0,0]",0.45454545454545453,0.09090909090909091,0.45454545454545453
193,"[-1,0,-1,0]","[1,-1,1,0]",0.6153846153846154,0.0,0.38461538461538464
194,"[-1,0,-1,0]","[1,0,-1,0]",0.14285714285714285,0.5,0.35714285714285715
195,"[-1,0,-1,0]","[1,0,0,-1]",0.36363636363636365,0.2727272727272727,0.36363636363636365
196,"[-1,0,-1,0]","[1,1,-1,0]",0.5384615384615384,0.38461538461538464,0.07692307692307693
197,"[-1,0,-1,1]","[-1,-1,0,0]",0.14285714285714285,0.2857142857142857,0.5714285714285714
198,"[-1,0,-1,1]","[-1,-1,0,1]",0.25,0.16666666666666666,0.5833333333333334
199,"[-1,0,-1,1]","[-1,-1,1,0]",0.2,0.2,0.6
200,"[-1,0,-1,1]","[-1,0,-1,0]",0.3,0.5,0.2
201,"[-1,0,-1,1]","[-1,0,1,-1]",0.8,0.0,0.2
202,"[-1,0,-1,1]","[-1,0,1,0]",0.1,0.1,0.8
203,"[-1,0,-1,1]","[-1,0,1,1]",0.4666666666666667,0.26666666666666666,0.26666666666666666
204,"[-1,0,-1,1]","[-1,1,-1,0]",0.45454545454545453,0.2727272727272727,0.2727272727272727
205,"[-1,0,-1,1]","[-1,1,0,0]",0.38461538461538464,0.0,0.6153846153846154
206,"[-1,0,-1,1]","[-1,1,0,1]",0.09090909090909091,0.18181818181818182,0.7272727272727273
207,"[-1,0,-1,1]","[0,-1,0,1]",0.07692307692307693,0.15384615384615385,0.7692307692307693
208,"[-1,0,-1,1]","[0,-1,1,0]",0.5,0.1,0.4
209,"[-1,0,-1,1]","[0,-1,1,1]",0.4,0.5,0.1
210,"[-1,0,-1,1]","[0,0,-1,1]",0.09090909090909091,0.9090909090909091,0.0
211,"[-1,0,-1,1]","[0,0,1,-1]",0.4,0.0,0.6
212,"[-1,0,-1,1]","[0,0,1,1]",0.3,0.4,0.3
213,"[-1,0,-1,1]","[0,1,1,-1]",0.9090909090909091,0.0,0.09090909090909091
214,"[-1,0,-1,1]","[0,1,1,1]",0.2727272727272727,0.18181818181818182,0.5454545454545454
215,"[-1,0,-1,1]","[1,-1,0,-1]",0.2,0.0,0.8
216,"[-1,0,-1,1]","[1,-1,0,0]",0.2,0.4,0.4
217,"[-1,0,-1,1]","[1,-1,1,0]",0.2,0.1,0.7
218,"[-1,0,-1,1]","[1,0,-1,1]",0.18181818181818182,0.8181818181818182,0.0
219,"[-1,0,-1,1]","[1,0,1,-1]",0.6666666666666666,0.0,0.3333333333333333
220,"[-1,0,-1,1]","[1,0,1,0]",0.2727272727272727,0.09090909090909091,0.6363636363636364
221,"[-1,0,-1,1]","[1,0,1,1]",0.36363636363636365,0.18181818181818182,0.45454545454545453
222,"[-1,0,-1,1]","[1,1,-1,0]",0.36363636363636365,0.2727272727272727,0.36363636363636365
223,"[-1,0,-1,1]","[1,1,0,0]",0.2,0.2,0.6
224,"[-1,0,-1,1]","[1,1,0,1]",0.1,0.0,0.9
225,"[-1,0,0,-1]","[-1,-1,-1,0]",0.18181818181818182,0.0,0.8181818181818182
226,"[-1,0,0,-1]","[-1,-1,0,0]",0.16666666666666666,0.08333333333333333,0.75
227,"[-1,0,0,-1]","[-1,0,-1,1]",0.1,0.0,0.9
228,"[-1,0,0,-1]","[-1,0,0,1]",0.2,0.1,0.7
229,"[-1,0,0,-1]","[-1,0,1,-1]",0.17647058823529413,0.7647058823529411,0.058823529411764705
230,"[-1,0,0,-1]","[-1,0,1,0]",0.23529411764705882,0.23529411764705882,0.5294117647058824
231,"[-1,0,0,-1]","[-1,0,1,1]",0.6,0.0,0.4
232,"[-1,0,0,-1]","[-1,1,0,-1]",0.0,1.0,0.0
233,"[-1,0,0,-1]","[-1,1,0,1]",0.3,0.0,0.7
234,"[-1,0,0,-1]","[-1,1,1,0]",0.3076923076923077,0.38461538461538464,0.3076923076923077
235,"[-1,0,0,-1]","[0,-1,-1,-1]",0.18181818181818182,0.6363636363636364,0.18181818181818182
236,"[-1,0,0,-1]","[0,-1,0,-1]",0.3,0.6,0.1
237,"[-1,0,0,-1]","[0,-1,1,0]",0.16666666666666666,0.25,0.5833333333333334
238,"[-1,0,0,-1]","[0,-1,1,1]",0.38461538461538464,0.3076923076923077,0.3076923076923077
239,"[-1,0,0,-1]","[0,1,-1,0]",0.0,0.3,0.7
240,"[-1,0,0,-1]","[0,1,0,-1]",0.2727272727272727,0.7272727272727273,0.0
241,"[-1,0,0,-1]","[0,1,0,1]",0.1,0.0,0.9
242,"[-1,0,0,-1]","[1,-1,1,0]",0.4166666666666667,0.0,0.5833333333333334
243,"[-1,0,0,-1]","[1,0,-1,1]",0.38461538461538464,0.0,0.6153846153846154
244,"[-1,0,0,-1]","[1,0,0,-1]",0.09090909090909091,0.6363636363636364,0.2727272727272727
245,"[-1,0,0,-1]","[1,0,0,1]",0.2727272727272727,0.0,0.7272727272727273
246,"[-1,0,0,-1]","[1,0,1,-1]",0.2,0.6666666666666666,0.13333333333333333
247,"[-1,0,0,-1]","[1,0,1,0]",0.3,0.2,0.5
248,"[-1,0,0,-1]","[1,0,1,1]",0.25,0.0,0.75
249,"[-1,0,0,-1]","[1,1,-1,0]",0.5,0.4,0.1
250,"[-1,0,0,-1]","[1,1,0,0]",0.0,0.6,0.4
251,"[-1,0,0,-1]","[1,1,1,0]",0.18181818181818182,0.6363636363636364,0.18181818181818182
252,"[-1,0,0,1]","[-1,-1,0,-1]",0.5454545454545454,0.09090909090909091,0.36363636363636365
253,"[-1,0,0,1]","[-1,-1,0,0]",0.18181818181818182,0.5454545454545454,0.2727272727272727
254,"[-1,0,0,1]","[-1,-1,1,0]",0.6,0.3,0.1
255,"[-1,0,0,1]","[-1,0,-1,0]",0.5,0.2,0.3
256,"[-1,0,0,1]","[-1,0,-1,1]",0.6363636363636364,0.2727272727272727,0.09090909090909091
257,"[-1,0,0,1]","[-1,0,1,-1]",0.8,0.0,0.2
258,"[-1,0,0,1]","[-1,1,0,-1]",0.9090909090909091,0.09090909090909091,0.0
259,"[-1,0,0,1]","[-1,1,0,0]",0.5454545454545454,0.0,0.45454545454545453
260,"[-1,0,0,1]","[-1,1,0,1]",0.6,0.2,0.2
261,"[-1,0,0,1]","[-1,1,1,0]",0.8181818181818182,0.09090909090909091,0.09090909090909091
262,"[-1,0,0,1]","[0,-1,0,-1]",0.8181818181818182,0.0,0.18181818181818182
263,"[-1,0,0,1]","[0,-1,1,1]",0.6,0.4,0.0
264,"[-1,0,0,1]","[0,0,-1,-1]",1.0,0.0,0.0
265,"[-1,0,0,1]","[0,1,-1,-1]",0.9090909090909091,0.0,0.09090909090909091
266,"[-1,0,0,1]","[0,1,-1,0]",0.6363636363636364,0.09090909090909091,0.2727272727272727
267,"[-1,0,0,1]","[0,1,-1,1]",0.3,0.3,0.4
268,"[-1,0,0,1]","[0,1,0,1]",0.36363636363636365,0.18181818181818182,0.45454545454545453
269,"[-1,0,0,1]","[0,1,1,0]",0.8333333333333334,0.0,0.16666666666666666
270,"[-1,0,0,1]","[1,-1,0,-1]",0.18181818181818182,0.09090909090909091,0.7272727272727273
271,"[-1,0,0,1]","[1,-1,0,0]",0.4,0.2,0.4
272,"[-1,0,0,1]","[1,-1,1,0]",0.6,0.1,0.3
273,"[-1,0,0,1]","[1,0,-1,-1]",1.0,0.0,0.0
274,"[-1,0,0,1]","[1,0,-1,0]",0.7142857142857143,0.0,0.2857142857142857
275,"[-1,0,0,1]","[1,0,-1,1]",0.6923076923076923,0.15384615384615385,0.15384615384615385
276,"[-1,0,0,1]","[1,0,0,-1]",0.75,0.0,0.25
277,"[-1,0,0,1]","[1,0,0,1]",0.45454545454545453,0.2727272727272727,0.2727272727272727
278,"[-1,0,0,1]","[1,0,1,0]",0.5454545454545454,0.18181818181818182,0.2727272727272727
279,"[-1,0,0,1]","[1,1,0,-1]",0.9090909090909091,0.09090909090909091,0.0
280,"[-1,0,0,1]","[1,1,0,0]",0.6428571428571429,0.07142857142857142,0.2857142857142857
281,"[-1,0,0,1]","[1,1,0,1]",0.5454545454545454,0.09090909090909091,0.36363636363636365
282,"[-1,0,0,1]","[1,1,1,0]",0.6153846153846154,0.15384615384615385,0.23076923076923078
283,"[-1,0,1,-1]","[-1,-1,-1,0]",0.3,0.0,0.7
284,"[-1,0,1,-1]","[-1,-1,0,-1]",0.0,0.45454545454545453,0.5454545454545454
285,"[-1,0,1,-1]","[-1,-1,0,1]",0.0,0.1,0.9
286,"[-1,0,1,-1]","[-1,0,-1,-1]",0.18181818181818182,0.45454545454545453,0.36363636363636365
287,"[-1,0,1,-1]","[-1,0,1,0]",0.08333333333333333,0.3333333333333333,0.5833333333333334
288,"[-1,0,1,-1]","[-1,0,1,1]",0.3,0.3,0.4
289,"[-1,0,1,-1]","[-1,1,-1,0]",0.0,0.46153846153846156,0.5384615384615384
290,"[-1,0,1,-1]","[-1,1,0,-1]",0.15384615384615385,0.5384615384615384,0.3076923076923077
291,"[-1,0,1,-1]","[-1,1,0,0]",0.06666666666666667,0.26666666666666666,0.6666666666666666
292,"[-1,0,1,-1]","[0,-1,-1,1]",0.08333333333333333,0.16666666666666666,0.75
293,"[-1,0,1,-1]","[0,-1,0,-1]",0.0,0.8,0.2
294,"[-1,0,1,-1]","[0,-1,1,-1]",0.09090909090909091,0.6363636363636364,0.2727272727272727
295,"[-1,0,1,-1]","[0,-1,1,0]",0.0,0.16666666666666666,0.8333333333333334
296,"[-1,0,1,-1]","[0,-1,1,1]",0.1,0.2,0.7
297,"[-1,0,1,-1]","[0,0,-1,-1]",0.2,0.6,0.2
298,"[-1,0,1,-1]","[0,0,-1,1]",0.3076923076923077,0.07692307692307693,0.6153846153846154
299,"[-1,0,1,-1]","[0,0,1,-1]",0.0,0.7272727272727273,0.2727272727272727
300,"[-1,0,1,-1]","[0,0,1,1]",0.0,0.4,0.6
301,"[-1,0,1,-1]","[0,1,-1,-1]",0.07142857142857142,0.7857142857142857,0.14285714285714285
302,"[-1,0,1,-1]","[0,1,-1,1]",0.2727272727272727,0.0,0.7272727272727273
303,"[-1,0,1,-1]","[0,1,0,1]",0.0,0.0,1.0
304,"[-1,0,1,-1]","[0,1,1,-1]",0.07142857142857142,0.8571428571428571,0.07142857142857142
305,"[-1,0,1,-1]","[0,1,1,1]",0.25,0.16666666666666666,0.5833333333333334
306,"[-1,0,1,-1]","[1,-1,-1,0]",0.3,0.0,0.7
307,"[-1,0,1,-1]","[1,-1,0,0]",0.1,0.1,0.8
308,"[-1,0,1,-1]","[1,0,-1,0]",0.2727272727272727,0.0,0.7272727272727273
309,"[-1,0,1,-1]","[1,0,0,1]",0.25,0.08333333333333333,0.6666666666666666
310,"[-1,0,1,-1]","[1,1,-1,0]",0.07692307692307693,0.38461538461538464,0.5384615384615384
311,"[-1,0,1,-1]","[1,1,0,-1]",0.1,0.6,0.3
312,"[-1,0,1,-1]","[1,1,0,1]",0.1,0.1,0.8
313,"[-1,0,1,0]","[-1,-1,-1,0]",0.7,0.0,0.3
314,"[-1,0,1,0]","[-1,-1,0,-1]",0.47058823529411764,0.35294117647058826,0.17647058823529413
315,"[-1,0,1,0]","[-1,-1,0,1]",0.2,0.1,0.7
316,"[-1,0,1,0]","[-1,0,-1,0]",0.4,0.1,0.5
317,"[-1,0,1,0]","[-1,0,0,1]",0.4166666666666667,0.16666666666666666,0.4166666666666667
318,"[-1,0,1,0]","[-1,1,0,0]",0.18181818181818182,0.36363636363636365,0.45454545454545453
319,"[-1,0,1,0]","[-1,1,0,1]",0.09090909090909091,0.2727272727272727,0.6363636363636364
320,"[-1,0,1,0]","[-1,1,1,0]",0.25,0.6666666666666666,0.08333333333333333
321,"[-1,0,1,0]","[0,-1,-1,0]",0.4,0.0,0.6
322,"[-1,0,1,0]","[0,-1,0,1]",0.4166666666666667,0.08333333333333333,0.5
323,"[-1,0,1,0]","[0,-1,1,-1]",0.5,0.3333333333333333,0.16666666666666666
324,"[-1,0,1,0]","[0,-1,1,0]",0.09090909090909091,0.6363636363636364,0.2727272727272727
325,"[-1,0,1,0]","[0,0,1,-1]",0.4,0.4,0.2
326,"[-1,0,1,0]","[0,1,-1,1]",0.35714285714285715,0.14285714285714285,0.5
327,"[-1,0,1,0]","[0,1,0,1]",0.07692307692307693,0.15384615384615385,0.7692307692307693
328,"[-1,0,1,0]","[0,1,1,0]",0.3,0.4,0.3
329,"[-1,0,1,0]","[0,1,1,1]",0.2,0.8,0.0
330,"[-1,0,1,0]","[1,-1,0,0]",0.06666666666666667,0.06666666666666667,0.8666666666666667
331,"[-1,0,1,0]","[1,0,-1,-1]",0.75,0.16666666666666666,0.08333333333333333
332,"[-1,0,1,0]","[1,0,-1,1]",0.6428571428571429,0.14285714285714285,0.21428571428571427
333,"[-1,0,1,0]","[1,0,1,0]",0.1,0.4,0.5
334,"[-1,0,1,0]","[1,0,1,1]",0.09090909090909091,0.7272727272727273,0.18181818181818182
335,"[-1,0,1,0]","[1,1,-1,0]",0.6666666666666666,0.0,0.3333333333333333
336,"[-1,0,1,0]","[1,1,0,-1]",0.4166666666666667,0.25,0.3333333333333333
337,"[-1,0,1,1]","[-1,-1,0,0]",0.0,0.5,0.5
338,"[-1,0,1,1]","[-1,0,-1,0]",0.18181818181818182,0.0,0.8181818181818182
339,"[-1,0,1,1]","[-1,0,0,1]",0.16666666666666666,0.3333333333333333,0.5
340,"[-1,0,1,1]","[-1,0,1,0]",0.2727272727272727,0.45454545454545453,0.2727272727272727
341,"[-1,0,1,1]","[-1,1,0,0]",0.3,0.1,0.6
342,"[-1,0,1,1]","[0,-1,0,-1]",0.5454545454545454,0.09090909090909091,0.36363636363636365
343,"[-1,0,1,1]","[0,-1,0,1]",0.11764705882352941,0.23529411764705882,0.6470588235294118
344,"[-1,0,1,1]","[0,-1,1,-1]",0.6363636363636364,0.18181818181818182,0.18181818181818182
345,"[-1,0,1,1]","[0,-1,1,0]",0.18181818181818182,0.8181818181818182,0.0
346,"[-1,0,1,1]","[0,-1,1,1]",0.16666666666666666,0.75,0.08333333333333333
347,"[-1,0,1,1]","[0,1,-1,-1]",0.7857142857142857,0.07142857142857142,0.14285714285714285
348,"[-1,0,1,1]","[0,1,-1,0]",0.5,0.0,0.5
349,"[-1,0,1,1]","[0,1,0,-1]",0.7,0.2,0.1
350,"[-1,0,1,1]","[0,1,1,0]",0.38461538461538464,0.15384615384615385,0.46153846153846156
351,"[-1,0,1,1]","[1,-1,0,-1]",0.46153846153846156,0.07692307692307693,0.46153846153846156
352,"[-1,0,1,1]","[1,-1,0,0]",0.18181818181818182,0.0,0.8181818181818182
353,"[-1,0,1,1]","[1,-1,0,1]",0.18181818181818182,0.09090909090909091,0.7272727272727273
354,"[-1,0,1,1]","[1,0,-1,0]",0.7272727272727273,0.0,0.2727272727272727
355,"[-1,0,1,1]","[1,0,0,-1]",0.9,0.0,0.1
356,"[-1,0,1,1]","[1,0,0,1]",0.0,0.7,0.3
357,"[-1,0,1,1]","[1,0,1,-1]",0.4,0.2,0.4
358,"[-1,0,1,1]","[1,0,1,1]",0.0,0.8181818181818182,0.18181818181818182
359,"[-1,0,1,1]","[1,1,0,-1]",0.5294117647058824,0.058823529411764705,0.4117647058823529
360,"[-1,0,1,1]","[1,1,0,1]",0.0,0.45454545454545453,0.5454545454545454
361,"[-1,1,-1,0]","[-1,-1,-1,0]",0.09090909090909091,0.6363636363636364,0.2727272727272727
362,"[-1,1,-1,0]","[-1,-1,0,0]",0.2,0.1,0.7
363,"[-1,1,-1,0]","[-1,-1,0,1]",0.18181818181818182,0.0,0.8181818181818182
364,"[-1,1,-1,0]","[-1,-1,1,0]",0.07692307692307693,0.23076923076923078,0.6923076923076923
365,"[-1,1,-1,0]","[-1,0,-1,-1]",0.14285714285714285,0.42857142857142855,0.42857142857142855
366,"[-1,1,-1,0]","[-1,0,-1,0]",0.0,0.6363636363636364,0.36363636363636365
367,"[-1,1,-1,0]","[-1,0,0,-1]",0.1,0.4,0.5
368,"[-1,1,-1,0]","[-1,0,0,1]",0.2727272727272727,0.09090909090909091,0.6363636363636364
369,"[-1,1,-1,0]","[-1,0,1,0]",0.0,0.3,0.7
370,"[-1,1,-1,0]","[-1,0,1,1]",0.4166666666666667,0.08333333333333333,0.5
371,"[-1,1,-1,0]","[-1,1,0,-1]",0.5,0.3,0.2
372,"[-1,1,-1,0]","[-1,1,1,0]",0.1,0.8,0.1
373,"[-1,1,-1,0]","[0,-1,0,-1]",0.3,0.4,0.3
374,"[-1,1,-1,0]","[0,-1,0,1]",0.3,0.1,0.6
375,"[-1,1,-1,0]","[0,-1,1,-1]",0.35714285714285715,0.35714285714285715,0.2857142857142857
376,"[-1,1,-1,0]","[0,0,-1,-1]",0.16666666666666666,0.6666666666666666,0.16666666666666666
377,"[-1,1,-1,0]","[0,0,1,1]",0.2727272727272727,0.18181818181818182,0.5454545454545454
378,"[-1,1,-1,0]","[0,1,-1,1]",0.18181818181818182,0.36363636363636365,0.45454545454545453
379,"[-1,1,-1,0]","[0,1,0,-1]",0.2727272727272727,0.36363636363636365,0.36363636363636365
380,"[-1,1,-1,0]","[0,1,1,0]",0.1,0.5,0.4
381,"[-1,1,-1,0]","[1,-1,0,-1]",0.38461538461538464,0.15384615384615385,0.46153846153846156
382,"[-1,1,-1,0]","[1,-1,0,0]",0.36363636363636365,0.0,0.6363636363636364
383,"[-1,1,-1,0]","[1,-1,0,1]",0.3,0.1,0.6
384,"[-1,1,-1,0]","[1,0,-1,-1]",0.3,0.6,0.1
385,"[-1,1,-1,0]","[1,0,-1,1]",0.09090909090909091,0.6363636363636364,0.2727272727272727
386,"[-1,1,-1,0]","[1,0,0,1]",0.4,0.2,0.4
387,"[-1,1,-1,0]","[1,0,1,-1]",0.2727272727272727,0.2727272727272727,0.45454545454545453
388,"[-1,1,-1,0]","[1,0,1,1]",0.4166666666666667,0.08333333333333333,0.5
389,"[-1,1,-1,0]","[1,1,0,1]",0.18181818181818182,0.18181818181818182,0.6363636363636364
390,"[-1,1,-1,0]","[1,1,1,0]",0.09090909090909091,0.45454545454545453,0.45454545454545453
391,"[-1,1,0,-1]","[-1,-1,-1,0]",0.09090909090909091,0.09090909090909091,0.8181818181818182
392,"[-1,1,0,-1]","[-1,-1,0,-1]",0.0,0.5,0.5
393,"[-1,1,0,-1]","[-1,0,-1,-1]",0.0,0.7,0.3
394,"[-1,1,0,-1]","[-1,0,-1,0]",0.2727272727272727,0.0,0.7272727272727273
395,"[-1,1,0,-1]","[-1,0,-1,1]",0.3,0.0,0.7
396,"[-1,1,0,-1]","[-1,0,1,0]",0.2,0.1,0.7
397,"[-1,1,0,-1]","[-1,0,1,1]",0.2727272727272727,0.0,0.7272727272727273
398,"[-1,1,0,-1]","[-1,1,0,0]",0.0,0.5,0.5
399,"[-1,1,0,-1]","[-1,1,1,0]",0.2,0.4,0.4
400,"[-1,1,0,-1]","[0,-1,-1,-1]",0.2,0.3,0.5
401,"[-1,1,0,-1]","[0,-1,-1,1]",0.36363636363636365,0.0,0.6363636363636364
402,"[-1,1,0,-1]","[0,-1,0,1]",0.07692307692307693,0.0,0.9230769230769231
403,"[-1,1,0,-1]","[0,-1,1,1]",0.18181818181818182,0.0,0.8181818181818182
404,"[-1,1,0,-1]","[0,0,-1,1]",0.16666666666666666,0.0,0.8333333333333334
405,"[-1,1,0,-1]","[0,1,-1,-1]",0.0,0.8,0.2
406,"[-1,1,0,-1]","[0,1,0,-1]",0.08333333333333333,0.8333333333333334,0.08333333333333333
407,"[-1,1,0,-1]","[0,1,1,-1]",0.07142857142857142,0.7857142857142857,0.14285714285714285
408,"[-1,1,0,-1]","[0,1,1,0]",0.09090909090909091,0.45454545454545453,0.45454545454545453
409,"[-1,1,0,-1]","[1,-1,0,-1]",0.06666666666666667,0.2,0.7333333333333333
410,"[-1,1,0,-1]","[1,-1,0,1]",0.2,0.1,0.7
411,"[-1,1,0,-1]","[1,0,-1,-1]",0.15384615384615385,0.5384615384615384,0.3076923076923077
412,"[-1,1,0,-1]","[1,0,1,0]",0.0,0.2,0.8
413,"[-1,1,0,-1]","[1,0,1,1]",0.3,0.2,0.5
414,"[-1,1,0,-1]","[1,1,0,-1]",0.0,0.8,0.2
415,"[-1,1,0,-1]","[1,1,0,1]",0.1,0.1,0.8
416,"[-1,1,0,0]","[-1,-1,0,1]",0.45454545454545453,0.0,0.5454545454545454
417,"[-1,1,0,0]","[-1,0,-1,-1]",0.5384615384615384,0.23076923076923078,0.23076923076923078
418,"[-1,1,0,0]","[-1,0,0,-1]",0.3333333333333333,0.3333333333333333,0.3333333333333333
419,"[-1,1,0,0]","[-1,1,-1,0]",0.4166666666666667,0.5,0.08333333333333333
420,"[-1,1,0,0]","[-1,1,1,0]",0.5,0.4166666666666667,0.08333333333333333
421,"[-1,1,0,0]","[0,-1,0,-1]",0.09090909090909091,0.45454545454545453,0.45454545454545453
422,"[-1,1,0,0]","[0,-1,0,1]",0.07692307692307693,0.07692307692307693,0.8461538461538461
423,"[-1,1,0,0]","[0,-1,1,-1]",0.5,0.2857142857142857,0.21428571428571427
424,"[-1,1,0,0]","[0,-1,1,0]",0.4,0.1,0.5
425,"[-1,1,0,0]","[0,-1,1,1]",0.5,0.0,0.5
426,"[-1,1,0,0]","[0,0,-1,-1]",0.6470588235294118,0.23529411764705882,0.11764705882352941
427,"[-1,1,0,0]","[0,0,-1,1]",0.7272727272727273,0.0,0.2727272727272727
428,"[-1,1,0,0]","[0,0,1,-1]",0.8181818181818182,0.18181818181818182,0.0
429,"[-1,1,0,0]","[0,0,1,1]",0.5454545454545454,0.09090909090909091,0.36363636363636365
430,"[-1,1,0,0]","[0,1,-1,-1]",0.8461538461538461,0.07692307692307693,0.07692307692307693
431,"[-1,1,0,0]","[0,1,-1,0]",0.6363636363636364,0.18181818181818182,0.18181818181818182
432,"[-1,1,0,0]","[0,1,0,-1]",0.3,0.7,0.0
433,"[-1,1,0,0]","[0,1,1,0]",0.3076923076923077,0.6153846153846154,0.07692307692307693
434,"[-1,1,0,0]","[0,1,1,1]",0.6,0.1,0.3
435,"[-1,1,0,0]","[1,-1,-1,0]",0.3333333333333333,0.08333333333333333,0.5833333333333334
436,"[-1,1,0,0]","[1,-1,0,0]",0.36363636363636365,0.0,0.6363636363636364
437,"[-1,1,0,0]","[1,-1,1,0]",0.5,0.0,0.5
438,"[-1,1,0,0]","[1,0,-1,-1]",0.7,0.2,0.1
439,"[-1,1,0,0]","[1,0,-1,0]",0.6428571428571429,0.0,0.35714285714285715
440,"[-1,1,0,0]","[1,1,0,-1]",0.5,0.3,0.2
441,"[-1,1,0,1]","[-1,-1,-1,0]",0.8461538461538461,0.0,0.15384615384615385
442,"[-1,1,0,1]","[-1,-1,0,0]",0.5454545454545454,0.2727272727272727,0.18181818181818182
443,"[-1,1,0,1]","[-1,-1,0,1]",0.5,0.16666666666666666,0.3333333333333333
444,"[-1,1,0,1]","[-1,-1,1,0]",0.7,0.1,0.2
445,"[-1,1,0,1]","[-1,0,-1,-1]",0.9090909090909091,0.09090909090909091,0.0
446,"[-1,1,0,1]","[-1,0,-1,0]",0.6153846153846154,0.15384615384615385,0.23076923076923078
447,"[-1,1,0,1]","[-1,0,1,-1]",0.9,0.0,0.1
448,"[-1,1,0,1]","[-1,0,1,1]",0.7857142857142857,0.0,0.21428571428571427
449,"[-1,1,0,1]","[-1,1,-1,0]",0.7272727272727273,0.0,0.2727272727272727
450,"[-1,1,0,1]","[-1,1,0,-1]",0.7272727272727273,0.09090909090909091,0.18181818181818182
451,"[-1,1,0,1]","[-1,1,0,0]",0.6153846153846154,0.07692307692307693,0.3076923076923077
452,"[-1,1,0,1]","[0,-1,-1,-1]",0.8333333333333334,0.0,0.16666666666666666
453,"[-1,1,0,1]","[0,-1,-1,1]",0.8181818181818182,0.0,0.18181818181818182
454,"[-1,1,0,1]","[0,-1,0,-1]",0.7142857142857143,0.07142857142857142,0.21428571428571427
455,"[-1,1,0,1]","[0,-1,1,-1]",0.7142857142857143,0.14285714285714285,0.14285714285714285
456,"[-1,1,0,1]","[0,-1,1,0]",0.8,0.0,0.2
457,"[-1,1,0,1]","[0,-1,1,1]",0.9,0.1,0.0
458,"[-1,1,0,1]","[0,1,-1,-1]",0.8461538461538461,0.07692307692307693,0.07692307692307693
459,"[-1,1,0,1]","[0,1,-1,0]",0.7,0.0,0.3
460,"[-1,1,0,1]","[0,1,-1,1]",0.5833333333333334,0.25,0.16666666666666666
461,"[-1,1,0,1]","[0,1,0,-1]",0.9166666666666666,0.0,0.08333333333333333
462,"[-1,1,0,1]","[0,1,1,-1]",0.8181818181818182,0.18181818181818182,0.0
463,"[-1,1,0,1]","[0,1,1,0]",0.6,0.3,0.1
464,"[-1,1,0,1]","[0,1,1,1]",0.4166666666666667,0.16666666666666666,0.4166666666666667
465,"[-1,1,0,1]","[1,-1,1,0]",0.8461538461538461,0.07692307692307693,0.07692307692307693
466,"[-1,1,0,1]","[1,0,-1,-1]",0.75,0.0,0.25
467,"[-1,1,0,1]","[1,0,-1,0]",0.5,0.1,0.4
468,"[-1,1,0,1]","[1,0,-1,1]",0.5833333333333334,0.16666666666666666,0.25
469,"[-1,1,0,1]","[1,0,0,-1]",0.8571428571428571,0.0,0.14285714285714285
470,"[-1,1,0,1]","[1,0,0,1]",0.38461538461538464,0.23076923076923078,0.38461538461538464
471,"[-1,1,0,1]","[1,0,1,-1]",1.0,0.0,0.0
472,"[-1,1,0,1]","[1,0,1,0]",0.8,0.1,0.1
473,"[-1,1,1,0]","[-1,-1,0,1]",0.1,0.2,0.7
474,"[-1,1,1,0]","[-1,-1,1,0]",0.0,0.5,0.5
475,"[-1,1,1,0]","[-1,0,-1,0]",0.3,0.2,0.5
476,"[-1,1,1,0]","[-1,0,-1,1]",0.16666666666666666,0.08333333333333333,0.75
477,"[-1,1,1,0]","[-1,0,1,-1]",0.3,0.5,0.2
478,"[-1,1,1,0]","[-1,0,1,1]",0.3076923076923077,0.38461538461538464,0.3076923076923077
479,"[-1,1,1,0]","[-1,1,0,1]",0.2,0.1,0.7
480,"[-1,1,1,0]","[0,-1,-1,-1]",0.1,0.4,0.5
481,"[-1,1,1,0]","[0,-1,-1,1]",0.2727272727272727,0.0,0.7272727272727273
482,"[-1,1,1,0]","[0,-1,0,-1]",0.3,0.3,0.4
483,"[-1,1,1,0]","[0,-1,0,1]",0.14285714285714285,0.07142857142857142,0.7857142857142857
484,"[-1,1,1,0]","[0,-1,1,-1]",0.1,0.7,0.2
485,"[-1,1,1,0]","[0,-1,1,1]",0.0,0.4,0.6
486,"[-1,1,1,0]","[0,0,-1,-1]",0.5,0.4,0.1
487,"[-1,1,1,0]","[0,0,-1,1]",0.3,0.0,0.7
488,"[-1,1,1,0]","[0,0,1,-1]",0.09090909090909091,0.8181818181818182,0.09090909090909091
489,"[-1,1,1,0]","[0,0,1,1]",0.2,0.2,0.6
490,"[-1,1,1,0]","[0,1,-1,-1]",0.8181818181818182,0.09090909090909091,0.09090909090909091
491,"[-1,1,1,0]","[0,1,0,1]",0.08333333333333333,0.08333333333333333,0.8333333333333334
492,"[-1,1,1,0]","[0,1,1,-1]",0.1,0.9,0.0
493,"[-1,1,1,0]","[0,1,1,1]",0.3,0.3,0.4
494,"[-1,1,1,0]","[1,-1,-1,0]",0.3,0.0,0.7
495,"[-1,1,1,0]","[1,-1,0,-1]",0.1,0.5,0.4
496,"[-1,1,1,0]","[1,-1,1,0]",0.25,0.25,0.5
497,"[-1,1,1,0]","[1,0,-1,-1]",0.25,0.4166666666666667,0.3333333333333333
498,"[-1,1,1,0]","[1,0,-1,0]",0.09090909090909091,0.09090909090909091,0.8181818181818182
499,"[-1,1,1,0]","[1,1,0,1]",0.09090909090909091,0.0,0.9090909090909091
500,"[-1,1,1,0]","[1,1,1,0]",0.18181818181818182,0.5454545454545454,0.2727272727272727
501,"[0,-1,-1,-1]","[-1,-1,0,0]",0.2727272727272727,0.09090909090909091,0.6363636363636364
502,"[0,-1,-1,-1]","[-1,-1,1,0]",0.45454545454545453,0.18181818181818182,0.36363636363636365
503,"[0,-1,-1,-1]","[-1,0,-1,-1]",0.0,0.7857142857142857,0.21428571428571427
504,"[0,-1,-1,-1]","[-1,0,-1,1]",0.3,0.2,0.5
505,"[0,-1,-1,-1]","[-1,0,0,1]",0.3333333333333333,0.08333333333333333,0.5833333333333334
506,"[0,-1,-1,-1]","[-1,0,1,-1]",0.38461538461538464,0.38461538461538464,0.23076923076923078
507,"[0,-1,-1,-1]","[-1,0,1,0]",0.2727272727272727,0.2727272727272727,0.45454545454545453
508,"[0,-1,-1,-1]","[-1,0,1,1]",0.18181818181818182,0.0,0.8181818181818182
509,"[0,-1,-1,-1]","[-1,1,-1,0]",0.3,0.4,0.3
510,"[0,-1,-1,-1]","[-1,1,0,0]",0.23076923076923078,0.23076923076923078,0.5384615384615384
511,"[0,-1,-1,-1]","[0,-1,-1,1]",0.2727272727272727,0.36363636363636365,0.36363636363636365
512,"[0,-1,-1,-1]","[0,-1,0,-1]",0.08333333333333333,0.4166666666666667,0.5
513,"[0,-1,-1,-1]","[0,-1,0,1]",0.36363636363636365,0.0,0.6363636363636364
514,"[0,-1,-1,-1]","[0,0,1,1]",0.38461538461538464,0.0,0.6153846153846154
515,"[0,-1,-1,-1]","[0,1,-1,0]",0.2,0.7,0.1
516,"[0,-1,-1,-1]","[0,1,0,-1]",0.3333333333333333,0.3333333333333333,0.3333333333333333
517,"[0,-1,-1,-1]","[0,1,1,-1]",0.5454545454545454,0.36363636363636365,0.09090909090909091
518,"[0,-1,-1,-1]","[1,-1,0,-1]",0.18181818181818182,0.2727272727272727,0.5454545454545454
519,"[0,-1,-1,-1]","[1,-1,0,0]",0.3,0.1,0.6
520,"[0,-1,-1,-1]","[1,-1,0,1]",0.09090909090909091,0.0,0.9090909090909091
521,"[0,-1,-1,-1]","[1,0,-1,-1]",0.0,0.9,0.1
522,"[0,-1,-1,-1]","[1,0,-1,0]",0.16666666666666666,0.3333333333333333,0.5
523,"[0,-1,-1,-1]","[1,0,0,-1]",0.16666666666666666,0.5833333333333334,0.25
524,"[0,-1,-1,-1]","[1,1,-1,0]",0.3333333333333333,0.5,0.16666666666666666
525,"[0,-1,-1,-1]","[1,1,0,-1]",0.09090909090909091,0.7272727272727273,0.18181818181818182
526,"[0,-1,-1,0]","[-1,-1,-1,0]",0.25,0.5833333333333334,0.16666666666666666
527,"[0,-1,-1,0]","[-1,-1,0,0]",0.5,0.2,0.3
528,"[0,-1,-1,0]","[-1,-1,1,0]",0.8181818181818182,0.0,0.18181818181818182
529,"[0,-1,-1,0]","[-1,0,-1,-1]",0.6363636363636364,0.18181818181818182,0.18181818181818182
530,"[0,-1,-1,0]","[-1,0,-1,1]",0.6,0.3,0.1
531,"[0,-1,-1,0]","[-1,0,0,-1]",0.5714285714285714,0.07142857142857142,0.35714285714285715
532,"[0,-1,-1,0]","[-1,0,0,1]",0.5,0.1,0.4
533,"[0,-1,-1,0]","[-1,0,1,-1]",0.8,0.2,0.0
534,"[0,-1,-1,0]","[-1,0,1,1]",0.2727272727272727,0.09090909090909091,0.6363636363636364
535,"[0,-1,-1,0]","[-1,1,-1,0]",0.5454545454545454,0.2727272727272727,0.18181818181818182
536,"[0,-1,-1,0]","[-1,1,0,-1]",0.7,0.0,0.3
537,"[0,-1,-1,0]","[-1,1,0,0]",0.09090909090909091,0.18181818181818182,0.7272727272727273
538,"[0,-1,-1,0]","[-1,1,0,1]",0.1,0.2,0.7
539,"[0,-1,-1,0]","[-1,1,1,0]",0.5454545454545454,0.0,0.45454545454545453
540,"[0,-1,-1,0]","[0,-1,-1,-1]",0.5294117647058824,0.23529411764705882,0.23529411764705882
541,"[0,-1,-1,0]","[0,-1,-1,1]",0.1,0.8,0.1
542,"[0,-1,-1,0]","[0,-1,0,-1]",0.5384615384615384,0.07692307692307693,0.38461538461538464
543,"[0,-1,-1,0]","[0,-1,0,1]",0.4,0.0,0.6
544,"[0,-1,-1,0]","[0,-1,1,0]",0.3,0.0,0.7
545,"[0,-1,-1,0]","[0,0,-1,-1]",0.9,0.0,0.1
546,"[0,-1,-1,0]","[0,0,-1,1]",0.18181818181818182,0.7272727272727273,0.09090909090909091
547,"[0,-1,-1,0]","[0,0,1,-1]",0.7142857142857143,0.07142857142857142,0.21428571428571427
548,"[0,-1,-1,0]","[0,1,0,1]",0.3,0.0,0.7
549,"[0,-1,-1,0]","[0,1,1,0]",0.6,0.0,0.4
550,"[0,-1,-1,0]","[1,-1,-1,0]",0.1,0.6,0.3
551,"[0,-1,-1,0]","[1,-1,0,-1]",0.36363636363636365,0.09090909090909091,0.5454545454545454
552,"[0,-1,-1,0]","[1,-1,0,1]",0.2727272727272727,0.2727272727272727,0.45454545454545453
553,"[0,-1,-1,0]","[1,0,-1,-1]",0.5882352941176471,0.35294117647058826,0.058823529411764705
554,"[0,-1,-1,0]","[1,0,-1,0]",0.3076923076923077,0.6923076923076923,0.0
555,"[0,-1,-1,0]","[1,0,0,-1]",0.45454545454545453,0.09090909090909091,0.45454545454545453
556,"[0,-1,-1,0]","[1,0,1,-1]",0.7272727272727273,0.09090909090909091,0.18181818181818182
557,"[0,-1,-1,0]","[1,0,1,1]",0.18181818181818182,0.18181818181818182,0.6363636363636364
558,"[0,-1,-1,0]","[1,1,0,0]",0.3076923076923077,0.15384615384615385,0.5384615384615384
559,"[0,-1,-1,0]","[1,1,1,0]",0.6363636363636364,0.0,0.36363636363636365
560,"[0,-1,-1,1]","[-1,-1,-1,0]",0.1,0.6,0.3
561,"[0,-1,-1,1]","[-1,-1,0,0]",0.4,0.0,0.6
562,"[0,-1,-1,1]","[-1,-1,0,1]",0.2727272727272727,0.09090909090909091,0.6363636363636364
563,"[0,-1,-1,1]","[-1,0,-1,0]",0.1,0.7,0.2
564,"[0,-1,-1,1]","[-1,0,-1,1]",0.36363636363636365,0.45454545454545453,0.18181818181818182
565,"[0,-1,-1,1]","[-1,0,0,-1]",0.6,0.0,0.4
566,"[0,-1,-1,1]","[-1,0,0,1]",0.2,0.5,0.3
567,"[0,-1,-1,1]","[-1,0,1,0]",0.18181818181818182,0.0,0.8181818181818182
568,"[0,-1,-1,1]","[-1,0,1,1]",0.4,0.2,0.4
569,"[0,-1,-1,1]","[-1,1,-1,0]",0.42857142857142855,0.35714285714285715,0.21428571428571427
570,"[0,-1,-1,1]","[-1,1,0,0]",0.3,0.0,0.7
571,"[0,-1,-1,1]","[0,-1,0,-1]",0.5,0.0,0.5
572,"[0,-1,-1,1]","[0,-1,1,-1]",0.5,0.0,0.5
573,"[0,-1,-1,1]","[0,-1,1,0]",0.4,0.2,0.4
574,"[0,-1,-1,1]","[0,-1,1,1]",0.4,0.0,0.6
575,"[0,-1,-1,1]","[0,0,-1,-1]",0.4166666666666667,0.16666666666666666,0.4166666666666667
576,"[0,-1,-1,1]","[0,0,-1,1]",0.4,0.5,0.1
577,"[0,-1,-1,1]","[0,0,1,-1]",0.9090909090909091,0.0,0.09090909090909091
578,"[0,-1,-1,1]","[0,0,1,1]",0.3333333333333333,0.16666666666666666,0.5
579,"[0,-1,-1,1]","[0,1,0,-1]",0.8,0.0,0.2
580,"[0,-1,-1,1]","[0,1,1,1]",0.6,0.1,0.3
581,"[0,-1,-1,1]","[1,-1,0,0]",0.26666666666666666,0.2,0.5333333333333333
582,"[0,-1,-1,1]","[1,0,-1,0]",0.1,0.5,0.4
583,"[0,-1,-1,1]","[1,0,0,-1]",0.36363636363636365,0.0,0.6363636363636364
584,"[0,-1,-1,1]","[1,0,0,1]",0.0,0.1,0.9
585,"[0,-1,-1,1]","[1,0,1,1]",0.18181818181818182,0.09090909090909091,0.7272727272727273
586,"[0,-1,-1,1]","[1,1,0,-1]",0.7272727272727273,0.18181818181818182,0.09090909090909091
587,"[0,-1,-1,1]","[1,1,0,0]",0.4,0.0,0.6
588,"[0,-1,-1,1]","[1,1,1,0]",0.4,0.0,0.6
589,"[0,-1,0,-1]","[-1,-1,-1,0]",0.5,0.0,0.5
590,"[0,-1,0,-1]","[-1,-1,0,0]",0.6363636363636364,0.0,0.36363636363636365
591,"[0,-1,0,-1]","[-1,0,-1,1]",0.36363636363636365,0.09090909090909091,0.5454545454545454
592,"[0,-1,0,-1]","[-1,0,1,0]",0.25,0.25,0.5
593,"[0,-1,0,-1]","[-1,1,0,-1]",0.2727272727272727,0.45454545454545453,0.2727272727272727
594,"[0,-1,0,-1]","[0,-1,0,1]",0.18181818181818182,0.0,0.8181818181818182
595,"[0,-1,0,-1]","[0,-1,1,-1]",0.3333333333333333,0.4666666666666667,0.2
596,"[0,-1,0,-1]","[0,-1,1,0]",0.5,0.08333333333333333,0.4166666666666667
597,"[0,-1,0,-1]","[0,0,-1,-1]",0.36363636363636365,0.5454545454545454,0.09090909090909091
598,"[0,-1,0,-1]","[0,0,-1,1]",0.6,0.1,0.3
599,"[0,-1,0,-1]","[0,0,1,-1]",0.6666666666666666,0.08333333333333333,0.25
600,"[0,-1,0,-1]","[0,1,-1,-1]",0.4166666666666667,0.5833333333333334,0.0
601,"[0,-1,0,-1]","[0,1,1,-1]",0.46153846153846156,0.46153846153846156,0.07692307692307693
602,"[0,-1,0,-1]","[0,1,1,1]",0.5,0.2,0.3
603,"[0,-1,0,-1]","[1,-1,-1,0]",0.45454545454545453,0.18181818181818182,0.36363636363636365
604,"[0,-1,0,-1]","[1,0,-1,0]",0.5454545454545454,0.09090909090909091,0.36363636363636365
605,"[0,-1,0,-1]","[1,0,1,0]",0.21428571428571427,0.07142857142857142,0.7142857142857143
606,"[0,-1,0,-1]","[1,0,1,1]",0.3,0.1,0.6
607,"[0,-1,0,-1]","[1,1,-1,0]",0.4666666666666667,0.2,0.3333333333333333
608,"[0,-1,0,-1]","[1,1,0,0]",0.0,0.5,0.5
609,"[0,-1,0,-1]","[1,1,1,0]",0.4,0.1,0.5
610,"[0,-1,0,1]","[-1,-1,0,-1]",0.8,0.1,0.1
611,"[0,-1,0,1]","[-1,0,-1,0]",0.6428571428571429,0.0,0.35714285714285715
612,"[0,-1,0,1]","[-1,0,0,-1]",0.5,0.2,0.3
613,"[0,-1,0,1]","[-1,0,0,1]",0.5454545454545454,0.09090909090909091,0.36363636363636365
614,"[0,-1,0,1]","[-1,0,1,-1]",0.7272727272727273,0.0,0.2727272727272727
615,"[0,-1,0,1]","[-1,1,0,1]",0.6153846153846154,0.15384615384615385,0.23076923076923078
616,"[0,-1,0,1]","[0,-1,-1,1]",0.6666666666666666,0.06666666666666667,0.26666666666666666
617,"[0,-1,0,1]","[0,-1,1,0]",0.2,0.3,0.5
618,"[0,-1,0,1]","[0,-1,1,1]",0.8,0.1,0.1
619,"[0,-1,0,1]","[0,0,-1,-1]",0.8333333333333334,0.0,0.16666666666666666
620,"[0,-1,0,1]","[0,0,-1,1]",0.7,0.2,0.1
621,"[0,-1,0,1]","[0,0,1,-1]",1.0,0.0,0.0
622,"[0,-1,0,1]","[0,1,-1,0]",0.8333333333333334,0.0,0.16666666666666666
623,"[0,-1,0,1]","[0,1,0,-1]",0.8,0.2,0.0
624,"[0,-1,0,1]","[0,1,0,1]",0.38461538461538464,0.07692307692307693,0.5384615384615384
625,"[0,-1,0,1]","[0,1,1,-1]",0.9090909090909091,0.0,0.09090909090909091
626,"[0,-1,0,1]","[0,1,1,0]",0.75,0.0,0.25
627,"[0,-1,0,1]","[0,1,1,1]",0.7272727272727273,0.18181818181818182,0.09090909090909091
628,"[0,-1,0,1]","[1,-1,0,-1]",0.8,0.0,0.2
629,"[0,-1,0,1]","[1,-1,0,0]",0.36363636363636365,0.45454545454545453,0.18181818181818182
630,"[0,-1,0,1]","[1,-1,1,0]",0.9,0.1,0.0
631,"[0,-1,0,1]","[1,0,-1,0]",0.7,0.2,0.1
632,"[0,-1,0,1]","[1,0,-1,1]",0.6363636363636364,0.2727272727272727,0.09090909090909091
633,"[0,-1,0,1]","[1,0,0,-1]",0.5384615384615384,0.15384615384615385,0.3076923076923077
634,"[0,-1,0,1]","[1,0,1,1]",0.6,0.3,0.1
635,"[0,-1,0,1]","[1,1,-1,0]",0.6923076923076923,0.0,0.3076923076923077
636,"[0,-1,0,1]","[1,1,0,1]",0.36363636363636365,0.18181818181818182,0.45454545454545453
637,"[0,-1,1,-1]","[-1,-1,0,0]",0.1,0.0,0.9
638,"[0,-1,1,-1]","[-1,-1,1,0]",0.2,0.2,0.6
639,"[0,-1,1,-1]","[-1,0,-1,-1]",0.09090909090909091,0.6363636363636364,0.2727272727272727
640,"[0,-1,1,-1]","[-1,0,-1,0]",0.0,0.0,1.0
641,"[0,-1,1,-1]","[-1,0,-1,1]",0.3,0.1,0.6
642,"[0,-1,1,-1]","[-1,0,0,-1]",0.0,0.4,0.6
643,"[0,-1,1,-1]","[-1,0,0,1]",0.08333333333333333,0.08333333333333333,0.8333333333333334
644,"[0,-1,1,-1]","[-1,1,0,-1]",0.23076923076923078,0.6153846153846154,0.15384615384615385
645,"[0,-1,1,-1]","[0,-1,-1,-1]",0.4,0.4,0.2
646,"[0,-1,1,-1]","[0,-1,-1,0]",0.1,0.0,0.9
647,"[0,-1,1,-1]","[0,-1,0,1]",0.09090909090909091,0.0,0.9090909090909091
648,"[0,-1,1,-1]","[0,-1,1,0]",0.14285714285714285,0.42857142857142855,0.42857142857142855
649,"[0,-1,1,-1]","[0,-1,1,1]",0.1,0.3,0.6
650,"[0,-1,1,-1]","[0,0,-1,-1]",0.16666666666666666,0.8333333333333334,0.0
651,"[0,-1,1,-1]","[0,0,-1,1]",0.5,0.0,0.5
652,"[0,-1,1,-1]","[0,0,1,-1]",0.0,1.0,0.0
653,"[0,-1,1,-1]","[0,0,1,1]",0.16666666666666666,0.3333333333333333,0.5
654,"[0,-1,1,-1]","[0,1,1,-1]",0.0,1.0,0.0
655,"[0,-1,1,-1]","[1,-1,0,-1]",0.2,0.5,0.3
656,"[0,-1,1,-1]","[1,-1,0,0]",0.2,0.0,0.8
657,"[0,-1,1,-1]","[1,0,-1,0]",0.3,0.1,0.6
658,"[0,-1,1,-1]","[1,0,-1,1]",0.18181818181818182,0.09090909090909091,0.7272727272727273
659,"[0,-1,1,-1]","[1,0,0,-1]",0.0,0.2,0.8
660,"[0,-1,1,-1]","[1,0,0,1]",0.3,0.0,0.7
661,"[0,-1,1,-1]","[1,0,1,0]",0.08333333333333333,0.5,0.4166666666666667
662,"[0,-1,1,-1]","[1,1,0,-1]",0.0,0.7,0.3
663,"[0,-1,1,0]","[-1,-1,0,-1]",0.36363636363636365,0.2727272727272727,0.36363636363636365
664,"[0,-1,1,0]","[-1,-1,0,0]",0.0,0.2,0.8
665,"[0,-1,1,0]","[-1,-1,1,0]",0.0,0.7,0.3
666,"[0,-1,1,0]","[-1,0,-1,-1]",0.7272727272727273,0.0,0.2727272727272727
667,"[0,-1,1,0]","[-1,0,0,1]",0.09090909090909091,0.09090909090909091,0.8181818181818182
668,"[0,-1,1,0]","[-1,1,-1,0]",0.6666666666666666,0.0,0.3333333333333333
669,"[0,-1,1,0]","[-1,1,0,-1]",0.7,0.2,0.1
670,"[0,-1,1,0]","[-1,1,1,0]",0.5,0.35714285714285715,0.14285714285714285
671,"[0,-1,1,0]","[0,-1,-1,-1]",0.5,0.3,0.2
672,"[0,-1,1,0]","[0,-1,1,1]",0.4,0.4,0.2
673,"[0,-1,1,0]","[0,1,1,-1]",0.6363636363636364,0.2727272727272727,0.09090909090909091
674,"[0,-1,1,0]","[0,1,1,0]",0.6363636363636364,0.36363636363636365,0.0
675,"[0,-1,1,0]","[0,1,1,1]",0.0,0.8181818181818182,0.18181818181818182
676,"[0,-1,1,0]","[1,-1,-1,0]",0.8,0.1,0.1
677,"[0,-1,1,0]","[1,-1,0,0]",0.09090909090909091,0.2727272727272727,0.6363636363636364
678,"[0,-1,1,0]","[1,-1,1,0]",0.45454545454545453,0.5454545454545454,0.0
679,"[0,-1,1,0]","[1,0,-1,-1]",0.8461538461538461,0.0,0.15384615384615385
680,"[0,-1,1,0]","[1,0,-1,0]",0.42857142857142855,0.0,0.5714285714285714
681,"[0,-1,1,0]","[1,0,-1,1]",0.6,0.1,0.3
682,"[0,-1,1,0]","[1,0,0,-1]",0.4,0.1,0.5
683,"[0,-1,1,0]","[1,0,0,1]",0.2,0.4,0.4
684,"[0,-1,1,0]","[1,0,1,-1]",0.4166666666666667,0.5,0.08333333333333333
685,"[0,-1,1,0]","[1,0,1,0]",0.3333333333333333,0.5833333333333334,0.08333333333333333
686,"[0,-1,1,0]","[1,0,1,1]",0.3,0.7,0.0
687,"[0,-1,1,0]","[1,1,-1,0]",0.6666666666666666,0.0,0.3333333333333333
688,"[0,-1,1,0]","[1,1,0,-1]",0.6666666666666666,0.0,0.3333333333333333
689,"[0,-1,1,0]","[1,1,0,0]",0.18181818181818182,0.36363636363636365,0.45454545454545453
690,"[0,-1,1,0]","[1,1,1,0]",0.36363636363636365,0.5454545454545454,0.09090909090909091
691,"[0,-1,1,1]","[-1,-1,1,0]",0.3076923076923077,0.5384615384615384,0.15384615384615385
692,"[0,-1,1,1]","[-1,0,1,0]",0.2,0.4,0.4
693,"[0,-1,1,1]","[-1,1,-1,0]",0.6923076923076923,0.07692307692307693,0.23076923076923078
694,"[0,-1,1,1]","[0,-1,-1,-1]",0.6,0.1,0.3
695,"[0,-1,1,1]","[0,-1,-1,0]",0.3333333333333333,0.2,0.4666666666666667
696,"[0,-1,1,1]","[0,-1,0,-1]",0.35714285714285715,0.21428571428571427,0.42857142857142855
697,"[0,-1,1,1]","[0,1,-1,1]",0.4,0.0,0.6
698,"[0,-1,1,1]","[0,1,0,-1]",0.45454545454545453,0.18181818181818182,0.36363636363636365
699,"[0,-1,1,1]","[0,1,0,1]",0.11764705882352941,0.11764705882352941,0.7647058823529411
700,"[0,-1,1,1]","[0,1,1,-1]",0.7,0.1,0.2
701,"[0,-1,1,1]","[0,1,1,0]",0.36363636363636365,0.2727272727272727,0.36363636363636365
702,"[0,-1,1,1]","[1,-1,0,0]",0.2727272727272727,0.09090909090909091,0.6363636363636364
703,"[0,-1,1,1]","[1,-1,1,0]",0.1,0.7,0.2
704,"[0,-1,1,1]","[1,0,-1,0]",0.16666666666666666,0.0,0.8333333333333334
705,"[0,-1,1,1]","[1,0,0,1]",0.2,0.1,0.7
706,"[0,-1,1,1]","[1,0,1,0]",0.08333333333333333,0.4166666666666667,0.5
707,"[0,-1,1,1]","[1,0,1,1]",0.1,0.6,0.3
708,"[0,-1,1,1]","[1,1,0,-1]",0.75,0.16666666666666666,0.08333333333333333
709,"[0,-1,1,1]","[1,1,0,0]",0.5833333333333334,0.0,0.4166666666666667
710,"[0,-1,1,1]","[1,1,1,0]",0.3,0.3,0.4
711,"[0,0,-1,-1]","[-1,-1,0,0]",0.14285714285714285,0.0,0.8571428571428571
712,"[0,0,-1,-1]","[-1,-1,0,1]",0.07692307692307693,0.07692307692307693,0.8461538461538461
713,"[0,0,-1,-1]","[-1,-1,1,0]",0.17647058823529413,0.058823529411764705,0.7647058823529411
714,"[0,0,-1,-1]","[-1,0,-1,-1]",0.09090909090909091,0.8181818181818182,0.09090909090909091
715,"[0,0,-1,-1]","[-1,0,-1,0]",0.1,0.5,0.4
716,"[0,0,-1,-1]","[-1,0,-1,1]",0.46153846153846156,0.07692307692307693,0.46153846153846156
717,"[0,0,-1,-1]","[-1,0,0,-1]",0.0,0.5384615384615384,0.46153846153846156
718,"[0,0,-1,-1]","[-1,0,1,0]",0.08333333333333333,0.25,0.6666666666666666
719,"[0,0,-1,-1]","[-1,0,1,1]",0.3,0.0,0.7
720,"[0,0,-1,-1]","[-1,1,0,-1]",0.3333333333333333,0.5,0.16666666666666666
721,"[0,0,-1,-1]","[-1,1,0,1]",0.3,0.2,0.5
722,"[0,0,-1,-1]","[0,-1,-1,-1]",0.0,0.8,0.2
723,"[0,0,-1,-1]","[0,-1,1,0]",0.2727272727272727,0.09090909090909091,0.6363636363636364
724,"[0,0,-1,-1]","[0,-1,1,1]",0.18181818181818182,0.09090909090909091,0.7272727272727273
725,"[0,0,-1,-1]","[0,0,1,1]",0.3,0.0,0.7
726,"[0,0,-1,-1]","[0,1,0,-1]",0.2,0.5333333333333333,0.26666666666666666
727,"[0,0,-1,-1]","[0,1,1,-1]",0.4,0.4666666666666667,0.13333333333333333
728,"[0,0,-1,-1]","[0,1,1,1]",0.0,0.0,1.0
729,"[0,0,-1,-1]","[1,-1,-1,0]",0.1,0.2,0.7
730,"[0,0,-1,-1]","[1,-1,0,-1]",0.3,0.1,0.6
731,"[0,0,-1,-1]","[1,-1,1,0]",0.08333333333333333,0.0,0.9166666666666666
732,"[0,0,-1,-1]","[1,0,-1,-1]",0.0,0.8,0.2
733,"[0,0,-1,-1]","[1,0,1,-1]",0.3,0.7,0.0
734,"[0,0,-1,-1]","[1,0,1,0]",0.3,0.1,0.6
735,"[0,0,-1,-1]","[1,0,1,1]",0.18181818181818182,0.0,0.8181818181818182
736,"[0,0,-1,-1]","[1,1,-1,0]",0.15384615384615385,0.5384615384615384,0.3076923076923077
737,"[0,0,-1,1]","[-1,-1,-1,0]",0.07692307692307693,0.9230769230769231,0.0
738,"[0,0,-1,1]","[-1,-1,0,0]",0.3,0.1,0.6
739,"[0,0,-1,1]","[-1,-1,0,1]",0.1,0.3,0.6
740,"[0,0,-1,1]","[-1,0,0,-1]",0.5,0.0,0.5
741,"[0,0,-1,1]","[-1,0,0,1]",0.23076923076923078,0.38461538461538464,0.38461538461538464
742,"[0,0,-1,1]","[-1,0,1,0]",0.25,0.0,0.75
743,"[0,0,-1,1]","[-1,0,1,1]",0.2,0.3,0.5
744,"[0,0,-1,1]","[-1,1,-1,0]",0.3,0.2,0.5
745,"[0,0,-1,1]","[-1,1,0,1]",0.0,0.4,0.6
746,"[0,0,-1,1]","[0,-1,-1,-1]",0.4,0.2,0.4
747,"[0,0,-1,1]","[0,-1,1,0]",0.3,0.1,0.6
748,"[0,0,-1,1]","[0,-1,1,1]",0.3,0.2,0.5
749,"[0,0,-1,1]","[0,0,-1,-1]",0.6,0.3,0.1
750,"[0,0,-1,1]","[0,1,-1,-1]",0.6153846153846154,0.07692307692307693,0.3076923076923077
751,"[0,0,-1,1]","[0,1,-1,0]",0.36363636363636365,0.45454545454545453,0.18181818181818182
752,"[0,0,-1,1]","[0,1,-1,1]",0.0,0.8333333333333334,0.16666666666666666
753,"[0,0,-1,1]","[0,1,0,-1]",0.8,0.0,0.2
754,"[0,0,-1,1]","[0,1,1,0]",0.2727272727272727,0.09090909090909091,0.6363636363636364
755,"[0,0,-1,1]","[0,1,1,1]",0.6,0.2,0.2
756,"[0,0,-1,1]","[1,-1,0,0]",0.09090909090909091,0.0,0.9090909090909091
757,"[0,0,-1,1]","[1,-1,0,1]",0.16666666666666666,0.4166666666666667,0.4166666666666667
758,"[0,0,-1,1]","[1,0,0,1]",0.1,0.8,0.1
759,"[0,0,-1,1]","[1,0,1,-1]",0.4,0.0,0.6
760,"[0,0,-1,1]","[1,1,-1,0]",0.4166666666666667,0.25,0.3333333333333333
761,"[0,0,1,-1]","[-1,-1,-1,0]",0.2727272727272727,0.0,0.7272727272727273
762,"[0,0,1,-1]","[-1,-1,0,1]",0.0,0.0,1.0
763,"[0,0,1,-1]","[-1,-1,1,0]",0.1,0.5,0.4
764,"[0,0,1,-1]","[-1,0,-1,-1]",0.16666666666666666,0.5,0.3333333333333333
765,"[0,0,1,-1]","[-1,0,-1,0]",0.3,0.0,0.7
766,"[0,0,1,-1]","[-1,0,0,-1]",0.0,0.6,0.4
767,"[0,0,1,-1]","[-1,0,0,1]",0.08333333333333333,0.0,0.9166666666666666
768,"[0,0,1,-1]","[-1,0,1,1]",0.21428571428571427,0.35714285714285715,0.42857142857142855
769,"[0,0,1,-1]","[-1,1,-1,0]",0.1,0.4,0.5
770,"[0,0,1,-1]","[-1,1,0,-1]",0.18181818181818182,0.6363636363636364,0.18181818181818182
771,"[0,0,1,-1]","[-1,1,0,1]",0.0,0.1,0.9
772,"[0,0,1,-1]","[0,-1,-1,-1]",0.3333333333333333,0.4166666666666667,0.25
773,"[0,0,1,-1]","[0,-1,1,0]",0.2,0.3,0.5
774,"[0,0,1,-1]","[0,-1,1,1]",0.2,0.2,0.6
775,"[0,0,1,-1]","[0,0,-1,-1]",0.18181818181818182,0.45454545454545453,0.36363636363636365
776,"[0,0,1,-1]","[0,0,-1,1]",0.5,0.0,0.5
777,"[0,0,1,-1]","[0,0,1,1]",0.3,0.2,0.5
778,"[0,0,1,-1]","[0,1,0,-1]",0.08333333333333333,0.8333333333333334,0.08333333333333333
779,"[0,0,1,-1]","[0,1,1,-1]",0.0,1.0,0.0
780,"[0,0,1,-1]","[0,1,1,0]",0.0,0.8461538461538461,0.15384615384615385
781,"[0,0,1,-1]","[0,1,1,1]",0.3,0.3,0.4
782,"[0,0,1,-1]","[1,-1,0,-1]",0.0,0.36363636363636365,0.6363636363636364
783,"[0,0,1,-1]","[1,0,-1,-1]",0.15384615384615385,0.6923076923076923,0.15384615384615385
784,"[0,0,1,-1]","[1,0,-1,1]",0.36363636363636365,0.09090909090909091,0.5454545454545454
785,"[0,0,1,-1]","[1,0,1,-1]",0.1,0.7,0.2
786,"[0,0,1,-1]","[1,1,-1,0]",0.36363636363636365,0.09090909090909091,0.5454545454545454
787,"[0,0,1,-1]","[1,1,0,-1]",0.21428571428571427,0.7142857142857143,0.07142857142857142
788,"[0,0,1,-1]","[1,1,1,0]",0.07692307692307693,0.5384615384615384,0.38461538461538464
789,"[0,0,1,1]","[-1,-1,1,0]",0.25,0.5,0.25
790,"[0,0,1,1]","[-1,0,-1,-1]",1.0,0.0,0.0
791,"[0,0,1,1]","[-1,0,0,-1]",0.4,0.0,0.6
792,"[0,0,1,1]","[-1,0,0,1]",0.0,0.4,0.6
793,"[0,0,1,1]","[-1,0,1,0]",0.1,0.6,0.3
794,"[0,0,1,1]","[-1,0,1,1]",0.0,0.8181818181818182,0.18181818181818182
795,"[0,0,1,1]","[-1,1,0,-1]",0.7692307692307693,0.07692307692307693,0.15384615384615385
796,"[0,0,1,1]","[-1,1,0,1]",0.0,0.09090909090909091,0.9090909090909091
797,"[0,0,1,1]","[0,-1,-1,0]",0.3,0.0,0.7
798,"[0,0,1,1]","[0,-1,0,-1]",0.5,0.0,0.5
799,"[0,0,1,1]","[0,-1,0,1]",0.1,0.3,0.6
800,"[0,0,1,1]","[0,-1,1,0]",0.3,0.5,0.2
801,"[0,0,1,1]","[0,-1,1,1]",0.3333333333333333,0.25,0.4166666666666667
802,"[0,0,1,1]","[0,0,-1,1]",0.7,0.1,0.2
803,"[0,0,1,1]","[0,1,-1,0]",0.6,0.0,0.4
804,"[0,0,1,1]","[0,1,0,1]",0.1,0.2,0.7
805,"[0,0,1,1]","[0,1,1,1]",0.1,0.4,0.5
806,"[0,0,1,1]","[1,-1,-1,0]",0.18181818181818182,0.2727272727272727,0.5454545454545454
807,"[0,0,1,1]","[1,-1,0,-1]",0.4,0.3,0.3
808,"[0,0,1,1]","[1,-1,1,0]",0.16666666666666666,0.75,0.08333333333333333
809,"[0,0,1,1]","[1,0,-1,-1]",0.6363636363636364,0.0,0.36363636363636365
810,"[0,0,1,1]","[1,0,-1,1]",0.45454545454545453,0.09090909090909091,0.45454545454545453
811,"[0,0,1,1]","[1,0,0,-1]",0.3,0.1,0.6
812,"[0,0,1,1]","[1,0,0,1]",0.0,0.2,0.8
813,"[0,0,1,1]","[1,0,1,-1]",0.45454545454545453,0.45454545454545453,0.09090909090909091
814,"[0,0,1,1]","[1,0,1,0]",0.09090909090909091,0.45454545454545453,0.45454545454545453
815,"[0,0,1,1]","[1,0,1,1]",0.09090909090909091,0.8181818181818182,0.09090909090909091
816,"[0,0,1,1]","[1,1,0,-1]",0.45454545454545453,0.0,0.5454545454545454
817,"[0,0,1,1]","[1,1,0,1]",0.18181818181818182,0.2727272727272727,0.5454545454545454
818,"[0,0,1,1]","[1,1,1,0]",0.3333333333333333,0.5,0.16666666666666666
819,"[0,1,-1,-1]","[-1,-1,0,-1]",0.0,0.4,0.6
820,"[0,1,-1,-1]","[-1,-1,0,0]",0.0,0.0,1.0
821,"[0,1,-1,-1]","[-1,-1,1,0]",0.15384615384615385,0.07692307692307693,0.7692307692307693
822,"[0,1,-1,-1]","[-1,0,-1,1]",0.1,0.1,0.8
823,"[0,1,-1,-1]","[-1,0,0,-1]",0.0,0.6666666666666666,0.3333333333333333
824,"[0,1,-1,-1]","[-1,0,1,0]",0.0,0.2,0.8
825,"[0,1,-1,-1]","[-1,1,-1,0]",0.1,0.6,0.3
826,"[0,1,-1,-1]","[0,-1,-1,-1]",0.0,0.3076923076923077,0.6923076923076923
827,"[0,1,-1,-1]","[0,-1,-1,0]",0.1,0.3,0.6
828,"[0,1,-1,-1]","[0,-1,-1,1]",0.2,0.1,0.7
829,"[0,1,-1,-1]","[0,-1,0,1]",0.16666666666666666,0.0,0.8333333333333334
830,"[0,1,-1,-1]","[0,-1,1,-1]",0.0,0.7,0.3
831,"[0,1,-1,-1]","[0,-1,1,0]",0.3,0.1,0.6
832,"[0,1,-1,-1]","[0,-1,1,1]",0.0,0.0,1.0
833,"[0,1,-1,-1]","[0,0,-1,-1]",0.0,0.7333333333333333,0.26666666666666666
834,"[0,1,-1,-1]","[0,0,1,-1]",0.0,0.7272727272727273,0.2727272727272727
835,"[0,1,-1,-1]","[0,0,1,1]",0.0,0.0,1.0
836,"[0,1,-1,-1]","[0,1,-1,1]",0.16666666666666666,0.16666666666666666,0.6666666666666666
837,"[0,1,-1,-1]","[0,1,1,1]",0.18181818181818182,0.09090909090909091,0.7272727272727273
838,"[0,1,-1,-1]","[1,-1,-1,0]",0.3,0.0,0.7
839,"[0,1,-1,-1]","[1,-1,0,-1]",0.0,0.1,0.9
840,"[0,1,-1,-1]","[1,-1,0,0]",0.1,0.0,0.9
841,"[0,1,-1,-1]","[1,-1,0,1]",0.2727272727272727,0.0,0.7272727272727273
842,"[0,1,-1,-1]","[1,0,-1,-1]",0.2,0.8,0.0
843,"[0,1,-1,-1]","[1,0,-1,0]",0.08333333333333333,0.16666666666666666,0.75
844,"[0,1,-1,-1]","[1,0,-1,1]",0.3,0.1,0.6
845,"[0,1,-1,-1]","[1,0,0,1]",0.1,0.0,0.9
846,"[0,1,-1,-1]","[1,0,1,-1]",0.08333333333333333,0.75,0.16666666666666666
847,"[0,1,-1,-1]","[1,0,1,0]",0.0,0.1,0.9
848,"[0,1,-1,-1]","[1,1,0,1]",0.0,0.18181818181818182,0.8181818181818182
849,"[0,1,-1,-1]","[1,1,1,0]",0.16666666666666666,0.4166666666666667,0.4166666666666667
850,"[0,1,-1,0]","[-1,-1,0,1]",0.25,0.0,0.75
851,"[0,1,-1,0]","[-1,0,-1,1]",0.2,0.4,0.4
852,"[0,1,-1,0]","[-1,0,1,-1]",0.7272727272727273,0.09090909090909091,0.18181818181818182
853,"[0,1,-1,0]","[-1,0,1,0]",0.08333333333333333,0.08333333333333333,0.8333333333333334
854,"[0,1,-1,0]","[-1,1,-1,0]",0.0,0.8,0.2
855,"[0,1,-1,0]","[-1,1,0,-1]",0.4,0.4,0.2
856,"[0,1,-1,0]","[-1,1,1,0]",0.1,0.4,0.5
857,"[0,1,-1,0]","[0,-1,-1,0]",0.23076923076923078,0.07692307692307693,0.6923076923076923
858,"[0,1,-1,0]","[0,-1,-1,1]",0.18181818181818182,0.5454545454545454,0.2727272727272727
859,"[0,1,-1,0]","[0,-1,0,-1]",0.18181818181818182,0.18181818181818182,0.6363636363636364
860,"[0,1,-1,0]","[0,-1,1,-1]",0.5,0.25,0.25
861,"[0,1,-1,0]","[0,-1,1,0]",0.08333333333333333,0.25,0.6666666666666666
862,"[0,1,-1,0]","[0,-1,1,1]",0.3333333333333333,0.08333333333333333,0.5833333333333334
863,"[0,1,-1,0]","[0,0,-1,-1]",0.08333333333333333,0.8333333333333334,0.08333333333333333
864,"[0,1,-1,0]","[0,0,1,-1]",0.2727272727272727,0.5454545454545454,0.18181818181818182
865,"[0,1,-1,0]","[0,1,-1,-1]",0.2,0.7,0.1
866,"[0,1,-1,0]","[0,1,-1,1]",0.0,0.4,0.6
867,"[0,1,-1,0]","[0,1,1,-1]",0.6,0.3,0.1
868,"[0,1,-1,0]","[0,1,1,0]",0.2857142857142857,0.42857142857142855,0.2857142857142857
869,"[0,1,-1,0]","[0,1,1,1]",0.1,0.0,0.9
870,"[0,1,-1,0]","[1,-1,0,-1]",0.2,0.4,0.4
871,"[0,1,-1,0]","[1,-1,1,0]",0.18181818181818182,0.09090909090909091,0.7272727272727273
872,"[0,1,-1,0]","[1,0,1,-1]",0.3,0.5,0.2
873,"[0,1,-1,0]","[1,0,1,1]",0.5,0.1,0.4
874,"[0,1,-1,0]","[1,1,-1,0]",0.0,0.9090909090909091,0.09090909090909091
875,"[0,1,-1,0]","[1,1,0,-1]",0.07692307692307693,0.6153846153846154,0.3076923076923077
876,"[0,1,-1,0]","[1,1,0,0]",0.08333333333333333,0.4166666666666667,0.5
877,"[0,1,-1,1]","[-1,-1,-1,0]",0.1,0.8,0.1
878,"[0,1,-1,1]","[-1,-1,0,-1]",0.6153846153846154,0.0,0.38461538461538464
879,"[0,1,-1,1]","[-1,-1,0,1]",0.16666666666666666,0.3333333333333333,0.5
880,"[0,1,-1,1]","[-1,0,-1,0]",0.16666666666666666,0.25,0.5833333333333334
881,"[0,1,-1,1]","[-1,0,-1,1]",0.09090909090909091,0.8181818181818182,0.09090909090909091
882,"[0,1,-1,1]","[-1,0,0,-1]",0.8,0.1,0.1
883,"[0,1,-1,1]","[-1,0,1,1]",0.5333333333333333,0.2,0.26666666666666666
884,"[0,1,-1,1]","[-1,1,0,-1]",0.9,0.0,0.1
885,"[0,1,-1,1]","[-1,1,0,0]",0.3,0.1,0.6
886,"[0,1,-1,1]","[-1,1,1,0]",0.75,0.0,0.25
887,"[0,1,-1,1]","[0,-1,-1,-1]",0.5,0.4166666666666667,0.08333333333333333
888,"[0,1,-1,1]","[0,-1,-1,0]",0.2,0.5333333333333333,0.26666666666666666
889,"[0,1,-1,1]","[0,-1,-1,1]",0.18181818181818182,0.8181818181818182,0.0
890,"[0,1,-1,1]","[0,-1,0,-1]",0.2,0.1,0.7
891,"[0,1,-1,1]","[0,-1,0,1]",0.18181818181818182,0.09090909090909091,0.7272727272727273
892,"[0,1,-1,1]","[0,-1,1,-1]",0.5454545454545454,0.18181818181818182,0.2727272727272727
893,"[0,1,-1,1]","[0,-1,1,0]",0.1,0.1,0.8
894,"[0,1,-1,1]","[0,0,-1,-1]",0.6363636363636364,0.2727272727272727,0.09090909090909091
895,"[0,1,-1,1]","[0,0,1,-1]",0.5833333333333334,0.16666666666666666,0.25
896,"[0,1,-1,1]","[0,0,1,1]",0.5,0.1,0.4
897,"[0,1,-1,1]","[0,1,1,-1]",0.7272727272727273,0.0,0.2727272727272727
898,"[0,1,-1,1]","[0,1,1,1]",0.3076923076923077,0.07692307692307693,0.6153846153846154
899,"[0,1,-1,1]","[1,-1,-1,0]",0.16666666666666666,0.5,0.3333333333333333
900,"[0,1,-1,1]","[1,-1,0,0]",0.2727272727272727,0.0,0.7272727272727273
901,"[0,1,-1,1]","[1,0,-1,-1]",0.5454545454545454,0.2727272727272727,0.18181818181818182
902,"[0,1,-1,1]","[1,0,-1,1]",0.3333333333333333,0.25,0.4166666666666667
903,"[0,1,-1,1]","[1,0,0,-1]",0.46153846153846156,0.07692307692307693,0.46153846153846156
904,"[0,1,-1,1]","[1,0,0,1]",0.2727272727272727,0.09090909090909091,0.6363636363636364
905,"[0,1,-1,1]","[1,0,1,0]",0.5714285714285714,0.0,0.42857142857142855
906,"[0,1,-1,1]","[1,1,0,-1]",0.5833333333333334,0.08333333333333333,0.3333333333333333
907,"[0,1,-1,1]","[1,1,0,0]",0.2,0.0,0.8
908,"[0,1,0,-1]","[-1,0,-1,-1]",0.0,0.6363636363636364,0.36363636363636365
909,"[0,1,0,-1]","[-1,0,-1,1]",0.3076923076923077,0.07692307692307693,0.6153846153846154
910,"[0,1,0,-1]","[-1,0,0,1]",0.23076923076923078,0.0,0.7692307692307693
911,"[0,1,0,-1]","[-1,0,1,-1]",0.16666666666666666,0.75,0.08333333333333333
912,"[0,1,0,-1]","[-1,0,1,0]",0.23076923076923078,0.23076923076923078,0.5384615384615384
913,"[0,1,0,-1]","[-1,1,1,0]",0.3,0.5,0.2
914,"[0,1,0,-1]","[0,-1,-1,0]",0.07692307692307693,0.0,0.9230769230769231
915,"[0,1,0,-1]","[0,-1,0,-1]",0.0,0.45454545454545453,0.5454545454545454
916,"[0,1,0,-1]","[0,-1,1,-1]",0.08333333333333333,0.75,0.16666666666666666
917,"[0,1,0,-1]","[0,-1,1,0]",0.1,0.1,0.8
918,"[0,1,0,-1]","[0,0,1,1]",0.3333333333333333,0.0,0.6666666666666666
919,"[0,1,0,-1]","[0,1,-1,-1]",0.0,0.9166666666666666,0.08333333333333333
920,"[0,1,0,-1]","[0,1,-1,0]",0.16666666666666666,0.3333333333333333,0.5
921,"[0,1,0,-1]","[0,1,-1,1]",0.08333333333333333,0.0,0.9166666666666666
922,"[0,1,0,-1]","[0,1,0,1]",0.0,0.2,0.8
923,"[0,1,0,-1]","[1,-1,-1,0]",0.09090909090909091,0.0,0.9090909090909091
924,"[0,1,0,-1]","[1,-1,0,0]",0.1,0.0,0.9
925,"[0,1,0,-1]","[1,-1,1,0]",0.3,0.0,0.7
926,"[0,1,0,-1]","[1,0,-1,-1]",0.14285714285714285,0.7142857142857143,0.14285714285714285
927,"[0,1,0,-1]","[1,0,1,-1]",0.45454545454545453,0.2727272727272727,0.2727272727272727
928,"[0,1,0,1]","[-1,-1,-1,0]",0.7,0.2,0.1
929,"[0,1,0,1]","[-1,-1,0,1]",0.5384615384615384,0.3076923076923077,0.15384615384615385
930,"[0,1,0,1]","[-1,0,-1,1]",0.7272727272727273,0.18181818181818182,0.09090909090909091
931,"[0,1,0,1]","[-1,0,1,1]",0.7,0.2,0.1
932,"[0,1,0,1]","[-1,1,-1,0]",0.9090909090909091,0.0,0.09090909090909091
933,"[0,1,0,1]","[-1,1,0,-1]",1.0,0.0,0.0
934,"[0,1,0,1]","[-1,1,0,0]",0.45454545454545453,0.36363636363636365,0.18181818181818182
935,"[0,1,0,1]","[-1,1,0,1]",0.4166666666666667,0.08333333333333333,0.5
936,"[0,1,0,1]","[0,-1,-1,-1]",0.7647058823529411,0.0,0.23529411764705882
937,"[0,1,0,1]","[0,-1,-1,1]",0.7,0.3,0.0
938,"[0,1,0,1]","[0,-1,0,-1]",0.5,0.0,0.5
939,"[0,1,0,1]","[0,-1,1,-1]",0.8461538461538461,0.07692307692307693,0.07692307692307693
940,"[0,1,0,1]","[0,-1,1,0]",0.9,0.0,0.1
941,"[0,1,0,1]","[0,0,-1,-1]",0.9090909090909091,0.09090909090909091,0.0
942,"[0,1,0,1]","[0,0,-1,1]",0.8181818181818182,0.18181818181818182,0.0
943,"[0,1,0,1]","[0,0,1,-1]",0.8,0.1,0.1
944,"[0,1,0,1]","[0,1,-1,-1]",0.8,0.1,0.1
945,"[0,1,0,1]","[0,1,-1,0]",0.8571428571428571,0.07142857142857142,0.07142857142857142
946,"[0,1,0,1]","[0,1,-1,1]",0.6923076923076923,0.0,0.3076923076923077
947,"[0,1,0,1]","[0,1,1,-1]",0.9090909090909091,0.0,0.09090909090909091
948,"[0,1,0,1]","[0,1,1,0]",0.8,0.1,0.1
949,"[0,1,0,1]","[0,1,1,1]",0.6428571428571429,0.2857142857142857,0.07142857142857142
950,"[0,1,0,1]","[1,-1,0,0]",0.5454545454545454,0.18181818181818182,0.2727272727272727
951,"[0,1,0,1]","[1,-1,0,1]",0.36363636363636365,0.09090909090909091,0.5454545454545454
952,"[0,1,0,1]","[1,-1,1,0]",0.8,0.0,0.2
953,"[0,1,0,1]","[1,0,-1,-1]",0.8333333333333334,0.0,0.16666666666666666
954,"[0,1,0,1]","[1,0,-1,0]",0.8,0.0,0.2
955,"[0,1,0,1]","[1,0,1,-1]",0.9,0.0,0.1
956,"[0,1,0,1]","[1,0,1,0]",0.4,0.2,0.4
957,"[0,1,0,1]","[1,1,-1,0]",0.9090909090909091,0.09090909090909091,0.0
958,"[0,1,0,1]","[1,1,0,-1]",0.9,0.0,0.1
959,"[0,1,0,1]","[1,1,0,0]",0.5,0.08333333333333333,0.4166666666666667
960,"[0,1,0,1]","[1,1,0,1]",0.42857142857142855,0.21428571428571427,0.35714285714285715
961,"[0,1,0,1]","[1,1,1,0]",1.0,0.0,0.0
962,"[0,1,1,-1]","[-1,-1,-1,0]",0.16666666666666666,0.08333333333333333,0.75
963,"[0,1,1,-1]","[-1,-1,0,1]",0.16666666666666666,0.0,0.8333333333333334
964,"[0,1,1,-1]","[-1,0,-1,-1]",0.18181818181818182,0.45454545454545453,0.36363636363636365
965,"[0,1,1,-1]","[-1,0,0,-1]",0.0,0.4,0.6
966,"[0,1,1,-1]","[-1,0,0,1]",0.2,0.0,0.8
967,"[0,1,1,-1]","[-1,0,1,0]",0.0,0.45454545454545453,0.5454545454545454
968,"[0,1,1,-1]","[-1,0,1,1]",0.0,0.08333333333333333,0.9166666666666666
969,"[0,1,1,-1]","[-1,1,-1,0]",0.23076923076923078,0.07692307692307693,0.6923076923076923
970,"[0,1,1,-1]","[-1,1,0,0]",0.08333333333333333,0.4166666666666667,0.5
971,"[0,1,1,-1]","[0,-1,-1,0]",0.18181818181818182,0.0,0.8181818181818182
972,"[0,1,1,-1]","[0,-1,-1,1]",0.25,0.0,0.75
973,"[0,1,1,-1]","[0,0,-1,1]",0.3076923076923077,0.0,0.6923076923076923
974,"[0,1,1,-1]","[0,0,1,1]",0.4,0.1,0.5
975,"[0,1,1,-1]","[0,1,-1,-1]",0.07692307692307693,0.8461538461538461,0.07692307692307693
976,"[0,1,1,-1]","[0,1,0,-1]",0.2,0.7,0.1
977,"[0,1,1,-1]","[0,1,1,0]",0.1,0.9,0.0
978,"[0,1,1,-1]","[0,1,1,1]",0.08333333333333333,0.08333333333333333,0.8333333333333334
979,"[0,1,1,-1]","[1,-1,-1,0]",0.2,0.0,0.8
980,"[0,1,1,-1]","[1,-1,0,-1]",0.0,0.3333333333333333,0.6666666666666666
981,"[0,1,1,-1]","[1,-1,0,0]",0.0,0.18181818181818182,0.8181818181818182
982,"[0,1,1,-1]","[1,-1,0,1]",0.16666666666666666,0.0,0.8333333333333334
983,"[0,1,1,-1]","[1,-1,1,0]",0.1,0.1,0.8
984,"[0,1,1,-1]","[1,0,-1,0]",0.1,0.0,0.9
985,"[0,1,1,-1]","[1,0,1,0]",0.1,0.2,0.7
986,"[0,1,1,-1]","[1,1,0,0]",0.2,0.2,0.6
987,"[0,1,1,-1]","[1,1,0,1]",0.0,0.2,0.8
988,"[0,1,1,-1]","[1,1,1,0]",0.16666666666666666,0.4166666666666667,0.4166666666666667
989,"[0,1,1,0]","[-1,-1,-1,0]",0.2,0.1,0.7
990,"[0,1,1,0]","[-1,-1,0,-1]",0.2,0.4,0.4
991,"[0,1,1,0]","[-1,-1,0,1]",0.3,0.0,0.7
992,"[0,1,1,0]","[-1,-1,1,0]",0.3,0.3,0.4
993,"[0,1,1,0]","[-1,0,-1,1]",0.21428571428571427,0.0,0.7857142857142857
994,"[0,1,1,0]","[-1,0,0,-1]",0.09090909090909091,0.2727272727272727,0.6363636363636364
995,"[0,1,1,0]","[-1,0,1,-1]",0.1,0.7,0.2
996,"[0,1,1,0]","[-1,1,1,0]",0.2,0.5,0.3
997,"[0,1,1,0]","[0,-1,-1,-1]",0.3,0.3,0.4
998,"[0,1,1,0]","[0,-1,-1,1]",0.5,0.1,0.4
999,"[0,1,1,0]","[0,-1,0,-1]",0.1,0.4,0.5
1000,"[0,1,1,0]","[0,-1,1,-1]",0.07692307692307693,0.6153846153846154,0.3076923076923077
1001,"[0,1,1,0]","[0,0,-1,-1]",0.4166666666666667,0.3333333333333333,0.25
1002,"[0,1,1,0]","[0,0,1,1]",0.08333333333333333,0.25,0.6666666666666666
1003,"[0,1,1,0]","[0,1,-1,-1]",0.5294117647058824,0.35294117647058826,0.11764705882352941
1004,"[0,1,1,0]","[0,1,-1,1]",0.5,0.1,0.4
1005,"[0,1,1,0]","[0,1,0,-1]",0.18181818181818182,0.2727272727272727,0.5454545454545454
1006,"[0,1,1,0]","[0,1,1,1]",0.18181818181818182,0.09090909090909091,0.7272727272727273
1007,"[0,1,1,0]","[1,-1,-1,0]",0.4,0.0,0.6
1008,"[0,1,1,0]","[1,-1,0,0]",0.25,0.16666666666666666,0.5833333333333334
1009,"[0,1,1,0]","[1,0,-1,1]",0.2727272727272727,0.09090909090909091,0.6363636363636364
1010,"[0,1,1,0]","[1,0,0,1]",0.09090909090909091,0.09090909090909091,0.8181818181818182
1011,"[0,1,1,0]","[1,0,1,1]",0.3,0.4,0.3
1012,"[0,1,1,0]","[1,1,0,-1]",0.2,0.5,0.3
1013,"[0,1,1,0]","[1,1,0,0]",0.09090909090909091,0.09090909090909091,0.8181818181818182
1014,"[0,1,1,0]","[1,1,1,0]",0.09090909090909091,0.7272727272727273,0.18181818181818182
1015,"[0,1,1,1]","[-1,-1,-1,0]",0.2727272727272727,0.18181818181818182,0.5454545454545454
1016,"[0,1,1,1]","[-1,-1,0,-1]",0.2,0.2,0.6
1017,"[0,1,1,1]","[-1,-1,0,0]",0.18181818181818182,0.09090909090909091,0.7272727272727273
1018,"[0,1,1,1]","[-1,-1,0,1]",0.25,0.08333333333333333,0.6666666666666666
1019,"[0,1,1,1]","[-1,-1,1,0]",0.1,0.4,0.5
1020,"[0,1,1,1]","[-1,0,-1,-1]",0.6923076923076923,0.0,0.3076923076923077
1021,"[0,1,1,1]","[-1,0,-1,0]",0.1,0.0,0.9
1022,"[0,1,1,1]","[-1,0,0,-1]",0.7,0.1,0.2
1023,"[0,1,1,1]","[-1,0,0,1]",0.3076923076923077,0.23076923076923078,0.46153846153846156
1024,"[0,1,1,1]","[-1,0,1,1]",0.23076923076923078,0.6923076923076923,0.07692307692307693
1025,"[0,1,1,1]","[-1,1,-1,0]",0.7,0.2,0.1
1026,"[0,1,1,1]","[-1,1,0,-1]",0.8333333333333334,0.0,0.16666666666666666
1027,"[0,1,1,1]","[0,-1,-1,-1]",0.5,0.0,0.5
1028,"[0,1,1,1]","[0,-1,-1,0]",0.6363636363636364,0.0,0.36363636363636365
1029,"[0,1,1,1]","[0,-1,1,-1]",0.5,0.1,0.4
1030,"[0,1,1,1]","[0,-1,1,1]",0.11764705882352941,0.7647058823529411,0.11764705882352941
1031,"[0,1,1,1]","[0,1,0,-1]",0.36363636363636365,0.2727272727272727,0.36363636363636365
1032,"[0,1,1,1]","[1,-1,0,-1]",0.5384615384615384,0.07692307692307693,0.38461538461538464
1033,"[0,1,1,1]","[1,-1,0,0]",0.25,0.0,0.75
1034,"[0,1,1,1]","[1,-1,1,0]",0.0,0.7272727272727273,0.2727272727272727
1035,"[0,1,1,1]","[1,0,-1,-1]",0.9,0.0,0.1
1036,"[0,1,1,1]","[1,0,-1,0]",0.38461538461538464,0.0,0.6153846153846154
1037,"[0,1,1,1]","[1,0,0,1]",0.09090909090909091,0.36363636363636365,0.5454545454545454
1038,"[0,1,1,1]","[1,1,-1,0]",0.4166666666666667,0.0,0.5833333333333334
1039,"[0,1,1,1]","[1,1,0,0]",0.2727272727272727,0.0,0.7272727272727273
1040,"[0,1,1,1]","[1,1,0,1]",0.3,0.2,0.5
1041,"[1,-1,-1,0]","[-1,-1,0,0]",0.09090909090909091,0.09090909090909091,0.8181818181818182
1042,"[1,-1,-1,0]","[-1,-1,1,0]",0.8,0.0,0.2
1043,"[1,-1,-1,0]","[-1,0,-1,-1]",0.7,0.1,0.2
1044,"[1,-1,-1,0]","[-1,0,-1,0]",0.09090909090909091,0.6363636363636364,0.2727272727272727
1045,"[1,-1,-1,0]","[-1,0,-1,1]",0.2,0.6,0.2
1046,"[1,-1,-1,0]","[-1,0,0,-1]",0.8,0.0,0.2
1047,"[1,-1,-1,0]","[-1,0,0,1]",0.25,0.0625,0.6875
1048,"[1,-1,-1,0]","[-1,0,1,0]",0.25,0.0,0.75
1049,"[1,-1,-1,0]","[-1,0,1,1]",0.8,0.1,0.1
1050,"[1,-1,-1,0]","[-1,1,-1,0]",0.2,0.3,0.5
1051,"[1,-1,-1,0]","[-1,1,0,-1]",0.9,0.0,0.1
1052,"[1,-1,-1,0]","[-1,1,0,1]",0.5,0.1,0.4
1053,"[1,-1,-1,0]","[0,-1,-1,-1]",0.09090909090909091,0.6363636363636364,0.2727272727272727
1054,"[1,-1,-1,0]","[0,-1,-1,1]",0.4166666666666667,0.4166666666666667,0.16666666666666666
1055,"[1,-1,-1,0]","[0,-1,0,1]",0.2727272727272727,0.09090909090909091,0.6363636363636364
1056,"[1,-1,-1,0]","[0,-1,1,-1]",0.8,0.1,0.1
1057,"[1,-1,-1,0]","[0,-1,1,1]",0.6,0.2,0.2
1058,"[1,-1,-1,0]","[0,0,-1,1]",0.23076923076923078,0.6923076923076923,0.07692307692307693
1059,"[1,-1,-1,0]","[0,0,1,-1]",0.5454545454545454,0.09090909090909091,0.36363636363636365
1060,"[1,-1,-1,0]","[0,1,-1,0]",0.6,0.1,0.3
1061,"[1,-1,-1,0]","[0,1,0,1]",0.2727272727272727,0.18181818181818182,0.5454545454545454
1062,"[1,-1,-1,0]","[0,1,1,1]",0.3,0.1,0.6
1063,"[1,-1,-1,0]","[1,-1,0,0]",0.23076923076923078,0.07692307692307693,0.6923076923076923
1064,"[1,-1,-1,0]","[1,-1,0,1]",0.09090909090909091,0.09090909090909091,0.8181818181818182
1065,"[1,-1,-1,0]","[1,0,-1,0]",0.0,0.6,0.4
1066,"[1,-1,-1,0]","[1,0,0,-1]",0.3076923076923077,0.07692307692307693,0.6153846153846154
1067,"[1,-1,-1,0]","[1,0,1,1]",0.36363636363636365,0.18181818181818182,0.45454545454545453
1068,"[1,-1,-1,0]","[1,1,0,-1]",0.45454545454545453,0.0,0.5454545454545454
1069,"[1,-1,-1,0]","[1,1,0,0]",0.16666666666666666,0.0,0.8333333333333334
1070,"[1,-1,-1,0]","[1,1,0,1]",0.3,0.0,0.7
1071,"[1,-1,0,-1]","[-1,-1,0,-1]",0.16666666666666666,0.3333333333333333,0.5
1072,"[1,-1,0,-1]","[-1,0,-1,-1]",0.6153846153846154,0.15384615384615385,0.23076923076923078
1073,"[1,-1,0,-1]","[-1,0,0,-1]",0.3,0.6,0.1
1074,"[1,-1,0,-1]","[-1,0,1,-1]",0.18181818181818182,0.45454545454545453,0.36363636363636365
1075,"[1,-1,0,-1]","[-1,0,1,0]",0.7272727272727273,0.09090909090909091,0.18181818181818182
1076,"[1,-1,0,-1]","[-1,1,0,0]",0.4,0.4,0.2
1077,"[1,-1,0,-1]","[-1,1,0,1]",0.4166666666666667,0.0,0.5833333333333334
1078,"[1,-1,0,-1]","[0,-1,-1,1]",0.4,0.2,0.4
1079,"[1,-1,0,-1]","[0,-1,0,-1]",0.5,0.2,0.3
1080,"[1,-1,0,-1]","[0,-1,1,0]",0.5,0.1,0.4
1081,"[1,-1,0,-1]","[0,-1,1,1]",0.36363636363636365,0.09090909090909091,0.5454545454545454
1082,"[1,-1,0,-1]","[0,0,-1,1]",0.5,0.2,0.3
1083,"[1,-1,0,-1]","[0,1,-1,1]",0.45454545454545453,0.09090909090909091,0.45454545454545453
1084,"[1,-1,0,-1]","[0,1,0,-1]",0.4,0.4,0.2
1085,"[1,-1,0,-1]","[0,1,0,1]",0.36363636363636365,0.0,0.6363636363636364
1086,"[1,-1,0,-1]","[0,1,1,0]",0.3,0.4,0.3
1087,"[1,-1,0,-1]","[1,-1,-1,0]",0.4,0.0,0.6
1088,"[1,-1,0,-1]","[1,-1,0,0]",0.35714285714285715,0.14285714285714285,0.5
1089,"[1,-1,0,-1]","[1,-1,0,1]",0.6666666666666666,0.0,0.3333333333333333
1090,"[1,-1,0,-1]","[1,0,-1,0]",0.8,0.0,0.2
1091,"[1,-1,0,-1]","[1,0,0,1]",0.5714285714285714,0.07142857142857142,0.35714285714285715
1092,"[1,-1,0,-1]","[1,1,-1,0]",0.46153846153846156,0.38461538461538464,0.15384615384615385
1093,"[1,-1,0,-1]","[1,1,0,-1]",0.14285714285714285,0.7142857142857143,0.14285714285714285
1094,"[1,-1,0,-1]","[1,1,0,1]",0.5,0.1,0.4
1095,"[1,-1,0,0]","[-1,-1,0,-1]",0.6,0.2,0.2
1096,"[1,-1,0,0]","[-1,-1,0,0]",0.5,0.1,0.4
1097,"[1,-1,0,0]","[-1,-1,0,1]",0.9230769230769231,0.07692307692307693,0.0
1098,"[1,-1,0,0]","[-1,0,0,-1]",0.6,0.3,0.1
1099,"[1,-1,0,0]","[-1,1,0,-1]",0.8461538461538461,0.15384615384615385,0.0
1100,"[1,-1,0,0]","[-1,1,0,1]",0.3,0.3,0.4
1101,"[1,-1,0,0]","[-1,1,1,0]",0.9,0.0,0.1
1102,"[1,-1,0,0]","[0,-1,-1,0]",0.8181818181818182,0.18181818181818182,0.0
1103,"[1,-1,0,0]","[0,-1,0,-1]",0.6,0.4,0.0
1104,"[1,-1,0,0]","[0,0,-1,-1]",0.8181818181818182,0.09090909090909091,0.09090909090909091
1105,"[1,-1,0,0]","[0,0,1,-1]",0.8,0.0,0.2
1106,"[1,-1,0,0]","[0,0,1,1]",0.8666666666666667,0.13333333333333333,0.0
1107,"[1,-1,0,0]","[0,1,-1,0]",0.8,0.0,0.2
1108,"[1,-1,0,0]","[1,-1,1,0]",0.75,0.125,0.125
1109,"[1,-1,0,0]","[1,0,-1,0]",0.8181818181818182,0.0,0.18181818181818182
1110,"[1,-1,0,0]","[1,0,1,-1]",0.7272727272727273,0.18181818181818182,0.09090909090909091
1111,"[1,-1,0,0]","[1,0,1,0]",0.6923076923076923,0.15384615384615385,0.15384615384615385
1112,"[1,-1,0,0]","[1,1,-1,0]",0.7272727272727273,0.09090909090909091,0.18181818181818182
1113,"[1,-1,0,0]","[1,1,1,0]",0.6923076923076923,0.0,0.3076923076923077
1114,"[1,-1,0,1]","[-1,-1,-1,0]",0.8,0.13333333333333333,0.06666666666666667
1115,"[1,-1,0,1]","[-1,-1,0,-1]",0.7,0.2,0.1
1116,"[1,-1,0,1]","[-1,-1,1,0]",0.7,0.2,0.1
1117,"[1,-1,0,1]","[-1,0,-1,-1]",0.5833333333333334,0.16666666666666666,0.25
1118,"[1,-1,0,1]","[-1,0,-1,0]",0.5,0.2,0.3
1119,"[1,-1,0,1]","[-1,0,-1,1]",0.7142857142857143,0.21428571428571427,0.07142857142857142
1120,"[1,-1,0,1]","[-1,0,0,-1]",0.7272727272727273,0.09090909090909091,0.18181818181818182
1121,"[1,-1,0,1]","[-1,0,0,1]",0.3,0.5,0.2
1122,"[1,-1,0,1]","[-1,0,1,-1]",1.0,0.0,0.0
1123,"[1,-1,0,1]","[-1,0,1,0]",0.5,0.1,0.4
1124,"[1,-1,0,1]","[-1,1,0,0]",0.36363636363636365,0.09090909090909091,0.5454545454545454
1125,"[1,-1,0,1]","[-1,1,0,1]",0.6153846153846154,0.23076923076923078,0.15384615384615385
1126,"[1,-1,0,1]","[-1,1,1,0]",0.7692307692307693,0.07692307692307693,0.15384615384615385
1127,"[1,-1,0,1]","[0,-1,-1,1]",0.5454545454545454,0.2727272727272727,0.18181818181818182
1128,"[1,-1,0,1]","[0,-1,0,-1]",0.8181818181818182,0.0,0.18181818181818182
1129,"[1,-1,0,1]","[0,-1,0,1]",0.46153846153846156,0.3076923076923077,0.23076923076923078
1130,"[1,-1,0,1]","[0,-1,1,-1]",0.6363636363636364,0.18181818181818182,0.18181818181818182
1131,"[1,-1,0,1]","[0,-1,1,0]",0.7,0.2,0.1
1132,"[1,-1,0,1]","[0,-1,1,1]",0.7272727272727273,0.2727272727272727,0.0
1133,"[1,-1,0,1]","[0,0,-1,-1]",0.8,0.1,0.1
1134,"[1,-1,0,1]","[0,0,1,-1]",0.9230769230769231,0.0,0.07692307692307693
1135,"[1,-1,0,1]","[0,0,1,1]",0.9230769230769231,0.0,0.07692307692307693
1136,"[1,-1,0,1]","[0,1,-1,0]",1.0,0.0,0.0
1137,"[1,-1,0,1]","[0,1,-1,1]",0.7,0.0,0.3
1138,"[1,-1,0,1]","[0,1,0,-1]",1.0,0.0,0.0
1139,"[1,-1,0,1]","[0,1,1,0]",0.5294117647058824,0.23529411764705882,0.23529411764705882
1140,"[1,-1,0,1]","[0,1,1,1]",0.5384615384615384,0.15384615384615385,0.3076923076923077
1141,"[1,-1,0,1]","[1,-1,0,0]",0.3,0.4,0.3
1142,"[1,-1,0,1]","[1,0,-1,1]",0.4,0.6,0.0
1143,"[1,-1,0,1]","[1,0,0,1]",0.36363636363636365,0.18181818181818182,0.45454545454545453
1144,"[1,-1,0,1]","[1,0,1,1]",1.0,0.0,0.0
1145,"[1,-1,0,1]","[1,1,0,-1]",0.7272727272727273,0.0,0.2727272727272727
1146,"[1,-1,0,1]","[1,1,0,0]",0.5384615384615384,0.15384615384615385,0.3076923076923077
1147,"[1,-1,1,0]","[-1,-1,-1,0]",0.7,0.0,0.3
1148,"[1,-1,1,0]","[-1,-1,0,0]",0.1,0.1,0.8
1149,"[1,-1,1,0]","[-1,0,-1,-1]",0.8181818181818182,0.0,0.18181818181818182
1150,"[1,-1,1,0]","[-1,0,1,-1]",0.5,0.5,0.0
1151,"[1,-1,1,0]","[-1,0,1,0]",0.09090909090909091,0.36363636363636365,0.5454545454545454
1152,"[1,-1,1,0]","[-1,0,1,1]",0.2727272727272727,0.45454545454545453,0.2727272727272727
1153,"[1,-1,1,0]","[-1,1,-1,0]",0.5,0.2,0.3
1154,"[1,-1,1,0]","[-1,1,0,-1]",0.7,0.0,0.3
1155,"[1,-1,1,0]","[0,-1,-1,-1]",0.5833333333333334,0.0,0.4166666666666667
1156,"[1,-1,1,0]","[0,-1,-1,0]",0.5833333333333334,0.0,0.4166666666666667
1157,"[1,-1,1,0]","[0,-1,-1,1]",0.8181818181818182,0.0,0.18181818181818182
1158,"[1,-1,1,0]","[0,-1,0,-1]",0.3,0.2,0.5
1159,"[1,-1,1,0]","[0,-1,1,-1]",0.5,0.4,0.1
1160,"[1,-1,1,0]","[0,0,-1,1]",0.45454545454545453,0.2727272727272727,0.2727272727272727
1161,"[1,-1,1,0]","[0,0,1,-1]",0.7,0.3,0.0
1162,"[1,-1,1,0]","[0,1,-1,-1]",0.8,0.1,0.1
1163,"[1,-1,1,0]","[0,1,-1,1]",0.7,0.1,0.2
1164,"[1,-1,1,0]","[0,1,1,0]",0.25,0.5,0.25
1165,"[1,-1,1,0]","[1,-1,-1,0]",0.3333333333333333,0.16666666666666666,0.5
1166,"[1,-1,1,0]","[1,-1,0,-1]",0.35714285714285715,0.07142857142857142,0.5714285714285714
1167,"[1,-1,1,0]","[1,-1,0,1]",0.3333333333333333,0.16666666666666666,0.5
1168,"[1,-1,1,0]","[1,0,-1,1]",0.45454545454545453,0.09090909090909091,0.45454545454545453
1169,"[1,-1,1,0]","[1,0,0,-1]",0.45454545454545453,0.09090909090909091,0.45454545454545453
1170,"[1,-1,1,0]","[1,1,0,-1]",0.5,0.16666666666666666,0.3333333333333333
1171,"[1,-1,1,0]","[1,1,1,0]",0.3333333333333333,0.3333333333333333,0.3333333333333333
1172,"[1,0,-1,-1]","[-1,-1,0,0]",0.08333333333333333,0.0,0.9166666666666666
1173,"[1,0,-1,-1]","[-1,-1,0,1]",0.0,0.0,1.0
1174,"[1,0,-1,-1]","[-1,0,-1,-1]",0.08333333333333333,0.75,0.16666666666666666
1175,"[1,0,-1,-1]","[-1,0,-1,0]",0.0,0.6,0.4
1176,"[1,0,-1,-1]","[-1,0,-1,1]",0.3076923076923077,0.0,0.6923076923076923
1177,"[1,0,-1,-1]","[-1,0,0,-1]",0.1,0.5,0.4
1178,"[1,0,-1,-1]","[-1,0,1,-1]",0.2727272727272727,0.45454545454545453,0.2727272727272727
1179,"[1,0,-1,-1]","[-1,0,1,1]",0.2,0.0,0.8
1180,"[1,0,-1,-1]","[0,-1,-1,1]",0.1,0.2,0.7
1181,"[1,0,-1,-1]","[0,-1,0,-1]",0.07692307692307693,0.46153846153846156,0.46153846153846156
1182,"[1,0,-1,-1]","[0,-1,0,1]",0.4,0.1,0.5
1183,"[1,0,-1,-1]","[0,-1,1,-1]",0.2727272727272727,0.36363636363636365,0.36363636363636365
1184,"[1,0,-1,-1]","[0,-1,1,1]",0.2727272727272727,0.0,0.7272727272727273
1185,"[1,0,-1,-1]","[0,0,-1,1]",0.14285714285714285,0.21428571428571427,0.6428571428571429
1186,"[1,0,-1,-1]","[0,1,-1,0]",0.1,0.5,0.4
1187,"[1,0,-1,-1]","[0,1,1,-1]",0.07692307692307693,0.8461538461538461,0.07692307692307693
1188,"[1,0,-1,-1]","[0,1,1,0]",0.0,0.5,0.5
1189,"[1,0,-1,-1]","[1,-1,-1,0]",0.07692307692307693,0.15384615384615385,0.7692307692307693
1190,"[1,0,-1,-1]","[1,-1,0,-1]",0.0,0.5294117647058824,0.47058823529411764
1191,"[1,0,-1,-1]","[1,-1,0,0]",0.1,0.0,0.9
1192,"[1,0,-1,-1]","[1,-1,0,1]",0.09090909090909091,0.0,0.9090909090909091
1193,"[1,0,-1,-1]","[1,-1,1,0]",0.25,0.08333333333333333,0.6666666666666666
1194,"[1,0,-1,-1]","[1,0,-1,1]",0.25,0.16666666666666666,0.5833333333333334
1195,"[1,0,-1,-1]","[1,0,1,-1]",0.18181818181818182,0.5454545454545454,0.2727272727272727
1196,"[1,0,-1,-1]","[1,0,1,0]",0.0,0.0,1.0
1197,"[1,0,-1,-1]","[1,0,1,1]",0.18181818181818182,0.0,0.8181818181818182
1198,"[1,0,-1,-1]","[1,1,-1,0]",0.07692307692307693,0.6923076923076923,0.23076923076923078
1199,"[1,0,-1,-1]","[1,1,0,1]",0.09090909090909091,0.09090909090909091,0.8181818181818182
1200,"[1,0,-1,0]","[-1,-1,0,0]",0.08333333333333333,0.0,0.9166666666666666
1201,"[1,0,-1,0]","[-1,-1,0,1]",0.3333333333333333,0.08333333333333333,0.5833333333333334
1202,"[1,0,-1,0]","[-1,0,-1,1]",0.25,0.6666666666666666,0.08333333333333333
1203,"[1,0,-1,0]","[-1,0,0,-1]",0.4,0.1,0.5
1204,"[1,0,-1,0]","[-1,0,1,0]",0.2727272727272727,0.09090909090909091,0.6363636363636364
1205,"[1,0,-1,0]","[-1,1,-1,0]",0.3,0.5,0.2
1206,"[1,0,-1,0]","[-1,1,0,-1]",0.8181818181818182,0.09090909090909091,0.09090909090909091
1207,"[1,0,-1,0]","[0,0,-1,-1]",0.45454545454545453,0.5454545454545454,0.0
1208,"[1,0,-1,0]","[0,0,-1,1]",0.2,0.8,0.0
1209,"[1,0,-1,0]","[0,0,1,-1]",0.5833333333333334,0.0,0.4166666666666667
1210,"[1,0,-1,0]","[0,0,1,1]",0.6363636363636364,0.09090909090909091,0.2727272727272727
1211,"[1,0,-1,0]","[0,1,-1,0]",0.4166666666666667,0.4166666666666667,0.16666666666666666
1212,"[1,0,-1,0]","[0,1,-1,1]",0.4,0.5,0.1
1213,"[1,0,-1,0]","[0,1,0,-1]",0.8,0.0,0.2
1214,"[1,0,-1,0]","[0,1,1,0]",0.7,0.2,0.1
1215,"[1,0,-1,0]","[1,-1,0,1]",0.3076923076923077,0.15384615384615385,0.5384615384615384
1216,"[1,0,-1,0]","[1,-1,1,0]",0.4,0.2,0.4
1217,"[1,0,-1,0]","[1,0,-1,-1]",0.6666666666666666,0.3333333333333333,0.0
1218,"[1,0,-1,0]","[1,0,-1,1]",0.2727272727272727,0.5454545454545454,0.18181818181818182
1219,"[1,0,-1,0]","[1,0,0,-1]",0.4,0.1,0.5
1220,"[1,0,-1,0]","[1,0,0,1]",0.5,0.0,0.5
1221,"[1,0,-1,0]","[1,1,-1,0]",0.3076923076923077,0.46153846153846156,0.23076923076923078
1222,"[1,0,-1,1]","[-1,-1,0,1]",0.0,0.4,0.6
1223,"[1,0,-1,1]","[-1,-1,1,0]",0.4166666666666667,0.4166666666666667,0.16666666666666666
1224,"[1,0,-1,1]","[-1,0,-1,-1]",0.5,0.2,0.3
1225,"[1,0,-1,1]","[-1,0,-1,0]",0.07692307692307693,0.3076923076923077,0.6153846153846154
1226,"[1,0,-1,1]","[-1,0,1,-1]",0.5454545454545454,0.0,0.45454545454545453
1227,"[1,0,-1,1]","[-1,0,1,1]",0.5714285714285714,0.21428571428571427,0.21428571428571427
1228,"[1,0,-1,1]","[-1,1,0,-1]",0.7,0.1,0.2
1229,"[1,0,-1,1]","[-1,1,0,0]",0.3,0.0,0.7
1230,"[1,0,-1,1]","[-1,1,1,0]",0.5,0.0,0.5
1231,"[1,0,-1,1]","[0,-1,-1,-1]",0.3,0.6,0.1
1232,"[1,0,-1,1]","[0,-1,-1,0]",0.0,0.7,0.3
1233,"[1,0,-1,1]","[0,-1,-1,1]",0.08333333333333333,0.6666666666666666,0.25
1234,"[1,0,-1,1]","[0,-1,0,-1]",0.38461538461538464,0.15384615384615385,0.46153846153846156
1235,"[1,0,-1,1]","[0,-1,1,1]",0.4,0.4,0.2
1236,"[1,0,-1,1]","[0,0,-1,-1]",0.5,0.3,0.2
1237,"[1,0,-1,1]","[0,0,-1,1]",0.09090909090909091,0.6363636363636364,0.2727272727272727
1238,"[1,0,-1,1]","[0,1,-1,0]",0.09090909090909091,0.36363636363636365,0.5454545454545454
1239,"[1,0,-1,1]","[0,1,0,-1]",0.7692307692307693,0.0,0.23076923076923078
1240,"[1,0,-1,1]","[0,1,0,1]",0.2727272727272727,0.09090909090909091,0.6363636363636364
1241,"[1,0,-1,1]","[0,1,1,-1]",0.7,0.1,0.2
1242,"[1,0,-1,1]","[0,1,1,1]",0.2727272727272727,0.45454545454545453,0.2727272727272727
1243,"[1,0,-1,1]","[1,-1,-1,0]",0.25,0.75,0.0
1244,"[1,0,-1,1]","[1,-1,0,-1]",0.4,0.1,0.5
1245,"[1,0,-1,1]","[1,-1,0,0]",0.0,0.1,0.9
1246,"[1,0,-1,1]","[1,0,1,-1]",0.7,0.0,0.3
1247,"[1,0,-1,1]","[1,0,1,0]",0.3333333333333333,0.0,0.6666666666666666
1248,"[1,0,-1,1]","[1,0,1,1]",0.5,0.1,0.4
1249,"[1,0,-1,1]","[1,1,1,0]",0.3,0.0,0.7
1250,"[1,0,0,-1]","[-1,-1,0,0]",0.4,0.1,0.5
1251,"[1,0,0,-1]","[-1,-1,0,1]",0.1,0.0,0.9
1252,"[1,0,0,-1]","[-1,0,-1,1]",0.4117647058823529,0.0,0.5882352941176471
1253,"[1,0,0,-1]","[-1,0,1,-1]",0.45454545454545453,0.36363636363636365,0.18181818181818182
1254,"[1,0,0,-1]","[-1,0,1,0]",0.3,0.1,0.6
1255,"[1,0,0,-1]","[-1,1,-1,0]",0.36363636363636365,0.2727272727272727,0.36363636363636365
1256,"[1,0,0,-1]","[-1,1,0,-1]",0.3333333333333333,0.6666666666666666,0.0
1257,"[1,0,0,-1]","[-1,1,0,0]",0.1,0.6,0.3
1258,"[1,0,0,-1]","[-1,1,1,0]",0.36363636363636365,0.45454545454545453,0.18181818181818182
1259,"[1,0,0,-1]","[0,-1,0,-1]",0.2727272727272727,0.45454545454545453,0.2727272727272727
1260,"[1,0,0,-1]","[0,-1,1,1]",0.2,0.1,0.7
1261,"[1,0,0,-1]","[0,0,-1,-1]",0.5,0.5,0.0
1262,"[1,0,0,-1]","[0,0,-1,1]",0.7,0.0,0.3
1263,"[1,0,0,-1]","[0,0,1,-1]",0.1,0.6,0.3
1264,"[1,0,0,-1]","[0,1,-1,-1]",0.6,0.4,0.0
1265,"[1,0,0,-1]","[0,1,-1,0]",0.8,0.1,0.1
1266,"[1,0,0,-1]","[0,1,0,-1]",0.1,0.8,0.1
1267,"[1,0,0,-1]","[0,1,0,1]",0.3333333333333333,0.08333333333333333,0.5833333333333334
1268,"[1,0,0,-1]","[0,1,1,-1]",0.18181818181818182,0.7272727272727273,0.09090909090909091
1269,"[1,0,0,-1]","[0,1,1,0]",0.5,0.42857142857142855,0.07142857142857142
1270,"[1,0,0,-1]","[0,1,1,1]",0.4,0.0,0.6
1271,"[1,0,0,-1]","[1,-1,0,-1]",0.3,0.4,0.3
1272,"[1,0,0,-1]","[1,-1,0,0]",0.23076923076923078,0.0,0.7692307692307693
1273,"[1,0,0,-1]","[1,-1,0,1]",0.2,0.1,0.7
1274,"[1,0,0,-1]","[1,0,-1,-1]",0.21428571428571427,0.5714285714285714,0.21428571428571427
1275,"[1,0,0,-1]","[1,0,-1,1]",0.5833333333333334,0.0,0.4166666666666667
1276,"[1,0,0,-1]","[1,0,1,-1]",0.09090909090909091,0.9090909090909091,0.0
1277,"[1,0,0,-1]","[1,0,1,1]",0.5384615384615384,0.0,0.46153846153846156
1278,"[1,0,0,-1]","[1,1,-1,0]",0.2,0.5,0.3
1279,"[1,0,0,-1]","[1,1,0,-1]",0.0,0.9,0.1
1280,"[1,0,0,-1]","[1,1,1,0]",0.3,0.3,0.4
1281,"[1,0,0,1]","[-1,-1,-1,0]",0.5384615384615384,0.38461538461538464,0.07692307692307693
1282,"[1,0,0,1]","[-1,0,-1,0]",0.5454545454545454,0.18181818181818182,0.2727272727272727
1283,"[1,0,0,1]","[-1,0,-1,1]",0.7272727272727273,0.18181818181818182,0.09090909090909091
1284,"[1,0,0,1]","[-1,0,1,0]",0.5,0.2,0.3
1285,"[1,0,0,1]","[-1,1,0,-1]",0.7,0.1,0.2
1286,"[1,0,0,1]","[-1,1,0,0]",0.4,0.0,0.6
1287,"[1,0,0,1]","[-1,1,1,0]",0.45454545454545453,0.09090909090909091,0.45454545454545453
1288,"[1,0,0,1]","[0,-1,-1,-1]",0.7692307692307693,0.07692307692307693,0.15384615384615385
1289,"[1,0,0,1]","[0,-1,-1,0]",0.7,0.2,0.1
1290,"[1,0,0,1]","[0,-1,0,-1]",0.7272727272727273,0.0,0.2727272727272727
1291,"[1,0,0,1]","[0,-1,0,1]",0.5,0.4,0.1
1292,"[1,0,0,1]","[0,0,-1,-1]",0.7272727272727273,0.18181818181818182,0.09090909090909091
1293,"[1,0,0,1]","[0,0,1,-1]",0.9090909090909091,0.0,0.09090909090909091
1294,"[1,0,0,1]","[0,1,-1,0]",0.4166666666666667,0.0,0.5833333333333334
1295,"[1,0,0,1]","[0,1,0,-1]",0.7272727272727273,0.09090909090909091,0.18181818181818182
1296,"[1,0,0,1]","[0,1,0,1]",0.3,0.5,0.2
1297,"[1,0,0,1]","[0,1,1,-1]",0.9090909090909091,0.0,0.09090909090909091
1298,"[1,0,0,1]","[1,-1,-1,0]",0.3076923076923077,0.46153846153846156,0.23076923076923078
1299,"[1,0,0,1]","[1,-1,0,0]",0.2727272727272727,0.36363636363636365,0.36363636363636365
1300,"[1,0,0,1]","[1,-1,1,0]",0.6,0.1,0.3
1301,"[1,0,0,1]","[1,0,-1,-1]",0.9,0.0,0.1
1302,"[1,0,0,1]","[1,0,-1,1]",0.8461538461538461,0.15384615384615385,0.0
1303,"[1,0,0,1]","[1,0,0,-1]",0.9090909090909091,0.0,0.09090909090909091
1304,"[1,0,0,1]","[1,0,1,-1]",1.0,0.0,0.0
1305,"[1,0,0,1]","[1,1,-1,0]",0.5384615384615384,0.0,0.46153846153846156
1306,"[1,0,0,1]","[1,1,0,0]",0.35294117647058826,0.0,0.6470588235294118
1307,"[1,0,0,1]","[1,1,0,1]",0.09090909090909091,0.5454545454545454,0.36363636363636365
1308,"[1,0,0,1]","[1,1,1,0]",0.8,0.1,0.1
1309,"[1,0,1,-1]","[-1,-1,-1,0]",0.3333333333333333,0.0,0.6666666666666666
1310,"[1,0,1,-1]","[-1,-1,0,-1]",0.14285714285714285,0.5,0.35714285714285715
1311,"[1,0,1,-1]","[-1,-1,0,1]",0.07142857142857142,0.0,0.9285714285714286
1312,"[1,0,1,-1]","[-1,0,-1,-1]",0.23076923076923078,0.5384615384615384,0.23076923076923078
1313,"[1,0,1,-1]","[-1,0,-1,0]",0.3,0.2,0.5
1314,"[1,0,1,-1]","[-1,0,0,1]",0.09090909090909091,0.09090909090909091,0.8181818181818182
1315,"[1,0,1,-1]","[-1,0,1,-1]",0.0,0.7272727272727273,0.2727272727272727
1316,"[1,0,1,-1]","[-1,0,1,0]",0.09090909090909091,0.18181818181818182,0.7272727272727273
1317,"[1,0,1,-1]","[-1,1,0,-1]",0.1,0.8,0.1
1318,"[1,0,1,-1]","[-1,1,0,0]",0.0,0.45454545454545453,0.5454545454545454
1319,"[1,0,1,-1]","[-1,1,1,0]",0.0,1.0,0.0
1320,"[1,0,1,-1]","[0,-1,-1,-1]",0.15384615384615385,0.23076923076923078,0.6153846153846154
1321,"[1,0,1,-1]","[0,-1,-1,1]",0.45454545454545453,0.0,0.5454545454545454
1322,"[1,0,1,-1]","[0,-1,0,-1]",0.07692307692307693,0.23076923076923078,0.6923076923076923
1323,"[1,0,1,-1]","[0,-1,0,1]",0.3,0.2,0.5
1324,"[1,0,1,-1]","[0,-1,1,-1]",0.1,0.7,0.2
1325,"[1,0,1,-1]","[0,-1,1,1]",0.14285714285714285,0.2857142857142857,0.5714285714285714
1326,"[1,0,1,-1]","[0,1,-1,1]",0.3,0.0,0.7
1327,"[1,0,1,-1]","[0,1,1,-1]",0.3333333333333333,0.5833333333333334,0.08333333333333333
1328,"[1,0,1,-1]","[0,1,1,0]",0.0,0.6,0.4
1329,"[1,0,1,-1]","[0,1,1,1]",0.46153846153846156,0.15384615384615385,0.38461538461538464
1330,"[1,0,1,-1]","[1,-1,-1,0]",0.4,0.1,0.5
1331,"[1,0,1,-1]","[1,-1,0,-1]",0.1,0.3,0.6
1332,"[1,0,1,-1]","[1,-1,0,1]",0.38461538461538464,0.0,0.6153846153846154
1333,"[1,0,1,-1]","[1,-1,1,0]",0.2,0.3,0.5
1334,"[1,0,1,-1]","[1,0,-1,0]",0.3,0.0,0.7
1335,"[1,0,1,-1]","[1,0,1,1]",0.18181818181818182,0.2727272727272727,0.5454545454545454
1336,"[1,0,1,-1]","[1,1,0,-1]",0.0,0.6363636363636364,0.36363636363636365
1337,"[1,0,1,0]","[-1,-1,1,0]",0.5,0.4,0.1
1338,"[1,0,1,0]","[-1,0,-1,0]",0.36363636363636365,0.09090909090909091,0.5454545454545454
1339,"[1,0,1,0]","[-1,0,1,-1]",0.7692307692307693,0.23076923076923078,0.0
1340,"[1,0,1,0]","[-1,0,1,1]",0.3,0.5,0.2
1341,"[1,0,1,0]","[-1,1,-1,0]",0.5384615384615384,0.07692307692307693,0.38461538461538464
1342,"[1,0,1,0]","[-1,1,0,0]",0.3076923076923077,0.07692307692307693,0.6153846153846154
1343,"[1,0,1,0]","[-1,1,1,0]",0.4166666666666667,0.4166666666666667,0.16666666666666666
1344,"[1,0,1,0]","[0,-1,-1,-1]",0.45454545454545453,0.09090909090909091,0.45454545454545453
1345,"[1,0,1,0]","[0,-1,-1,0]",0.5454545454545454,0.0,0.45454545454545453
1346,"[1,0,1,0]","[0,-1,-1,1]",0.5454545454545454,0.0,0.45454545454545453
1347,"[1,0,1,0]","[0,-1,0,1]",0.1,0.2,0.7
1348,"[1,0,1,0]","[0,0,-1,1]",0.8461538461538461,0.0,0.15384615384615385
1349,"[1,0,1,0]","[0,0,1,-1]",0.4,0.2,0.4
1350,"[1,0,1,0]","[0,1,-1,0]",0.36363636363636365,0.18181818181818182,0.45454545454545453
1351,"[1,0,1,0]","[0,1,0,-1]",0.6363636363636364,0.18181818181818182,0.18181818181818182
1352,"[1,0,1,0]","[0,1,1,0]",0.3333333333333333,0.4166666666666667,0.25
1353,"[1,0,1,0]","[0,1,1,1]",0.09090909090909091,0.7272727272727273,0.18181818181818182
1354,"[1,0,1,0]","[1,-1,-1,0]",0.6,0.1,0.3
1355,"[1,0,1,0]","[1,-1,0,-1]",0.3,0.4,0.3
1356,"[1,0,1,0]","[1,-1,0,1]",0.36363636363636365,0.09090909090909091,0.5454545454545454
1357,"[1,0,1,0]","[1,-1,1,0]",0.18181818181818182,0.6363636363636364,0.18181818181818182
1358,"[1,0,1,0]","[1,0,-1,0]",0.2727272727272727,0.09090909090909091,0.6363636363636364
1359,"[1,0,1,0]","[1,0,0,-1]",0.35714285714285715,0.42857142857142855,0.21428571428571427
1360,"[1,0,1,0]","[1,0,0,1]",0.2727272727272727,0.09090909090909091,0.6363636363636364
1361,"[1,0,1,0]","[1,0,1,-1]",0.3,0.5,0.2
1362,"[1,0,1,0]","[1,1,0,-1]",0.5,0.3,0.2
1363,"[1,0,1,0]","[1,1,0,0]",0.25,0.3333333333333333,0.4166666666666667
1364,"[1,0,1,0]","[1,1,1,0]",0.5,0.3,0.2
1365,"[1,0,1,1]","[-1,-1,-1,0]",0.25,0.3333333333333333,0.4166666666666667
1366,"[1,0,1,1]","[-1,-1,0,0]",0.16666666666666666,0.25,0.5833333333333334
1367,"[1,0,1,1]","[-1,-1,0,1]",0.08333333333333333,0.16666666666666666,0.75
1368,"[1,0,1,1]","[-1,0,-1,0]",0.3,0.2,0.5
1369,"[1,0,1,1]","[-1,0,0,1]",0.15384615384615385,0.23076923076923078,0.6153846153846154
1370,"[1,0,1,1]","[-1,0,1,-1]",0.6363636363636364,0.18181818181818182,0.18181818181818182
1371,"[1,0,1,1]","[-1,1,0,0]",0.3333333333333333,0.16666666666666666,0.5
1372,"[1,0,1,1]","[-1,1,0,1]",0.25,0.25,0.5
1373,"[1,0,1,1]","[-1,1,1,0]",0.5,0.08333333333333333,0.4166666666666667
1374,"[1,0,1,1]","[0,-1,-1,-1]",0.5,0.0,0.5
1375,"[1,0,1,1]","[0,-1,1,-1]",0.6,0.1,0.3
1376,"[1,0,1,1]","[0,0,-1,1]",0.3,0.2,0.5
1377,"[1,0,1,1]","[0,0,1,-1]",0.7,0.1,0.2
1378,"[1,0,1,1]","[0,1,-1,-1]",0.8181818181818182,0.0,0.18181818181818182
1379,"[1,0,1,1]","[0,1,-1,1]",0.45454545454545453,0.18181818181818182,0.36363636363636365
1380,"[1,0,1,1]","[0,1,0,-1]",0.5,0.1,0.4
1381,"[1,0,1,1]","[0,1,0,1]",0.0,0.25,0.75
1382,"[1,0,1,1]","[0,1,1,-1]",0.7857142857142857,0.07142857142857142,0.14285714285714285
1383,"[1,0,1,1]","[0,1,1,1]",0.08333333333333333,0.75,0.16666666666666666
1384,"[1,0,1,1]","[1,-1,0,-1]",0.2,0.1,0.7
1385,"[1,0,1,1]","[1,-1,0,0]",0.2,0.3,0.5
1386,"[1,0,1,1]","[1,-1,1,0]",0.1,0.7,0.2
1387,"[1,0,1,1]","[1,0,-1,0]",0.5833333333333334,0.0,0.4166666666666667
1388,"[1,0,1,1]","[1,0,0,1]",0.0,0.7,0.3
1389,"[1,0,1,1]","[1,0,1,0]",0.08333333333333333,0.5833333333333334,0.3333333333333333
1390,"[1,0,1,1]","[1,1,0,-1]",0.4,0.1,0.5
1391,"[1,0,1,1]","[1,1,0,1]",0.1,0.4,0.5
1392,"[1,1,-1,0]","[-1,-1,-1,0]",0.1,0.3,0.6
1393,"[1,1,-1,0]","[-1,-1,0,-1]",0.4,0.1,0.5
1394,"[1,1,-1,0]","[-1,-1,0,1]",0.45454545454545453,0.0,0.5454545454545454
1395,"[1,1,-1,0]","[-1,0,-1,-1]",0.5,0.5,0.0
1396,"[1,1,-1,0]","[-1,0,0,1]",0.5,0.0,0.5
1397,"[1,1,-1,0]","[-1,0,1,1]",0.23076923076923078,0.23076923076923078,0.5384615384615384
1398,"[1,1,-1,0]","[-1,1,-1,0]",0.3333333333333333,0.5833333333333334,0.08333333333333333
1399,"[1,1,-1,0]","[-1,1,0,-1]",0.4,0.4,0.2
1400,"[1,1,-1,0]","[-1,1,0,0]",0.1,0.3,0.6
1401,"[1,1,-1,0]","[-1,1,0,1]",0.0,0.1,0.9
1402,"[1,1,-1,0]","[-1,1,1,0]",0.3,0.4,0.3
1403,"[1,1,-1,0]","[0,-1,-1,0]",0.15384615384615385,0.23076923076923078,0.6153846153846154
1404,"[1,1,-1,0]","[0,-1,-1,1]",0.2,0.4,0.4
1405,"[1,1,-1,0]","[0,-1,1,-1]",0.4166666666666667,0.25,0.3333333333333333
1406,"[1,1,-1,0]","[0,-1,1,1]",0.1,0.1,0.8
1407,"[1,1,-1,0]","[0,0,1,1]",0.2727272727272727,0.0,0.7272727272727273
1408,"[1,1,-1,0]","[0,1,-1,-1]",0.46153846153846156,0.5384615384615384,0.0
1409,"[1,1,-1,0]","[0,1,-1,1]",0.09090909090909091,0.5454545454545454,0.36363636363636365
1410,"[1,1,-1,0]","[0,1,0,-1]",0.45454545454545453,0.2727272727272727,0.2727272727272727
1411,"[1,1,-1,0]","[0,1,1,-1]",0.6363636363636364,0.09090909090909091,0.2727272727272727
1412,"[1,1,-1,0]","[0,1,1,0]",0.5714285714285714,0.21428571428571427,0.21428571428571427
1413,"[1,1,-1,0]","[1,-1,-1,0]",0.2,0.5,0.3
1414,"[1,1,-1,0]","[1,-1,0,1]",0.3,0.0,0.7
1415,"[1,1,-1,0]","[1,-1,1,0]",0.5,0.2,0.3
1416,"[1,1,-1,0]","[1,0,-1,1]",0.4,0.3,0.3
1417,"[1,1,-1,0]","[1,0,1,-1]",0.5,0.3,0.2
1418,"[1,1,-1,0]","[1,0,1,0]",0.2,0.0,0.8
1419,"[1,1,-1,0]","[1,0,1,1]",0.36363636363636365,0.0,0.6363636363636364
1420,"[1,1,-1,0]","[1,1,0,-1]",0.5,0.4,0.1
1421,"[1,1,-1,0]","[1,1,0,1]",0.18181818181818182,0.18181818181818182,0.6363636363636364
1422,"[1,1,0,-1]","[-1,-1,0,-1]",0.1,0.5,0.4
1423,"[1,1,0,-1]","[-1,-1,0,1]",0.1,0.0,0.9
1424,"[1,1,0,-1]","[-1,0,-1,0]",0.09090909090909091,0.0,0.9090909090909091
1425,"[1,1,0,-1]","[-1,0,-1,1]",0.4,0.0,0.6
1426,"[1,1,0,-1]","[-1,0,0,-1]",0.0,0.5454545454545454,0.45454545454545453
1427,"[1,1,0,-1]","[-1,1,-1,0]",0.08333333333333333,0.4166666666666667,0.5
1428,"[1,1,0,-1]","[-1,1,0,1]",0.09090909090909091,0.09090909090909091,0.8181818181818182
1429,"[1,1,0,-1]","[-1,1,1,0]",0.46153846153846156,0.3076923076923077,0.23076923076923078
1430,"[1,1,0,-1]","[0,-1,-1,0]",0.23076923076923078,0.0,0.7692307692307693
1431,"[1,1,0,-1]","[0,-1,0,-1]",0.23076923076923078,0.7692307692307693,0.0
1432,"[1,1,0,-1]","[0,-1,0,1]",0.14285714285714285,0.14285714285714285,0.7142857142857143
1433,"[1,1,0,-1]","[0,0,-1,-1]",0.0,0.75,0.25
1434,"[1,1,0,-1]","[0,0,-1,1]",0.15384615384615385,0.07692307692307693,0.7692307692307693
1435,"[1,1,0,-1]","[0,1,-1,-1]",0.2,0.8,0.0
1436,"[1,1,0,-1]","[0,1,0,-1]",0.09090909090909091,0.7272727272727273,0.18181818181818182
1437,"[1,1,0,-1]","[0,1,1,-1]",0.2,0.7,0.1
1438,"[1,1,0,-1]","[0,1,1,1]",0.3,0.0,0.7
1439,"[1,1,0,-1]","[1,-1,0,0]",0.3333333333333333,0.0,0.6666666666666666
1440,"[1,1,0,-1]","[1,0,-1,-1]",0.09090909090909091,0.7272727272727273,0.18181818181818182
1441,"[1,1,0,-1]","[1,0,-1,0]",0.3333333333333333,0.08333333333333333,0.5833333333333334
1442,"[1,1,0,-1]","[1,0,-1,1]",0.4,0.06666666666666667,0.5333333333333333
1443,"[1,1,0,-1]","[1,0,0,1]",0.18181818181818182,0.0,0.8181818181818182
1444,"[1,1,0,-1]","[1,1,0,1]",0.07692307692307693,0.07692307692307693,0.8461538461538461
1445,"[1,1,0,0]","[-1,-1,-1,0]",0.6,0.0,0.4
1446,"[1,1,0,0]","[-1,-1,0,-1]",0.3,0.3,0.4
1447,"[1,1,0,0]","[-1,-1,0,1]",0.4,0.1,0.5
1448,"[1,1,0,0]","[-1,-1,1,0]",0.7272727272727273,0.0,0.2727272727272727
1449,"[1,1,0,0]","[-1,0,-1,0]",0.5,0.1,0.4
1450,"[1,1,0,0]","[-1,0,1,-1]",0.7272727272727273,0.0,0.2727272727272727
1451,"[1,1,0,0]","[-1,0,1,0]",0.6363636363636364,0.0,0.36363636363636365
1452,"[1,1,0,0]","[-1,0,1,1]",0.6363636363636364,0.0,0.36363636363636365
1453,"[1,1,0,0]","[-1,1,-1,0]",0.4,0.4,0.2
1454,"[1,1,0,0]","[-1,1,0,-1]",0.3,0.6,0.1
1455,"[1,1,0,0]","[-1,1,0,0]",0.3076923076923077,0.5384615384615384,0.15384615384615385
1456,"[1,1,0,0]","[-1,1,0,1]",0.45454545454545453,0.0,0.5454545454545454
1457,"[1,1,0,0]","[-1,1,1,0]",0.6153846153846154,0.3076923076923077,0.07692307692307693
1458,"[1,1,0,0]","[0,-1,-1,-1]",0.46153846153846156,0.23076923076923078,0.3076923076923077
1459,"[1,1,0,0]","[0,-1,0,1]",0.5384615384615384,0.0,0.46153846153846156
1460,"[1,1,0,0]","[0,-1,1,-1]",0.6,0.1,0.3
1461,"[1,1,0,0]","[0,0,-1,-1]",0.7272727272727273,0.2727272727272727,0.0
1462,"[1,1,0,0]","[0,0,-1,1]",0.6,0.0,0.4
1463,"[1,1,0,0]","[0,0,1,-1]",0.6666666666666666,0.3333333333333333,0.0
1464,"[1,1,0,0]","[0,0,1,1]",0.5,0.1,0.4
1465,"[1,1,0,0]","[0,1,-1,-1]",0.7,0.1,0.2
1466,"[1,1,0,0]","[0,1,0,-1]",0.4666666666666667,0.3333333333333333,0.2
1467,"[1,1,0,0]","[1,-1,0,-1]",0.25,0.3333333333333333,0.4166666666666667
1468,"[1,1,0,0]","[1,-1,0,0]",0.36363636363636365,0.09090909090909091,0.5454545454545454
1469,"[1,1,0,0]","[1,-1,1,0]",0.5,0.0,0.5
1470,"[1,1,0,0]","[1,0,-1,-1]",0.5,0.4166666666666667,0.08333333333333333
1471,"[1,1,0,0]","[1,0,-1,0]",0.45454545454545453,0.0,0.5454545454545454
1472,"[1,1,0,0]","[1,0,-1,1]",0.8,0.0,0.2
1473,"[1,1,0,0]","[1,0,0,-1]",0.6153846153846154,0.23076923076923078,0.15384615384615385
1474,"[1,1,0,0]","[1,0,1,-1]",0.7,0.2,0.1
1475,"[1,1,0,0]","[1,0,1,1]",0.9090909090909091,0.0,0.09090909090909091
1476,"[1,1,0,0]","[1,1,-1,0]",0.4166666666666667,0.3333333333333333,0.25
1477,"[1,1,0,0]","[1,1,0,-1]",0.6363636363636364,0.18181818181818182,0.18181818181818182
1478,"[1,1,0,1]","[-1,-1,0,0]",0.38461538461538464,0.15384615384615385,0.46153846153846156
1479,"[1,1,0,1]","[-1,0,-1,-1]",0.7692307692307693,0.0,0.23076923076923078
1480,"[1,1,0,1]","[-1,0,-1,0]",0.8181818181818182,0.0,0.18181818181818182
1481,"[1,1,0,1]","[-1,0,0,-1]",0.6363636363636364,0.09090909090909091,0.2727272727272727
1482,"[1,1,0,1]","[-1,0,1,0]",0.7,0.1,0.2
1483,"[1,1,0,1]","[-1,1,0,0]",0.4,0.1,0.5
1484,"[1,1,0,1]","[-1,1,0,1]",0.3076923076923077,0.46153846153846156,0.23076923076923078
1485,"[1,1,0,1]","[0,-1,-1,-1]",0.75,0.08333333333333333,0.16666666666666666
1486,"[1,1,0,1]","[0,-1,-1,0]",0.6,0.0,0.4
1487,"[1,1,0,1]","[0,-1,-1,1]",0.75,0.16666666666666666,0.08333333333333333
1488,"[1,1,0,1]","[0,-1,0,-1]",0.8333333333333334,0.08333333333333333,0.08333333333333333
1489,"[1,1,0,1]","[0,-1,1,-1]",0.8,0.0,0.2
1490,"[1,1,0,1]","[0,-1,1,0]",0.4,0.5,0.1
1491,"[1,1,0,1]","[0,-1,1,1]",0.45454545454545453,0.18181818181818182,0.36363636363636365
1492,"[1,1,0,1]","[0,0,-1,-1]",0.7692307692307693,0.07692307692307693,0.15384615384615385
1493,"[1,1,0,1]","[0,0,-1,1]",0.8,0.2,0.0
1494,"[1,1,0,1]","[0,0,1,-1]",0.8,0.1,0.1
1495,"[1,1,0,1]","[0,1,-1,0]",0.7,0.0,0.3
1496,"[1,1,0,1]","[0,1,-1,1]",0.5,0.25,0.25
1497,"[1,1,0,1]","[0,1,0,-1]",0.8181818181818182,0.0,0.18181818181818182
1498,"[1,1,0,1]","[0,1,1,0]",1.0,0.0,0.0
1499,"[1,1,0,1]","[1,-1,0,0]",0.38461538461538464,0.15384615384615385,0.46153846153846156
1500,"[1,1,0,1]","[1,-1,0,1]",0.46153846153846156,0.0,0.5384615384615384
1501,"[1,1,0,1]","[1,-1,1,0]",0.8181818181818182,0.09090909090909091,0.09090909090909091
1502,"[1,1,0,1]","[1,0,-1,0]",0.8,0.0,0.2
1503,"[1,1,0,1]","[1,0,-1,1]",0.8,0.1,0.1
1504,"[1,1,0,1]","[1,0,0,-1]",1.0,0.0,0.0
1505,"[1,1,0,1]","[1,0,1,-1]",0.8181818181818182,0.0,0.18181818181818182
1506,"[1,1,0,1]","[1,0,1,0]",0.6,0.13333333333333333,0.26666666666666666
1507,"[1,1,0,1]","[1,1,0,0]",0.4166666666666667,0.4166666666666667,0.16666666666666666
1508,"[1,1,0,1]","[1,1,1,0]",0.8,0.2,0.0
1509,"[1,1,1,0]","[-1,-1,-1,0]",0.3,0.1,0.6
1510,"[1,1,1,0]","[-1,-1,0,0]",0.15384615384615385,0.15384615384615385,0.6923076923076923
1511,"[1,1,1,0]","[-1,-1,0,1]",0.14285714285714285,0.0,0.8571428571428571
1512,"[1,1,1,0]","[-1,0,-1,-1]",0.4166666666666667,0.16666666666666666,0.4166666666666667
1513,"[1,1,1,0]","[-1,0,-1,0]",0.36363636363636365,0.09090909090909091,0.5454545454545454
1514,"[1,1,1,0]","[-1,0,-1,1]",0.4166666666666667,0.0,0.5833333333333334
1515,"[1,1,1,0]","[-1,0,1,-1]",0.2727272727272727,0.5454545454545454,0.18181818181818182
1516,"[1,1,1,0]","[-1,0,1,0]",0.1,0.4,0.5
1517,"[1,1,1,0]","[-1,0,1,1]",0.18181818181818182,0.18181818181818182,0.6363636363636364
1518,"[1,1,1,0]","[-1,1,0,-1]",0.3076923076923077,0.46153846153846156,0.23076923076923078
1519,"[1,1,1,0]","[-1,1,0,0]",0.09090909090909091,0.36363636363636365,0.5454545454545454
1520,"[1,1,1,0]","[-1,1,0,1]",0.1,0.0,0.9
1521,"[1,1,1,0]","[0,-1,-1,-1]",0.6153846153846154,0.07692307692307693,0.3076923076923077
1522,"[1,1,1,0]","[0,-1,0,1]",0.1,0.0,0.9
1523,"[1,1,1,0]","[0,-1,1,-1]",0.4,0.4,0.2
1524,"[1,1,1,0]","[0,0,-1,-1]",0.7,0.3,0.0
1525,"[1,1,1,0]","[0,0,-1,1]",0.3333333333333333,0.0,0.6666666666666666
1526,"[1,1,1,0]","[0,1,-1,0]",0.6363636363636364,0.2727272727272727,0.09090909090909091
1527,"[1,1,1,0]","[0,1,-1,1]",0.3,0.0,0.7
1528,"[1,1,1,0]","[0,1,0,-1]",0.6,0.26666666666666666,0.13333333333333333
1529,"[1,1,1,0]","[0,1,1,1]",0.36363636363636365,0.5454545454545454,0.09090909090909091
1530,"[1,1,1,0]","[1,-1,-1,0]",0.5,0.0,0.5
1531,"[1,1,1,0]","[1,-1,0,-1]",0.2,0.1,0.7
1532,"[1,1,1,0]","[1,-1,0,1]",0.21428571428571427,0.0,0.7857142857142857
1533,"[1,1,1,0]","[1,0,-1,-1]",0.2,0.5,0.3
1534,"[1,1,1,0]","[1,0,-1,0]",0.4,0.2,0.4
1535,"[1,1,1,0]","[1,0,1,-1]",0.2857142857142857,0.5714285714285714,0.14285714285714285
1536,"[1,1,1,0]","[1,0,1,1]",0.1,0.5,0.4
1537,"[1,1,1,0]","[1,1,-1,0]",0.2,0.4,0.4
1538,"[1,1,1,0]","[1,1,0,-1]",0.2727272727272727,0.7272727272727273,0.0
1539,"[1,1,1,0]","[1,1,0,0]",0.0,0.3,0.7
