,efforts_tuples,selected0,selected1,count,count_normalized,selected_motions,alpha_0_2,alpha_2_0,alpha_0_1,alpha_2_1,alpha_1_0,alpha_1_2,direct_comparison_value
0,"[(-1, -1, -1, 0), (-1, -1, 0, -1)]",1,2,5,0.5,1_2,0.0,0.0,0.0,0.3,0.0,0.2,0.2
1,"[(-1, -1, -1, 0), (-1, -1, 0, 0)]",1,2,10,0.833333333333333,1_2,0.0,0.0,0.0,0.833333333333333,0.0,0.6666666666666661,0.0
2,"[(-1, -1, -1, 0), (-1, -1, 0, 1)]",1,2,6,0.545454545454545,1_2,0.0,0.0,0.0,0.4545454545454541,0.0,0.181818181818181,0.0909090909090909
3,"[(-1, -1, -1, 0), (-1, -1, 1, 0)]",1,2,9,0.818181818181818,1_2,0.0,0.0,0.0,0.7272727272727271,0.0,0.7272727272727271,0.0909090909090909
4,"[(-1, -1, -1, 0), (-1, 0, -1, -1)]",0,2,4,0.4,0_2,0.2,0.0,0.0,0.0,0.0,0.0,0.4
5,"[(-1, -1, -1, 0), (-1, 0, -1, 0)]",1,2,5,0.454545454545455,1_2,0.0,0.0,0.0,0.090909090909091,0.0,0.272727272727273,0.363636363636364
6,"[(-1, -1, -1, 0), (-1, 0, -1, 1)]",0,2,6,0.545454545454545,0_2,0.363636363636363,0.272727272727272,0.0,0.0,0.0,0.0,0.545454545454545
7,"[(-1, -1, -1, 0), (-1, 0, 0, -1)]",0,1,6,0.6,0_1,0.0,0.0,0.5,0.0,0.3,0.0,0.1
8,"[(-1, -1, -1, 0), (-1, 0, 0, 1)]",1,2,11,1.0,1_2,0.0,0.0,0.0,1.0,0.0,1.0,0.0
9,"[(-1, -1, -1, 0), (-1, 0, 1, -1)]",0,1,5,0.454545454545455,0_1,0.0,0.0,0.3636363636363641,0.0,0.0,0.0,0.0909090909090909
10,"[(-1, -1, -1, 0), (-1, 0, 1, 0)]",0,2,5,0.454545454545455,0_2,0.3636363636363641,0.0,0.0,0.0,0.0,0.0,0.454545454545455
11,"[(-1, -1, -1, 0), (-1, 0, 1, 1)]",1,2,7,0.583333333333333,1_2,0.0,0.0,0.0,0.4999999999999997,0.0,0.25000000000000006,0.0833333333333333
12,"[(-1, -1, -1, 0), (-1, 1, -1, 0)]",0,2,8,0.727272727272727,0_2,0.545454545454545,0.636363636363636,0.0,0.0,0.0,0.0,0.727272727272727
13,"[(-1, -1, -1, 0), (-1, 1, 0, -1)]",0,1,4,0.4,0_1,0.0,0.0,0.2,0.0,0.0,0.0,0.2
14,"[(-1, -1, -1, 0), (-1, 1, 0, 0)]",1,2,9,0.692307692307692,1_2,0.0,0.0,0.0,0.538461538461538,0.0,0.538461538461538,0.153846153846154
15,"[(-1, -1, -1, 0), (-1, 1, 0, 1)]",1,2,6,0.545454545454545,1_2,0.0,0.0,0.0,0.545454545454545,0.0,0.09090909090909,0.0
16,"[(-1, -1, -1, 0), (-1, 1, 1, 0)]",0,1,7,0.7,0_1,0.0,0.0,0.7,0.0,0.39999999999999997,0.0,0.0
17,"[(-1, -1, -1, 0), (0, -1, -1, -1)]",0,1,7,0.7,0_1,0.0,0.0,0.39999999999999997,0.0,0.7,0.0,0.3
18,"[(-1, -1, -1, 0), (0, -1, -1, 0)]",0,2,7,0.7,0_2,0.49999999999999994,0.6,0.0,0.0,0.0,0.0,0.7
19,"[(-1, -1, -1, 0), (0, -1, -1, 1)]",0,2,6,0.545454545454545,0_2,0.272727272727272,0.363636363636363,0.0,0.0,0.0,0.0,0.545454545454545
20,"[(-1, -1, -1, 0), (0, -1, 0, -1)]",0,1,4,0.4,0_1,0.0,0.0,0.0,0.0,0.2,0.0,0.4
21,"[(-1, -1, -1, 0), (0, -1, 0, 1)]",1,2,8,0.666666666666667,1_2,0.0,0.0,0.0,0.666666666666667,0.0,0.333333333333334,0.0
22,"[(-1, -1, -1, 0), (0, -1, 1, -1)]",0,1,5,0.454545454545455,0_1,0.0,0.0,0.3636363636363641,0.0,0.0,0.0,0.0909090909090909
23,"[(-1, -1, -1, 0), (0, -1, 1, 0)]",1,2,10,1.0,1_2,0.0,0.0,0.0,1.0,0.0,1.0,0.0
24,"[(-1, -1, -1, 0), (0, -1, 1, 1)]",1,2,7,0.636363636363636,1_2,0.0,0.0,0.0,0.5454545454545451,0.0,0.36363636363636304,0.0909090909090909
25,"[(-1, -1, -1, 0), (0, 0, -1, -1)]",0,1,9,0.818181818181818,0_1,0.0,0.0,0.636363636363636,0.0,0.818181818181818,0.0,0.181818181818182
26,"[(-1, -1, -1, 0), (0, 0, -1, 1)]",0,2,8,0.666666666666667,0_2,0.5,0.5,0.0,0.0,0.0,0.0,0.666666666666667
27,"[(-1, -1, -1, 0), (0, 0, 1, -1)]",0,1,6,0.6,0_1,0.0,0.0,0.5,0.0,0.3,0.0,0.1
28,"[(-1, -1, -1, 0), (0, 0, 1, 1)]",1,2,6,0.545454545454545,1_2,0.0,0.0,0.0,0.4545454545454541,0.0,0.181818181818181,0.0909090909090909
29,"[(-1, -1, -1, 0), (0, 1, -1, -1)]",0,2,7,0.583333333333333,0_2,0.25000000000000006,0.4999999999999997,0.0,0.0,0.0,0.0,0.583333333333333
30,"[(-1, -1, -1, 0), (0, 1, -1, 0)]",0,2,6,0.6,0_2,0.39999999999999997,0.39999999999999997,0.0,0.0,0.0,0.0,0.6
31,"[(-1, -1, -1, 0), (0, 1, -1, 1)]",0,2,6,0.545454545454545,0_2,0.272727272727272,0.363636363636363,0.0,0.0,0.0,0.0,0.545454545454545
32,"[(-1, -1, -1, 0), (0, 1, 0, -1)]",0,1,7,0.583333333333333,0_1,0.0,0.0,0.4999999999999997,0.0,0.25000000000000006,0.0,0.0833333333333333
33,"[(-1, -1, -1, 0), (0, 1, 0, 1)]",1,2,6,0.6,1_2,0.0,0.0,0.0,0.5,0.0,0.3,0.1
34,"[(-1, -1, -1, 0), (0, 1, 1, -1)]",0,1,6,0.545454545454545,0_1,0.0,0.0,0.545454545454545,0.0,0.09090909090909,0.0,0.0
35,"[(-1, -1, -1, 0), (0, 1, 1, 0)]",1,2,7,0.636363636363636,1_2,0.0,0.0,0.0,0.5454545454545451,0.0,0.36363636363636304,0.0909090909090909
36,"[(-1, -1, -1, 0), (0, 1, 1, 1)]",1,2,10,0.909090909090909,1_2,0.0,0.0,0.0,0.909090909090909,0.0,0.818181818181818,0.0
37,"[(-1, -1, -1, 0), (1, -1, -1, 0)]",0,2,6,0.461538461538462,0_2,0.38461538461538514,0.0,0.0,0.0,0.0,0.0,0.461538461538462
38,"[(-1, -1, -1, 0), (1, -1, 0, -1)]",0,1,4,0.4,0_1,0.0,0.0,0.2,0.0,0.0,0.0,0.2
39,"[(-1, -1, -1, 0), (1, -1, 0, 0)]",1,2,9,0.9,1_2,0.0,0.0,0.0,0.9,0.0,0.8,0.0
40,"[(-1, -1, -1, 0), (1, -1, 0, 1)]",1,2,7,0.7,1_2,0.0,0.0,0.0,0.6,0.0,0.49999999999999994,0.1
41,"[(-1, -1, -1, 0), (1, -1, 1, 0)]",1,2,7,0.7,1_2,0.0,0.0,0.0,0.7,0.0,0.39999999999999997,0.0
42,"[(-1, -1, -1, 0), (1, 0, -1, -1)]",0,1,5,0.454545454545455,0_1,0.0,0.0,0.0,0.0,0.3636363636363641,0.0,0.454545454545455
43,"[(-1, -1, -1, 0), (1, 0, -1, 0)]",0,2,6,0.5,0_2,0.5,0.0,0.0,0.0,0.0,0.0,0.5
44,"[(-1, -1, -1, 0), (1, 0, -1, 1)]",0,2,7,0.583333333333333,0_2,0.25000000000000006,0.4999999999999997,0.0,0.0,0.0,0.0,0.583333333333333
45,"[(-1, -1, -1, 0), (1, 0, 0, -1)]",0,1,7,0.583333333333333,0_1,0.0,0.0,0.583333333333333,0.0,0.16666666666666602,0.0,0.0
46,"[(-1, -1, -1, 0), (1, 0, 0, 1)]",1,2,9,0.818181818181818,1_2,0.0,0.0,0.0,0.818181818181818,0.0,0.636363636363636,0.0
47,"[(-1, -1, -1, 0), (1, 0, 1, -1)]",0,1,6,0.545454545454545,0_1,0.0,0.0,0.4545454545454541,0.0,0.181818181818181,0.0,0.0909090909090909
48,"[(-1, -1, -1, 0), (1, 0, 1, 0)]",1,2,6,0.6,1_2,0.0,0.0,0.0,0.6,0.0,0.19999999999999996,0.0
49,"[(-1, -1, -1, 0), (1, 0, 1, 1)]",1,2,7,0.636363636363636,1_2,0.0,0.0,0.0,0.5454545454545451,0.0,0.36363636363636304,0.0909090909090909
50,"[(-1, -1, -1, 0), (1, 1, -1, 0)]",1,2,5,0.416666666666667,1_2,0.0,0.0,0.0,0.08333333333333404,0.0,0.16666666666666702,0.333333333333333
51,"[(-1, -1, -1, 0), (1, 1, 0, -1)]",0,1,7,0.636363636363636,0_1,0.0,0.0,0.5454545454545451,0.0,0.36363636363636304,0.0,0.0909090909090909
52,"[(-1, -1, -1, 0), (1, 1, 0, 0)]",1,2,8,0.727272727272727,1_2,0.0,0.0,0.0,0.727272727272727,0.0,0.454545454545454,0.0
53,"[(-1, -1, -1, 0), (1, 1, 0, 1)]",1,2,9,0.75,1_2,0.0,0.0,0.0,0.75,0.0,0.5,0.0
54,"[(-1, -1, -1, 0), (1, 1, 1, 0)]",1,2,10,0.909090909090909,1_2,0.0,0.0,0.0,0.909090909090909,0.0,0.818181818181818,0.0
55,"[(-1, -1, 0, -1), (-1, -1, 0, 0)]",1,2,10,0.909090909090909,1_2,0.0,0.0,0.0,0.909090909090909,0.0,0.818181818181818,0.0
56,"[(-1, -1, 0, -1), (-1, -1, 0, 1)]",1,2,9,0.75,1_2,0.0,0.0,0.0,0.583333333333333,0.0,0.6666666666666667,0.166666666666667
57,"[(-1, -1, 0, -1), (-1, -1, 1, 0)]",1,2,9,0.818181818181818,1_2,0.0,0.0,0.0,0.818181818181818,0.0,0.636363636363636,0.0
58,"[(-1, -1, 0, -1), (-1, 0, -1, -1)]",0,2,6,0.545454545454545,0_2,0.272727272727272,0.363636363636363,0.0,0.0,0.0,0.0,0.545454545454545
59,"[(-1, -1, 0, -1), (-1, 0, -1, 0)]",1,2,9,0.818181818181818,1_2,0.0,0.0,0.0,0.818181818181818,0.0,0.636363636363636,0.0
60,"[(-1, -1, 0, -1), (-1, 0, -1, 1)]",1,2,8,0.727272727272727,1_2,0.0,0.0,0.0,0.727272727272727,0.0,0.454545454545454,0.0
61,"[(-1, -1, 0, -1), (-1, 0, 0, -1)]",0,2,7,0.636363636363636,0_2,0.45454545454545403,0.45454545454545403,0.0,0.0,0.0,0.0,0.636363636363636
62,"[(-1, -1, 0, -1), (-1, 0, 0, 1)]",1,2,9,0.9,1_2,0.0,0.0,0.0,0.8,0.0,0.9,0.1
63,"[(-1, -1, 0, -1), (-1, 0, 1, -1)]",0,2,9,0.818181818181818,0_2,0.636363636363636,0.818181818181818,0.0,0.0,0.0,0.0,0.818181818181818
64,"[(-1, -1, 0, -1), (-1, 0, 1, 0)]",1,2,8,0.727272727272727,1_2,0.0,0.0,0.0,0.636363636363636,0.0,0.545454545454545,0.0909090909090909
65,"[(-1, -1, 0, -1), (-1, 0, 1, 1)]",1,2,6,0.6,1_2,0.0,0.0,0.0,0.5,0.0,0.3,0.1
66,"[(-1, -1, 0, -1), (-1, 1, -1, 0)]",0,1,6,0.545454545454545,0_1,0.0,0.0,0.4545454545454541,0.0,0.181818181818181,0.0,0.0909090909090909
67,"[(-1, -1, 0, -1), (-1, 1, 0, -1)]",0,2,8,0.727272727272727,0_2,0.636363636363636,0.545454545454545,0.0,0.0,0.0,0.0,0.727272727272727
68,"[(-1, -1, 0, -1), (-1, 1, 0, 0)]",1,2,6,0.6,1_2,0.0,0.0,0.0,0.3,0.0,0.5,0.3
69,"[(-1, -1, 0, -1), (-1, 1, 0, 1)]",1,2,8,0.8,1_2,0.0,0.0,0.0,0.8,0.0,0.6000000000000001,0.0
70,"[(-1, -1, 0, -1), (-1, 1, 1, 0)]",0,1,5,0.5,0_1,0.0,0.0,0.2,0.0,0.3,0.0,0.3
71,"[(-1, -1, 0, -1), (0, -1, -1, -1)]",0,1,7,0.583333333333333,0_1,0.0,0.0,0.16666666666666602,0.0,0.583333333333333,0.0,0.416666666666667
72,"[(-1, -1, 0, -1), (0, -1, -1, 0)]",0,1,8,0.615384615384615,0_1,0.0,0.0,0.461538461538461,0.0,0.38461538461538397,0.0,0.153846153846154
73,"[(-1, -1, 0, -1), (0, -1, -1, 1)]",1,2,6,0.545454545454545,1_2,0.0,0.0,0.0,0.545454545454545,0.0,0.09090909090909,0.0
74,"[(-1, -1, 0, -1), (0, -1, 0, -1)]",0,2,6,0.5,0_2,0.16666666666666702,0.33333333333333304,0.0,0.0,0.0,0.0,0.5
75,"[(-1, -1, 0, -1), (0, -1, 0, 1)]",1,2,12,0.923076923076923,1_2,0.0,0.0,0.0,0.923076923076923,0.0,0.8461538461538461,0.0
76,"[(-1, -1, 0, -1), (0, -1, 1, -1)]",0,2,7,0.538461538461538,0_2,0.07692307692307598,0.538461538461538,0.0,0.0,0.0,0.0,0.538461538461538
77,"[(-1, -1, 0, -1), (0, -1, 1, 0)]",1,2,7,0.7,1_2,0.0,0.0,0.0,0.39999999999999997,0.0,0.7,0.3
78,"[(-1, -1, 0, -1), (0, -1, 1, 1)]",1,2,6,0.6,1_2,0.0,0.0,0.0,0.39999999999999997,0.0,0.39999999999999997,0.2
79,"[(-1, -1, 0, -1), (0, 0, -1, -1)]",0,1,6,0.545454545454545,0_1,0.0,0.0,0.181818181818181,0.0,0.4545454545454541,0.0,0.363636363636364
80,"[(-1, -1, 0, -1), (0, 0, -1, 1)]",0,1,7,0.636363636363636,0_1,0.0,0.0,0.636363636363636,0.0,0.27272727272727204,0.0,0.0
81,"[(-1, -1, 0, -1), (0, 0, 1, -1)]",0,1,5,0.454545454545455,0_1,0.0,0.0,0.090909090909091,0.0,0.272727272727273,0.0,0.363636363636364
82,"[(-1, -1, 0, -1), (0, 0, 1, 1)]",0,1,5,0.5,0_1,0.0,0.0,0.4,0.0,0.09999999999999998,0.0,0.1
83,"[(-1, -1, 0, -1), (0, 1, -1, -1)]",0,2,8,0.571428571428571,0_2,0.21428571428571397,0.49999999999999956,0.0,0.0,0.0,0.0,0.571428571428571
84,"[(-1, -1, 0, -1), (0, 1, -1, 0)]",1,2,5,0.5,1_2,0.0,0.0,0.0,0.4,0.0,0.09999999999999998,0.1
85,"[(-1, -1, 0, -1), (0, 1, -1, 1)]",0,1,7,0.583333333333333,0_1,0.0,0.0,0.4999999999999997,0.0,0.25000000000000006,0.0,0.0833333333333333
86,"[(-1, -1, 0, -1), (0, 1, 0, -1)]",1,2,5,0.454545454545455,1_2,0.0,0.0,0.0,0.090909090909091,0.0,0.272727272727273,0.363636363636364
87,"[(-1, -1, 0, -1), (0, 1, 0, 1)]",1,2,11,0.846153846153846,1_2,0.0,0.0,0.0,0.846153846153846,0.0,0.6923076923076921,0.0
88,"[(-1, -1, 0, -1), (0, 1, 1, -1)]",0,1,7,0.583333333333333,0_1,0.0,0.0,0.25000000000000006,0.0,0.4999999999999997,0.0,0.333333333333333
89,"[(-1, -1, 0, -1), (0, 1, 1, 0)]",1,2,5,0.454545454545455,1_2,0.0,0.0,0.0,0.090909090909091,0.0,0.272727272727273,0.363636363636364
90,"[(-1, -1, 0, -1), (0, 1, 1, 1)]",1,2,5,0.5,1_2,0.0,0.0,0.0,0.4,0.0,0.09999999999999998,0.1
91,"[(-1, -1, 0, -1), (1, -1, -1, 0)]",1,2,8,0.727272727272727,1_2,0.0,0.0,0.0,0.636363636363636,0.0,0.545454545454545,0.0909090909090909
92,"[(-1, -1, 0, -1), (1, -1, 0, -1)]",0,2,7,0.636363636363636,0_2,0.5454545454545451,0.36363636363636304,0.0,0.0,0.0,0.0,0.636363636363636
93,"[(-1, -1, 0, -1), (1, -1, 0, 0)]",1,2,10,1.0,1_2,0.0,0.0,0.0,1.0,0.0,1.0,0.0
94,"[(-1, -1, 0, -1), (1, -1, 0, 1)]",1,2,11,1.0,1_2,0.0,0.0,0.0,1.0,0.0,1.0,0.0
95,"[(-1, -1, 0, -1), (1, -1, 1, 0)]",0,1,5,0.454545454545455,0_1,0.0,0.0,0.3636363636363641,0.0,0.0,0.0,0.0909090909090909
96,"[(-1, -1, 0, -1), (1, 0, -1, -1)]",0,2,6,0.6,0_2,0.19999999999999996,0.6,0.0,0.0,0.0,0.0,0.6
97,"[(-1, -1, 0, -1), (1, 0, -1, 0)]",0,1,5,0.5,0_1,0.0,0.0,0.5,0.0,0.0,0.0,0.0
98,"[(-1, -1, 0, -1), (1, 0, -1, 1)]",1,2,7,0.636363636363636,1_2,0.0,0.0,0.0,0.5454545454545451,0.0,0.36363636363636304,0.0909090909090909
99,"[(-1, -1, 0, -1), (1, 0, 0, -1)]",0,2,8,0.666666666666667,0_2,0.41666666666666696,0.5833333333333337,0.0,0.0,0.0,0.0,0.666666666666667
100,"[(-1, -1, 0, -1), (1, 0, 0, 1)]",1,2,9,0.818181818181818,1_2,0.0,0.0,0.0,0.818181818181818,0.0,0.636363636363636,0.0
101,"[(-1, -1, 0, -1), (1, 0, 1, -1)]",0,2,7,0.583333333333333,0_2,0.4166666666666661,0.33333333333333304,0.0,0.0,0.0,0.0,0.583333333333333
102,"[(-1, -1, 0, -1), (1, 0, 1, 0)]",0,2,5,0.5,0_2,0.4,0.09999999999999998,0.0,0.0,0.0,0.0,0.5
103,"[(-1, -1, 0, -1), (1, 0, 1, 1)]",0,1,5,0.454545454545455,0_1,0.0,0.0,0.3636363636363641,0.0,0.0,0.0,0.0909090909090909
104,"[(-1, -1, 0, -1), (1, 1, -1, 0)]",1,2,8,0.727272727272727,1_2,0.0,0.0,0.0,0.727272727272727,0.0,0.454545454545454,0.0
105,"[(-1, -1, 0, -1), (1, 1, 0, -1)]",0,2,5,0.5,0_2,0.3,0.2,0.0,0.0,0.0,0.0,0.5
106,"[(-1, -1, 0, -1), (1, 1, 0, 0)]",1,2,9,0.9,1_2,0.0,0.0,0.0,0.9,0.0,0.8,0.0
107,"[(-1, -1, 0, -1), (1, 1, 0, 1)]",1,2,5,0.454545454545455,1_2,0.0,0.0,0.0,0.272727272727273,0.0,0.090909090909091,0.181818181818182
108,"[(-1, -1, 0, -1), (1, 1, 1, 0)]",1,2,6,0.545454545454545,1_2,0.0,0.0,0.0,0.181818181818181,0.0,0.4545454545454541,0.363636363636364
109,"[(-1, -1, 0, 0), (-1, -1, 0, 1)]",0,1,6,0.6,0_1,0.0,0.0,0.5,0.0,0.3,0.0,0.1
110,"[(-1, -1, 0, 0), (-1, -1, 1, 0)]",0,1,10,0.833333333333333,0_1,0.0,0.0,0.7499999999999998,0.0,0.7499999999999998,0.0,0.0833333333333333
111,"[(-1, -1, 0, 0), (-1, 0, -1, -1)]",0,1,13,0.928571428571429,0_1,0.0,0.0,0.928571428571429,0.0,0.8571428571428577,0.0,0.0
112,"[(-1, -1, 0, 0), (-1, 0, -1, 0)]",0,1,9,0.9,0_1,0.0,0.0,0.8,0.0,0.9,0.0,0.1
113,"[(-1, -1, 0, 0), (-1, 0, -1, 1)]",0,1,5,0.5,0_1,0.0,0.0,0.5,0.0,0.0,0.0,0.0
114,"[(-1, -1, 0, 0), (-1, 0, 0, -1)]",0,1,6,0.545454545454545,0_1,0.0,0.0,0.4545454545454541,0.0,0.181818181818181,0.0,0.0909090909090909
115,"[(-1, -1, 0, 0), (-1, 0, 0, 1)]",0,1,5,0.5,0_1,0.0,0.0,0.4,0.0,0.09999999999999998,0.0,0.1
116,"[(-1, -1, 0, 0), (-1, 0, 1, -1)]",0,1,9,0.818181818181818,0_1,0.0,0.0,0.818181818181818,0.0,0.636363636363636,0.0,0.0
117,"[(-1, -1, 0, 0), (-1, 0, 1, 0)]",0,1,8,0.727272727272727,0_1,0.0,0.0,0.545454545454545,0.0,0.636363636363636,0.0,0.181818181818182
118,"[(-1, -1, 0, 0), (-1, 0, 1, 1)]",0,1,11,1.0,0_1,0.0,0.0,1.0,0.0,1.0,0.0,0.0
119,"[(-1, -1, 0, 0), (-1, 1, -1, 0)]",0,1,9,0.818181818181818,0_1,0.0,0.0,0.7272727272727271,0.0,0.7272727272727271,0.0,0.0909090909090909
120,"[(-1, -1, 0, 0), (-1, 1, 0, -1)]",0,1,11,0.785714285714286,0_1,0.0,0.0,0.642857142857143,0.0,0.7142857142857146,0.0,0.142857142857143
121,"[(-1, -1, 0, 0), (-1, 1, 0, 0)]",0,1,8,0.727272727272727,0_1,0.0,0.0,0.545454545454545,0.0,0.636363636363636,0.0,0.181818181818182
122,"[(-1, -1, 0, 0), (-1, 1, 0, 1)]",0,1,6,0.5,0_1,0.0,0.0,0.5,0.0,0.0,0.0,0.0
123,"[(-1, -1, 0, 0), (-1, 1, 1, 0)]",0,1,9,0.75,0_1,0.0,0.0,0.6666666666666667,0.0,0.583333333333333,0.0,0.0833333333333333
124,"[(-1, -1, 0, 0), (0, -1, -1, -1)]",0,1,10,0.833333333333333,0_1,0.0,0.0,0.7499999999999998,0.0,0.7499999999999998,0.0,0.0833333333333333
125,"[(-1, -1, 0, 0), (0, -1, -1, 0)]",0,1,9,0.75,0_1,0.0,0.0,0.75,0.0,0.5,0.0,0.0
126,"[(-1, -1, 0, 0), (0, -1, -1, 1)]",0,1,6,0.545454545454545,0_1,0.0,0.0,0.4545454545454541,0.0,0.181818181818181,0.0,0.0909090909090909
127,"[(-1, -1, 0, 0), (0, -1, 0, -1)]",0,1,9,0.818181818181818,0_1,0.0,0.0,0.7272727272727271,0.0,0.7272727272727271,0.0,0.0909090909090909
128,"[(-1, -1, 0, 0), (0, -1, 0, 1)]",0,1,5,0.5,0_1,0.0,0.0,0.5,0.0,0.0,0.0,0.0
129,"[(-1, -1, 0, 0), (0, -1, 1, -1)]",0,1,10,0.909090909090909,0_1,0.0,0.0,0.909090909090909,0.0,0.818181818181818,0.0,0.0
130,"[(-1, -1, 0, 0), (0, -1, 1, 0)]",0,1,7,0.636363636363636,0_1,0.0,0.0,0.636363636363636,0.0,0.27272727272727204,0.0,0.0
131,"[(-1, -1, 0, 0), (0, -1, 1, 1)]",0,1,8,0.8,0_1,0.0,0.0,0.8,0.0,0.6000000000000001,0.0,0.0
132,"[(-1, -1, 0, 0), (0, 0, -1, -1)]",0,1,6,0.6,0_1,0.0,0.0,0.5,0.0,0.3,0.0,0.1
133,"[(-1, -1, 0, 0), (0, 0, -1, 1)]",0,1,7,0.636363636363636,0_1,0.0,0.0,0.5454545454545451,0.0,0.36363636363636304,0.0,0.0909090909090909
134,"[(-1, -1, 0, 0), (0, 0, 1, -1)]",0,1,9,0.9,0_1,0.0,0.0,0.9,0.0,0.8,0.0,0.0
135,"[(-1, -1, 0, 0), (0, 0, 1, 1)]",0,1,9,0.75,0_1,0.0,0.0,0.6666666666666667,0.0,0.583333333333333,0.0,0.0833333333333333
136,"[(-1, -1, 0, 0), (0, 1, -1, -1)]",0,1,7,0.7,0_1,0.0,0.0,0.7,0.0,0.39999999999999997,0.0,0.0
137,"[(-1, -1, 0, 0), (0, 1, -1, 0)]",0,1,8,0.8,0_1,0.0,0.0,0.8,0.0,0.6000000000000001,0.0,0.0
138,"[(-1, -1, 0, 0), (0, 1, -1, 1)]",0,1,9,0.818181818181818,0_1,0.0,0.0,0.818181818181818,0.0,0.636363636363636,0.0,0.0
139,"[(-1, -1, 0, 0), (0, 1, 0, -1)]",0,1,9,0.818181818181818,0_1,0.0,0.0,0.818181818181818,0.0,0.636363636363636,0.0,0.0
140,"[(-1, -1, 0, 0), (0, 1, 0, 1)]",0,1,4,0.4,0_1,0.0,0.0,0.2,0.0,0.0,0.0,0.2
141,"[(-1, -1, 0, 0), (0, 1, 1, -1)]",0,1,9,0.9,0_1,0.0,0.0,0.8,0.0,0.9,0.0,0.1
142,"[(-1, -1, 0, 0), (0, 1, 1, 0)]",0,1,8,0.727272727272727,0_1,0.0,0.0,0.727272727272727,0.0,0.454545454545454,0.0,0.0
143,"[(-1, -1, 0, 0), (0, 1, 1, 1)]",0,1,8,0.727272727272727,0_1,0.0,0.0,0.727272727272727,0.0,0.454545454545454,0.0,0.0
144,"[(-1, -1, 0, 0), (1, -1, -1, 0)]",0,1,7,0.636363636363636,0_1,0.0,0.0,0.636363636363636,0.0,0.27272727272727204,0.0,0.0
145,"[(-1, -1, 0, 0), (1, -1, 0, -1)]",0,1,8,0.727272727272727,0_1,0.0,0.0,0.727272727272727,0.0,0.454545454545454,0.0,0.0
146,"[(-1, -1, 0, 0), (1, -1, 0, 0)]",1,2,6,0.6,1_2,0.0,0.0,0.0,0.39999999999999997,0.0,0.39999999999999997,0.2
147,"[(-1, -1, 0, 0), (1, -1, 0, 1)]",0,1,6,0.545454545454545,0_1,0.0,0.0,0.4545454545454541,0.0,0.181818181818181,0.0,0.0909090909090909
148,"[(-1, -1, 0, 0), (1, -1, 1, 0)]",0,1,10,0.833333333333333,0_1,0.0,0.0,0.833333333333333,0.0,0.6666666666666661,0.0,0.0
149,"[(-1, -1, 0, 0), (1, 0, -1, -1)]",0,1,11,0.916666666666667,0_1,0.0,0.0,0.916666666666667,0.0,0.8333333333333337,0.0,0.0
150,"[(-1, -1, 0, 0), (1, 0, -1, 0)]",0,1,9,0.818181818181818,0_1,0.0,0.0,0.818181818181818,0.0,0.636363636363636,0.0,0.0
151,"[(-1, -1, 0, 0), (1, 0, -1, 1)]",0,1,11,0.916666666666667,0_1,0.0,0.0,0.916666666666667,0.0,0.8333333333333337,0.0,0.0
152,"[(-1, -1, 0, 0), (1, 0, 0, -1)]",0,1,10,1.0,0_1,0.0,0.0,1.0,0.0,1.0,0.0,0.0
153,"[(-1, -1, 0, 0), (1, 0, 0, 1)]",0,1,6,0.545454545454545,0_1,0.0,0.0,0.545454545454545,0.0,0.09090909090909,0.0,0.0
154,"[(-1, -1, 0, 0), (1, 0, 1, -1)]",0,1,11,1.0,0_1,0.0,0.0,1.0,0.0,1.0,0.0,0.0
155,"[(-1, -1, 0, 0), (1, 0, 1, 0)]",0,1,10,1.0,0_1,0.0,0.0,1.0,0.0,1.0,0.0,0.0
156,"[(-1, -1, 0, 0), (1, 0, 1, 1)]",0,1,10,0.833333333333333,0_1,0.0,0.0,0.7499999999999998,0.0,0.7499999999999998,0.0,0.0833333333333333
157,"[(-1, -1, 0, 0), (1, 1, -1, 0)]",0,1,7,0.636363636363636,0_1,0.0,0.0,0.636363636363636,0.0,0.27272727272727204,0.0,0.0
158,"[(-1, -1, 0, 0), (1, 1, 0, -1)]",0,1,12,0.857142857142857,0_1,0.0,0.0,0.7857142857142856,0.0,0.7857142857142856,0.0,0.0714285714285714
159,"[(-1, -1, 0, 0), (1, 1, 0, 0)]",1,2,6,0.545454545454545,1_2,0.0,0.0,0.0,0.4545454545454541,0.0,0.181818181818181,0.0909090909090909
160,"[(-1, -1, 0, 0), (1, 1, 0, 1)]",0,1,5,0.5,0_1,0.0,0.0,0.5,0.0,0.0,0.0,0.0
161,"[(-1, -1, 0, 0), (1, 1, 1, 0)]",0,1,10,0.909090909090909,0_1,0.0,0.0,0.909090909090909,0.0,0.818181818181818,0.0,0.0
162,"[(-1, -1, 0, 1), (-1, -1, 1, 0)]",0,1,11,0.785714285714286,0_1,0.0,0.0,0.7142857142857146,0.0,0.642857142857143,0.0,0.0714285714285714
163,"[(-1, -1, 0, 1), (-1, 0, -1, -1)]",0,1,11,0.916666666666667,0_1,0.0,0.0,0.916666666666667,0.0,0.8333333333333337,0.0,0.0
164,"[(-1, -1, 0, 1), (-1, 0, -1, 0)]",0,1,10,0.909090909090909,0_1,0.0,0.0,0.909090909090909,0.0,0.818181818181818,0.0,0.0
165,"[(-1, -1, 0, 1), (-1, 0, -1, 1)]",0,1,7,0.7,0_1,0.0,0.0,0.39999999999999997,0.0,0.7,0.0,0.3
166,"[(-1, -1, 0, 1), (-1, 0, 0, -1)]",0,1,8,0.727272727272727,0_1,0.0,0.0,0.727272727272727,0.0,0.454545454545454,0.0,0.0
167,"[(-1, -1, 0, 1), (-1, 0, 0, 1)]",1,2,7,0.538461538461538,1_2,0.0,0.0,0.0,0.4615384615384611,0.0,0.15384615384615297,0.0769230769230769
168,"[(-1, -1, 0, 1), (-1, 0, 1, -1)]",0,1,9,0.75,0_1,0.0,0.0,0.75,0.0,0.5,0.0,0.0
169,"[(-1, -1, 0, 1), (-1, 0, 1, 0)]",0,1,7,0.636363636363636,0_1,0.0,0.0,0.5454545454545451,0.0,0.36363636363636304,0.0,0.0909090909090909
170,"[(-1, -1, 0, 1), (-1, 0, 1, 1)]",0,1,8,0.8,0_1,0.0,0.0,0.8,0.0,0.6000000000000001,0.0,0.0
171,"[(-1, -1, 0, 1), (-1, 1, -1, 0)]",0,1,11,0.916666666666667,0_1,0.0,0.0,0.916666666666667,0.0,0.8333333333333337,0.0,0.0
172,"[(-1, -1, 0, 1), (-1, 1, 0, -1)]",0,1,10,0.909090909090909,0_1,0.0,0.0,0.909090909090909,0.0,0.818181818181818,0.0,0.0
173,"[(-1, -1, 0, 1), (-1, 1, 0, 0)]",0,1,8,0.666666666666667,0_1,0.0,0.0,0.5833333333333337,0.0,0.41666666666666696,0.0,0.0833333333333333
174,"[(-1, -1, 0, 1), (-1, 1, 0, 1)]",0,1,6,0.6,0_1,0.0,0.0,0.6,0.0,0.19999999999999996,0.0,0.0
175,"[(-1, -1, 0, 1), (-1, 1, 1, 0)]",0,1,9,0.75,0_1,0.0,0.0,0.75,0.0,0.5,0.0,0.0
176,"[(-1, -1, 0, 1), (0, -1, -1, -1)]",0,1,11,1.0,0_1,0.0,0.0,1.0,0.0,1.0,0.0,0.0
177,"[(-1, -1, 0, 1), (0, -1, -1, 0)]",0,1,9,0.75,0_1,0.0,0.0,0.75,0.0,0.5,0.0,0.0
178,"[(-1, -1, 0, 1), (0, -1, -1, 1)]",0,1,9,0.818181818181818,0_1,0.0,0.0,0.7272727272727271,0.0,0.7272727272727271,0.0,0.0909090909090909
179,"[(-1, -1, 0, 1), (0, -1, 0, -1)]",0,1,9,0.9,0_1,0.0,0.0,0.9,0.0,0.8,0.0,0.0
180,"[(-1, -1, 0, 1), (0, -1, 0, 1)]",0,1,6,0.545454545454545,0_1,0.0,0.0,0.4545454545454541,0.0,0.181818181818181,0.0,0.0909090909090909
181,"[(-1, -1, 0, 1), (0, -1, 1, -1)]",0,1,10,0.833333333333333,0_1,0.0,0.0,0.833333333333333,0.0,0.6666666666666661,0.0,0.0
182,"[(-1, -1, 0, 1), (0, -1, 1, 0)]",0,1,8,0.727272727272727,0_1,0.0,0.0,0.727272727272727,0.0,0.454545454545454,0.0,0.0
183,"[(-1, -1, 0, 1), (0, -1, 1, 1)]",0,1,6,0.6,0_1,0.0,0.0,0.6,0.0,0.19999999999999996,0.0,0.0
184,"[(-1, -1, 0, 1), (0, 0, -1, -1)]",0,1,9,0.9,0_1,0.0,0.0,0.9,0.0,0.8,0.0,0.0
185,"[(-1, -1, 0, 1), (0, 0, -1, 1)]",0,1,7,0.636363636363636,0_1,0.0,0.0,0.636363636363636,0.0,0.27272727272727204,0.0,0.0
186,"[(-1, -1, 0, 1), (0, 0, 1, -1)]",0,1,11,0.916666666666667,0_1,0.0,0.0,0.916666666666667,0.0,0.8333333333333337,0.0,0.0
187,"[(-1, -1, 0, 1), (0, 0, 1, 1)]",0,1,8,0.666666666666667,0_1,0.0,0.0,0.666666666666667,0.0,0.333333333333334,0.0,0.0
188,"[(-1, -1, 0, 1), (0, 1, -1, -1)]",0,1,12,1.0,0_1,0.0,0.0,1.0,0.0,1.0,0.0,0.0
189,"[(-1, -1, 0, 1), (0, 1, -1, 0)]",0,1,8,0.666666666666667,0_1,0.0,0.0,0.5833333333333337,0.0,0.41666666666666696,0.0,0.0833333333333333
190,"[(-1, -1, 0, 1), (0, 1, -1, 1)]",0,1,8,0.8,0_1,0.0,0.0,0.7000000000000001,0.0,0.7000000000000001,0.0,0.1
191,"[(-1, -1, 0, 1), (0, 1, 0, -1)]",0,1,9,0.692307692307692,0_1,0.0,0.0,0.538461538461538,0.0,0.538461538461538,0.0,0.153846153846154
192,"[(-1, -1, 0, 1), (0, 1, 0, 1)]",1,2,7,0.583333333333333,1_2,0.0,0.0,0.0,0.583333333333333,0.0,0.16666666666666602,0.0
193,"[(-1, -1, 0, 1), (0, 1, 1, -1)]",0,1,9,0.9,0_1,0.0,0.0,0.9,0.0,0.8,0.0,0.0
194,"[(-1, -1, 0, 1), (0, 1, 1, 0)]",0,1,7,0.636363636363636,0_1,0.0,0.0,0.636363636363636,0.0,0.27272727272727204,0.0,0.0
195,"[(-1, -1, 0, 1), (0, 1, 1, 1)]",0,1,6,0.6,0_1,0.0,0.0,0.3,0.0,0.5,0.0,0.3
196,"[(-1, -1, 0, 1), (1, -1, -1, 0)]",0,1,8,0.8,0_1,0.0,0.0,0.7000000000000001,0.0,0.7000000000000001,0.0,0.1
197,"[(-1, -1, 0, 1), (1, -1, 0, -1)]",0,1,8,0.8,0_1,0.0,0.0,0.8,0.0,0.6000000000000001,0.0,0.0
198,"[(-1, -1, 0, 1), (1, -1, 0, 0)]",0,1,6,0.6,0_1,0.0,0.0,0.6,0.0,0.19999999999999996,0.0,0.0
199,"[(-1, -1, 0, 1), (1, -1, 0, 1)]",1,2,8,0.666666666666667,1_2,0.0,0.0,0.0,0.5,0.0,0.5,0.166666666666667
200,"[(-1, -1, 0, 1), (1, -1, 1, 0)]",0,1,8,0.8,0_1,0.0,0.0,0.8,0.0,0.6000000000000001,0.0,0.0
201,"[(-1, -1, 0, 1), (1, 0, -1, -1)]",0,1,10,1.0,0_1,0.0,0.0,1.0,0.0,1.0,0.0,0.0
202,"[(-1, -1, 0, 1), (1, 0, -1, 0)]",0,1,8,0.727272727272727,0_1,0.0,0.0,0.727272727272727,0.0,0.454545454545454,0.0,0.0
203,"[(-1, -1, 0, 1), (1, 0, -1, 1)]",0,1,6,0.5,0_1,0.0,0.0,0.33333333333333304,0.0,0.16666666666666702,0.0,0.166666666666667
204,"[(-1, -1, 0, 1), (1, 0, 0, -1)]",0,1,8,0.8,0_1,0.0,0.0,0.6000000000000001,0.0,0.8,0.0,0.2
205,"[(-1, -1, 0, 1), (1, 0, 0, 1)]",0,1,7,0.583333333333333,0_1,0.0,0.0,0.4166666666666661,0.0,0.33333333333333304,0.0,0.166666666666667
206,"[(-1, -1, 0, 1), (1, 0, 1, -1)]",0,1,8,0.8,0_1,0.0,0.0,0.8,0.0,0.6000000000000001,0.0,0.0
207,"[(-1, -1, 0, 1), (1, 0, 1, 0)]",1,2,6,0.545454545454545,1_2,0.0,0.0,0.0,0.545454545454545,0.0,0.09090909090909,0.0
208,"[(-1, -1, 0, 1), (1, 0, 1, 1)]",1,2,5,0.5,1_2,0.0,0.0,0.0,0.4,0.0,0.09999999999999998,0.1
209,"[(-1, -1, 0, 1), (1, 1, -1, 0)]",0,1,6,0.6,0_1,0.0,0.0,0.39999999999999997,0.0,0.39999999999999997,0.0,0.2
210,"[(-1, -1, 0, 1), (1, 1, 0, -1)]",0,1,8,0.727272727272727,0_1,0.0,0.0,0.727272727272727,0.0,0.454545454545454,0.0,0.0
211,"[(-1, -1, 0, 1), (1, 1, 0, 0)]",1,2,9,0.75,1_2,0.0,0.0,0.0,0.6666666666666667,0.0,0.583333333333333,0.0833333333333333
212,"[(-1, -1, 0, 1), (1, 1, 0, 1)]",1,2,7,0.7,1_2,0.0,0.0,0.0,0.6,0.0,0.49999999999999994,0.1
213,"[(-1, -1, 0, 1), (1, 1, 1, 0)]",0,1,7,0.7,0_1,0.0,0.0,0.6,0.0,0.49999999999999994,0.0,0.1
214,"[(-1, -1, 1, 0), (-1, 0, -1, -1)]",0,1,9,0.75,0_1,0.0,0.0,0.75,0.0,0.5,0.0,0.0
215,"[(-1, -1, 1, 0), (-1, 0, -1, 0)]",0,1,8,0.727272727272727,0_1,0.0,0.0,0.727272727272727,0.0,0.454545454545454,0.0,0.0
216,"[(-1, -1, 1, 0), (-1, 0, -1, 1)]",0,1,11,0.916666666666667,0_1,0.0,0.0,0.916666666666667,0.0,0.8333333333333337,0.0,0.0
217,"[(-1, -1, 1, 0), (-1, 0, 0, -1)]",0,1,8,0.8,0_1,0.0,0.0,0.7000000000000001,0.0,0.7000000000000001,0.0,0.1
218,"[(-1, -1, 1, 0), (-1, 0, 0, 1)]",1,2,10,1.0,1_2,0.0,0.0,0.0,1.0,0.0,1.0,0.0
219,"[(-1, -1, 1, 0), (-1, 0, 1, -1)]",0,1,7,0.583333333333333,0_1,0.0,0.0,0.25000000000000006,0.0,0.4999999999999997,0.0,0.333333333333333
220,"[(-1, -1, 1, 0), (-1, 0, 1, 0)]",0,2,4,0.363636363636364,0_2,0.090909090909091,0.0,0.0,0.0,0.0,0.0,0.363636363636364
221,"[(-1, -1, 1, 0), (-1, 0, 1, 1)]",0,2,7,0.583333333333333,0_2,0.25000000000000006,0.4999999999999997,0.0,0.0,0.0,0.0,0.583333333333333
222,"[(-1, -1, 1, 0), (-1, 1, -1, 0)]",0,1,10,0.833333333333333,0_1,0.0,0.0,0.7499999999999998,0.0,0.7499999999999998,0.0,0.0833333333333333
223,"[(-1, -1, 1, 0), (-1, 1, 0, -1)]",0,1,6,0.5,0_1,0.0,0.0,0.4166666666666667,0.0,0.08333333333333298,0.0,0.0833333333333333
224,"[(-1, -1, 1, 0), (-1, 1, 0, 0)]",1,2,8,0.727272727272727,1_2,0.0,0.0,0.0,0.727272727272727,0.0,0.454545454545454,0.0
225,"[(-1, -1, 1, 0), (-1, 1, 0, 1)]",1,2,8,0.666666666666667,1_2,0.0,0.0,0.0,0.5833333333333337,0.0,0.41666666666666696,0.0833333333333333
226,"[(-1, -1, 1, 0), (-1, 1, 1, 0)]",0,1,6,0.5,0_1,0.0,0.0,0.0,0.0,0.5,0.0,0.5
227,"[(-1, -1, 1, 0), (0, -1, -1, -1)]",0,1,7,0.7,0_1,0.0,0.0,0.6,0.0,0.49999999999999994,0.0,0.1
228,"[(-1, -1, 1, 0), (0, -1, -1, 0)]",0,1,9,0.75,0_1,0.0,0.0,0.583333333333333,0.0,0.6666666666666667,0.0,0.166666666666667
229,"[(-1, -1, 1, 0), (0, -1, -1, 1)]",0,1,8,0.8,0_1,0.0,0.0,0.8,0.0,0.6000000000000001,0.0,0.0
230,"[(-1, -1, 1, 0), (0, -1, 0, -1)]",0,1,9,0.75,0_1,0.0,0.0,0.583333333333333,0.0,0.6666666666666667,0.0,0.166666666666667
231,"[(-1, -1, 1, 0), (0, -1, 0, 1)]",1,2,8,0.727272727272727,1_2,0.0,0.0,0.0,0.636363636363636,0.0,0.545454545454545,0.0909090909090909
232,"[(-1, -1, 1, 0), (0, -1, 1, -1)]",0,1,5,0.416666666666667,0_1,0.0,0.0,0.16666666666666702,0.0,0.08333333333333404,0.0,0.25
233,"[(-1, -1, 1, 0), (0, -1, 1, 0)]",1,2,6,0.545454545454545,1_2,0.0,0.0,0.0,0.181818181818181,0.0,0.4545454545454541,0.363636363636364
234,"[(-1, -1, 1, 0), (0, -1, 1, 1)]",0,2,9,0.75,0_2,0.583333333333333,0.6666666666666667,0.0,0.0,0.0,0.0,0.75
235,"[(-1, -1, 1, 0), (0, 0, -1, -1)]",0,1,8,0.727272727272727,0_1,0.0,0.0,0.545454545454545,0.0,0.636363636363636,0.0,0.181818181818182
236,"[(-1, -1, 1, 0), (0, 0, -1, 1)]",0,1,9,0.818181818181818,0_1,0.0,0.0,0.636363636363636,0.0,0.818181818181818,0.0,0.181818181818182
237,"[(-1, -1, 1, 0), (0, 0, 1, -1)]",0,2,5,0.5,0_2,0.09999999999999998,0.4,0.0,0.0,0.0,0.0,0.5
238,"[(-1, -1, 1, 0), (0, 0, 1, 1)]",0,1,6,0.545454545454545,0_1,0.0,0.0,0.272727272727272,0.0,0.363636363636363,0.0,0.272727272727273
239,"[(-1, -1, 1, 0), (0, 1, -1, -1)]",0,1,11,1.0,0_1,0.0,0.0,1.0,0.0,1.0,0.0,0.0
240,"[(-1, -1, 1, 0), (0, 1, -1, 0)]",0,1,6,0.6,0_1,0.0,0.0,0.5,0.0,0.3,0.0,0.1
241,"[(-1, -1, 1, 0), (0, 1, -1, 1)]",0,1,8,0.727272727272727,0_1,0.0,0.0,0.727272727272727,0.0,0.454545454545454,0.0,0.0
242,"[(-1, -1, 1, 0), (0, 1, 0, -1)]",0,1,6,0.6,0_1,0.0,0.0,0.6,0.0,0.19999999999999996,0.0,0.0
243,"[(-1, -1, 1, 0), (0, 1, 0, 1)]",1,2,7,0.583333333333333,1_2,0.0,0.0,0.0,0.4999999999999997,0.0,0.25000000000000006,0.0833333333333333
244,"[(-1, -1, 1, 0), (0, 1, 1, -1)]",0,1,6,0.5,0_1,0.0,0.0,0.16666666666666702,0.0,0.33333333333333304,0.0,0.333333333333333
245,"[(-1, -1, 1, 0), (0, 1, 1, 0)]",0,2,6,0.6,0_2,0.3,0.5,0.0,0.0,0.0,0.0,0.6
246,"[(-1, -1, 1, 0), (0, 1, 1, 1)]",0,1,5,0.454545454545455,0_1,0.0,0.0,0.181818181818182,0.0,0.181818181818182,0.0,0.272727272727273
247,"[(-1, -1, 1, 0), (1, -1, -1, 0)]",0,1,10,0.909090909090909,0_1,0.0,0.0,0.818181818181818,0.0,0.909090909090909,0.0,0.0909090909090909
248,"[(-1, -1, 1, 0), (1, -1, 0, -1)]",0,1,7,0.7,0_1,0.0,0.0,0.7,0.0,0.39999999999999997,0.0,0.0
249,"[(-1, -1, 1, 0), (1, -1, 0, 0)]",0,1,6,0.6,0_1,0.0,0.0,0.6,0.0,0.19999999999999996,0.0,0.0
250,"[(-1, -1, 1, 0), (1, -1, 0, 1)]",1,2,11,0.916666666666667,1_2,0.0,0.0,0.0,0.916666666666667,0.0,0.8333333333333337,0.0
251,"[(-1, -1, 1, 0), (1, -1, 1, 0)]",0,2,5,0.454545454545455,0_2,0.181818181818182,0.181818181818182,0.0,0.0,0.0,0.0,0.454545454545455
252,"[(-1, -1, 1, 0), (1, 0, -1, -1)]",0,1,11,1.0,0_1,0.0,0.0,1.0,0.0,1.0,0.0,0.0
253,"[(-1, -1, 1, 0), (1, 0, -1, 0)]",0,1,7,0.7,0_1,0.0,0.0,0.49999999999999994,0.0,0.6,0.0,0.2
254,"[(-1, -1, 1, 0), (1, 0, -1, 1)]",0,1,10,0.909090909090909,0_1,0.0,0.0,0.909090909090909,0.0,0.818181818181818,0.0,0.0
255,"[(-1, -1, 1, 0), (1, 0, 0, -1)]",0,1,7,0.7,0_1,0.0,0.0,0.7,0.0,0.39999999999999997,0.0,0.0
256,"[(-1, -1, 1, 0), (1, 0, 0, 1)]",1,2,7,0.583333333333333,1_2,0.0,0.0,0.0,0.4166666666666661,0.0,0.33333333333333304,0.166666666666667
257,"[(-1, -1, 1, 0), (1, 0, 1, -1)]",0,1,6,0.6,0_1,0.0,0.0,0.3,0.0,0.5,0.0,0.3
258,"[(-1, -1, 1, 0), (1, 0, 1, 0)]",1,2,8,0.8,1_2,0.0,0.0,0.0,0.7000000000000001,0.0,0.7000000000000001,0.1
259,"[(-1, -1, 1, 0), (1, 0, 1, 1)]",0,2,5,0.416666666666667,0_2,0.08333333333333404,0.16666666666666702,0.0,0.0,0.0,0.0,0.416666666666667
260,"[(-1, -1, 1, 0), (1, 1, -1, 0)]",0,1,10,0.909090909090909,0_1,0.0,0.0,0.909090909090909,0.0,0.818181818181818,0.0,0.0
261,"[(-1, -1, 1, 0), (1, 1, 0, -1)]",0,1,9,0.818181818181818,0_1,0.0,0.0,0.7272727272727271,0.0,0.7272727272727271,0.0,0.0909090909090909
262,"[(-1, -1, 1, 0), (1, 1, 0, 0)]",1,2,9,0.9,1_2,0.0,0.0,0.0,0.8,0.0,0.9,0.1
263,"[(-1, -1, 1, 0), (1, 1, 0, 1)]",1,2,10,0.833333333333333,1_2,0.0,0.0,0.0,0.7499999999999998,0.0,0.7499999999999998,0.0833333333333333
264,"[(-1, -1, 1, 0), (1, 1, 1, 0)]",0,2,4,0.4,0_2,0.10000000000000003,0.10000000000000003,0.0,0.0,0.0,0.0,0.4
265,"[(-1, 0, -1, -1), (-1, 0, -1, 0)]",1,2,6,0.545454545454545,1_2,0.0,0.0,0.0,0.272727272727272,0.0,0.363636363636363,0.272727272727273
266,"[(-1, 0, -1, -1), (-1, 0, -1, 1)]",1,2,6,0.545454545454545,1_2,0.0,0.0,0.0,0.363636363636363,0.0,0.272727272727272,0.181818181818182
267,"[(-1, 0, -1, -1), (-1, 0, 0, -1)]",1,2,6,0.545454545454545,1_2,0.0,0.0,0.0,0.09090909090909,0.0,0.545454545454545,0.454545454545455
268,"[(-1, 0, -1, -1), (-1, 0, 0, 1)]",1,2,11,0.916666666666667,1_2,0.0,0.0,0.0,0.916666666666667,0.0,0.8333333333333337,0.0
269,"[(-1, 0, -1, -1), (-1, 0, 1, -1)]",0,2,6,0.545454545454545,0_2,0.363636363636363,0.272727272727272,0.0,0.0,0.0,0.0,0.545454545454545
270,"[(-1, 0, -1, -1), (-1, 0, 1, 0)]",1,2,12,0.923076923076923,1_2,0.0,0.0,0.0,0.8461538461538461,0.0,0.923076923076923,0.0769230769230769
271,"[(-1, 0, -1, -1), (-1, 0, 1, 1)]",1,2,10,0.769230769230769,1_2,0.0,0.0,0.0,0.769230769230769,0.0,0.5384615384615381,0.0
272,"[(-1, 0, -1, -1), (-1, 1, -1, 0)]",0,2,6,0.6,0_2,0.3,0.5,0.0,0.0,0.0,0.0,0.6
273,"[(-1, 0, -1, -1), (-1, 1, 0, -1)]",0,1,4,0.363636363636364,0_1,0.0,0.0,0.0,0.0,0.090909090909091,0.0,0.363636363636364
274,"[(-1, 0, -1, -1), (-1, 1, 0, 0)]",1,2,10,1.0,1_2,0.0,0.0,0.0,1.0,0.0,1.0,0.0
275,"[(-1, 0, -1, -1), (-1, 1, 0, 1)]",1,2,9,0.75,1_2,0.0,0.0,0.0,0.75,0.0,0.5,0.0
276,"[(-1, 0, -1, -1), (-1, 1, 1, 0)]",1,2,7,0.636363636363636,1_2,0.0,0.0,0.0,0.36363636363636304,0.0,0.5454545454545451,0.272727272727273
277,"[(-1, 0, -1, -1), (0, -1, -1, -1)]",0,2,7,0.7,0_2,0.6,0.49999999999999994,0.0,0.0,0.0,0.0,0.7
278,"[(-1, 0, -1, -1), (0, -1, -1, 0)]",0,2,5,0.357142857142857,0_2,0.07142857142857101,0.0,0.0,0.0,0.0,0.0,0.357142857142857
279,"[(-1, 0, -1, -1), (0, -1, -1, 1)]",1,2,9,0.75,1_2,0.0,0.0,0.0,0.5,0.0,0.75,0.25
280,"[(-1, 0, -1, -1), (0, -1, 0, -1)]",0,1,6,0.5,0_1,0.0,0.0,0.16666666666666702,0.0,0.33333333333333304,0.0,0.333333333333333
281,"[(-1, 0, -1, -1), (0, -1, 0, 1)]",1,2,9,0.9,1_2,0.0,0.0,0.0,0.9,0.0,0.8,0.0
282,"[(-1, 0, -1, -1), (0, -1, 1, -1)]",1,2,6,0.6,1_2,0.0,0.0,0.0,0.19999999999999996,0.0,0.6,0.4
283,"[(-1, 0, -1, -1), (0, -1, 1, 0)]",1,2,10,0.909090909090909,1_2,0.0,0.0,0.0,0.909090909090909,0.0,0.818181818181818,0.0
284,"[(-1, 0, -1, -1), (0, -1, 1, 1)]",1,2,10,0.909090909090909,1_2,0.0,0.0,0.0,0.909090909090909,0.0,0.818181818181818,0.0
285,"[(-1, 0, -1, -1), (0, 0, -1, -1)]",0,2,7,0.636363636363636,0_2,0.45454545454545403,0.45454545454545403,0.0,0.0,0.0,0.0,0.636363636363636
286,"[(-1, 0, -1, -1), (0, 0, -1, 1)]",1,2,6,0.6,1_2,0.0,0.0,0.0,0.19999999999999996,0.0,0.6,0.4
287,"[(-1, 0, -1, -1), (0, 0, 1, -1)]",1,2,5,0.416666666666667,1_2,0.0,0.0,0.0,0.16666666666666702,0.0,0.08333333333333404,0.25
288,"[(-1, 0, -1, -1), (0, 0, 1, 1)]",1,2,11,0.916666666666667,1_2,0.0,0.0,0.0,0.916666666666667,0.0,0.8333333333333337,0.0
289,"[(-1, 0, -1, -1), (0, 1, -1, -1)]",0,2,7,0.7,0_2,0.6,0.49999999999999994,0.0,0.0,0.0,0.0,0.7
290,"[(-1, 0, -1, -1), (0, 1, -1, 0)]",0,2,8,0.666666666666667,0_2,0.5833333333333337,0.41666666666666696,0.0,0.0,0.0,0.0,0.666666666666667
291,"[(-1, 0, -1, -1), (0, 1, -1, 1)]",0,2,8,0.615384615384615,0_2,0.5384615384615381,0.307692307692307,0.0,0.0,0.0,0.0,0.615384615384615
292,"[(-1, 0, -1, -1), (0, 1, 0, -1)]",0,1,4,0.363636363636364,0_1,0.0,0.0,0.0,0.0,0.090909090909091,0.0,0.363636363636364
293,"[(-1, 0, -1, -1), (0, 1, 0, 1)]",1,2,10,0.909090909090909,1_2,0.0,0.0,0.0,0.818181818181818,0.0,0.909090909090909,0.0909090909090909
294,"[(-1, 0, -1, -1), (0, 1, 1, -1)]",0,1,4,0.4,0_1,0.0,0.0,0.0,0.0,0.2,0.0,0.4
295,"[(-1, 0, -1, -1), (0, 1, 1, 0)]",1,2,8,0.666666666666667,1_2,0.0,0.0,0.0,0.666666666666667,0.0,0.333333333333334,0.0
296,"[(-1, 0, -1, -1), (0, 1, 1, 1)]",1,2,8,0.666666666666667,1_2,0.0,0.0,0.0,0.41666666666666696,0.0,0.5833333333333337,0.25
297,"[(-1, 0, -1, -1), (1, -1, -1, 0)]",0,2,7,0.583333333333333,0_2,0.4166666666666661,0.33333333333333304,0.0,0.0,0.0,0.0,0.583333333333333
298,"[(-1, 0, -1, -1), (1, -1, 0, -1)]",1,2,9,0.818181818181818,1_2,0.0,0.0,0.0,0.7272727272727271,0.0,0.7272727272727271,0.0909090909090909
299,"[(-1, 0, -1, -1), (1, -1, 0, 0)]",1,2,9,0.9,1_2,0.0,0.0,0.0,0.9,0.0,0.8,0.0
300,"[(-1, 0, -1, -1), (1, -1, 0, 1)]",1,2,11,0.916666666666667,1_2,0.0,0.0,0.0,0.916666666666667,0.0,0.8333333333333337,0.0
301,"[(-1, 0, -1, -1), (1, -1, 1, 0)]",1,2,7,0.583333333333333,1_2,0.0,0.0,0.0,0.4999999999999997,0.0,0.25000000000000006,0.0833333333333333
302,"[(-1, 0, -1, -1), (1, 0, -1, -1)]",0,2,8,0.8,0_2,0.8,0.6000000000000001,0.0,0.0,0.0,0.0,0.8
303,"[(-1, 0, -1, -1), (1, 0, -1, 0)]",0,2,4,0.4,0_2,0.10000000000000003,0.10000000000000003,0.0,0.0,0.0,0.0,0.4
304,"[(-1, 0, -1, -1), (1, 0, -1, 1)]",1,2,7,0.583333333333333,1_2,0.0,0.0,0.0,0.4166666666666661,0.0,0.33333333333333304,0.166666666666667
305,"[(-1, 0, -1, -1), (1, 0, 0, -1)]",0,1,5,0.454545454545455,0_1,0.0,0.0,0.181818181818182,0.0,0.181818181818182,0.0,0.272727272727273
306,"[(-1, 0, -1, -1), (1, 0, 0, 1)]",1,2,11,1.0,1_2,0.0,0.0,0.0,1.0,0.0,1.0,0.0
307,"[(-1, 0, -1, -1), (1, 0, 1, -1)]",0,1,5,0.5,0_1,0.0,0.0,0.2,0.0,0.3,0.0,0.3
308,"[(-1, 0, -1, -1), (1, 0, 1, 0)]",1,2,9,0.75,1_2,0.0,0.0,0.0,0.6666666666666667,0.0,0.583333333333333,0.0833333333333333
309,"[(-1, 0, -1, -1), (1, 0, 1, 1)]",1,2,12,0.923076923076923,1_2,0.0,0.0,0.0,0.923076923076923,0.0,0.8461538461538461,0.0
310,"[(-1, 0, -1, -1), (1, 1, -1, 0)]",0,1,5,0.5,0_1,0.0,0.0,0.3,0.0,0.2,0.0,0.2
311,"[(-1, 0, -1, -1), (1, 1, 0, -1)]",1,2,7,0.5,1_2,0.0,0.0,0.0,0.21428571428571402,0.0,0.28571428571428603,0.285714285714286
312,"[(-1, 0, -1, -1), (1, 1, 0, 0)]",1,2,10,0.909090909090909,1_2,0.0,0.0,0.0,0.909090909090909,0.0,0.818181818181818,0.0
313,"[(-1, 0, -1, -1), (1, 1, 0, 1)]",1,2,9,0.9,1_2,0.0,0.0,0.0,0.9,0.0,0.8,0.0
314,"[(-1, 0, -1, -1), (1, 1, 1, 0)]",1,2,6,0.545454545454545,1_2,0.0,0.0,0.0,0.363636363636363,0.0,0.272727272727272,0.181818181818182
315,"[(-1, 0, -1, 0), (-1, 0, -1, 1)]",0,2,8,0.615384615384615,0_2,0.307692307692307,0.5384615384615381,0.0,0.0,0.0,0.0,0.615384615384615
316,"[(-1, 0, -1, 0), (-1, 0, 0, -1)]",1,2,6,0.5,1_2,0.0,0.0,0.0,0.4166666666666667,0.0,0.08333333333333298,0.0833333333333333
317,"[(-1, 0, -1, 0), (-1, 0, 0, 1)]",1,2,8,0.727272727272727,1_2,0.0,0.0,0.0,0.727272727272727,0.0,0.454545454545454,0.0
318,"[(-1, 0, -1, 0), (-1, 0, 1, -1)]",0,1,7,0.636363636363636,0_1,0.0,0.0,0.636363636363636,0.0,0.27272727272727204,0.0,0.0
319,"[(-1, 0, -1, 0), (-1, 0, 1, 0)]",1,2,6,0.545454545454545,1_2,0.0,0.0,0.0,0.4545454545454541,0.0,0.181818181818181,0.0909090909090909
320,"[(-1, 0, -1, 0), (-1, 0, 1, 1)]",0,1,7,0.7,0_1,0.0,0.0,0.7,0.0,0.39999999999999997,0.0,0.0
321,"[(-1, 0, -1, 0), (-1, 1, -1, 0)]",0,2,5,0.5,0_2,0.09999999999999998,0.4,0.0,0.0,0.0,0.0,0.5
322,"[(-1, 0, -1, 0), (-1, 1, 0, -1)]",0,1,7,0.636363636363636,0_1,0.0,0.0,0.5454545454545451,0.0,0.36363636363636304,0.0,0.0909090909090909
323,"[(-1, 0, -1, 0), (-1, 1, 0, 0)]",1,2,10,0.909090909090909,1_2,0.0,0.0,0.0,0.909090909090909,0.0,0.818181818181818,0.0
324,"[(-1, 0, -1, 0), (-1, 1, 0, 1)]",1,2,6,0.6,1_2,0.0,0.0,0.0,0.6,0.0,0.19999999999999996,0.0
325,"[(-1, 0, -1, 0), (-1, 1, 1, 0)]",0,1,5,0.5,0_1,0.0,0.0,0.5,0.0,0.0,0.0,0.0
326,"[(-1, 0, -1, 0), (0, -1, -1, -1)]",0,1,5,0.5,0_1,0.0,0.0,0.09999999999999998,0.0,0.4,0.0,0.4
327,"[(-1, 0, -1, 0), (0, -1, -1, 0)]",1,2,4,0.4,1_2,0.0,0.0,0.0,0.10000000000000003,0.0,0.10000000000000003,0.3
328,"[(-1, 0, -1, 0), (0, -1, -1, 1)]",0,2,5,0.454545454545455,0_2,0.090909090909091,0.272727272727273,0.0,0.0,0.0,0.0,0.454545454545455
329,"[(-1, 0, -1, 0), (0, -1, 0, -1)]",1,2,6,0.545454545454545,1_2,0.0,0.0,0.0,0.545454545454545,0.0,0.09090909090909,0.0
330,"[(-1, 0, -1, 0), (0, -1, 0, 1)]",1,2,7,0.7,1_2,0.0,0.0,0.0,0.6,0.0,0.49999999999999994,0.1
331,"[(-1, 0, -1, 0), (0, -1, 1, -1)]",0,1,6,0.5,0_1,0.0,0.0,0.33333333333333304,0.0,0.16666666666666702,0.0,0.166666666666667
332,"[(-1, 0, -1, 0), (0, -1, 1, 0)]",1,2,8,0.666666666666667,1_2,0.0,0.0,0.0,0.5833333333333337,0.0,0.41666666666666696,0.0833333333333333
333,"[(-1, 0, -1, 0), (0, -1, 1, 1)]",1,2,10,0.909090909090909,1_2,0.0,0.0,0.0,0.818181818181818,0.0,0.909090909090909,0.0909090909090909
334,"[(-1, 0, -1, 0), (0, 0, -1, -1)]",0,2,9,0.818181818181818,0_2,0.636363636363636,0.818181818181818,0.0,0.0,0.0,0.0,0.818181818181818
335,"[(-1, 0, -1, 0), (0, 0, -1, 1)]",0,2,9,0.9,0_2,0.8,0.9,0.0,0.0,0.0,0.0,0.9
336,"[(-1, 0, -1, 0), (0, 0, 1, -1)]",0,1,7,0.583333333333333,0_1,0.0,0.0,0.583333333333333,0.0,0.16666666666666602,0.0,0.0
337,"[(-1, 0, -1, 0), (0, 0, 1, 1)]",1,2,6,0.6,1_2,0.0,0.0,0.0,0.39999999999999997,0.0,0.39999999999999997,0.2
338,"[(-1, 0, -1, 0), (0, 1, -1, -1)]",0,2,7,0.7,0_2,0.49999999999999994,0.6,0.0,0.0,0.0,0.0,0.7
339,"[(-1, 0, -1, 0), (0, 1, -1, 0)]",0,2,10,0.714285714285714,0_2,0.6428571428571426,0.5,0.0,0.0,0.0,0.0,0.714285714285714
340,"[(-1, 0, -1, 0), (0, 1, -1, 1)]",0,1,6,0.545454545454545,0_1,0.0,0.0,0.272727272727272,0.0,0.363636363636363,0.0,0.272727272727273
341,"[(-1, 0, -1, 0), (0, 1, 0, -1)]",0,1,6,0.6,0_1,0.0,0.0,0.6,0.0,0.19999999999999996,0.0,0.0
342,"[(-1, 0, -1, 0), (0, 1, 0, 1)]",1,2,8,0.727272727272727,1_2,0.0,0.0,0.0,0.545454545454545,0.0,0.636363636363636,0.181818181818182
343,"[(-1, 0, -1, 0), (0, 1, 1, -1)]",0,1,4,0.4,0_1,0.0,0.0,0.2,0.0,0.0,0.0,0.2
344,"[(-1, 0, -1, 0), (0, 1, 1, 0)]",1,2,7,0.636363636363636,1_2,0.0,0.0,0.0,0.636363636363636,0.0,0.27272727272727204,0.0
345,"[(-1, 0, -1, 0), (0, 1, 1, 1)]",1,2,8,0.666666666666667,1_2,0.0,0.0,0.0,0.5833333333333337,0.0,0.41666666666666696,0.0833333333333333
346,"[(-1, 0, -1, 0), (1, -1, -1, 0)]",0,2,7,0.636363636363636,0_2,0.27272727272727204,0.636363636363636,0.0,0.0,0.0,0.0,0.636363636363636
347,"[(-1, 0, -1, 0), (1, -1, 0, -1)]",1,2,6,0.5,1_2,0.0,0.0,0.0,0.33333333333333304,0.0,0.16666666666666702,0.166666666666667
348,"[(-1, 0, -1, 0), (1, -1, 0, 0)]",1,2,10,1.0,1_2,0.0,0.0,0.0,1.0,0.0,1.0,0.0
349,"[(-1, 0, -1, 0), (1, -1, 0, 1)]",1,2,5,0.5,1_2,0.0,0.0,0.0,0.4,0.0,0.09999999999999998,0.1
350,"[(-1, 0, -1, 0), (1, -1, 1, 0)]",0,1,6,0.5,0_1,0.0,0.0,0.4166666666666667,0.0,0.08333333333333298,0.0,0.0833333333333333
351,"[(-1, 0, -1, 0), (1, 0, -1, -1)]",0,1,5,0.5,0_1,0.0,0.0,0.0,0.0,0.5,0.0,0.5
352,"[(-1, 0, -1, 0), (1, 0, -1, 0)]",1,2,6,0.5,1_2,0.0,0.0,0.0,0.08333333333333298,0.0,0.4166666666666667,0.416666666666667
353,"[(-1, 0, -1, 0), (1, 0, -1, 1)]",0,2,7,0.636363636363636,0_2,0.36363636363636304,0.5454545454545451,0.0,0.0,0.0,0.0,0.636363636363636
354,"[(-1, 0, -1, 0), (1, 0, 0, -1)]",0,1,7,0.636363636363636,0_1,0.0,0.0,0.636363636363636,0.0,0.27272727272727204,0.0,0.0
355,"[(-1, 0, -1, 0), (1, 0, 0, 1)]",1,2,9,0.75,1_2,0.0,0.0,0.0,0.75,0.0,0.5,0.0
356,"[(-1, 0, -1, 0), (1, 0, 1, -1)]",0,1,7,0.583333333333333,0_1,0.0,0.0,0.4999999999999997,0.0,0.25000000000000006,0.0,0.0833333333333333
357,"[(-1, 0, -1, 0), (1, 0, 1, 0)]",1,2,6,0.545454545454545,1_2,0.0,0.0,0.0,0.4545454545454541,0.0,0.181818181818181,0.0909090909090909
358,"[(-1, 0, -1, 0), (1, 0, 1, 1)]",1,2,9,0.75,1_2,0.0,0.0,0.0,0.75,0.0,0.5,0.0
359,"[(-1, 0, -1, 0), (1, 1, -1, 0)]",0,2,8,0.666666666666667,0_2,0.5,0.5,0.0,0.0,0.0,0.0,0.666666666666667
360,"[(-1, 0, -1, 0), (1, 1, 0, -1)]",1,2,7,0.7,1_2,0.0,0.0,0.0,0.7,0.0,0.39999999999999997,0.0
361,"[(-1, 0, -1, 0), (1, 1, 0, 0)]",1,2,9,0.818181818181818,1_2,0.0,0.0,0.0,0.818181818181818,0.0,0.636363636363636,0.0
362,"[(-1, 0, -1, 0), (1, 1, 0, 1)]",1,2,7,0.636363636363636,1_2,0.0,0.0,0.0,0.636363636363636,0.0,0.27272727272727204,0.0
363,"[(-1, 0, -1, 0), (1, 1, 1, 0)]",1,2,7,0.583333333333333,1_2,0.0,0.0,0.0,0.4999999999999997,0.0,0.25000000000000006,0.0833333333333333
364,"[(-1, 0, -1, 1), (-1, 0, 0, -1)]",1,2,8,0.666666666666667,1_2,0.0,0.0,0.0,0.666666666666667,0.0,0.333333333333334,0.0
365,"[(-1, 0, -1, 1), (-1, 0, 0, 1)]",1,2,8,0.727272727272727,1_2,0.0,0.0,0.0,0.636363636363636,0.0,0.545454545454545,0.0909090909090909
366,"[(-1, 0, -1, 1), (-1, 0, 1, -1)]",0,1,6,0.545454545454545,0_1,0.0,0.0,0.545454545454545,0.0,0.09090909090909,0.0,0.0
367,"[(-1, 0, -1, 1), (-1, 0, 1, 0)]",1,2,8,0.8,1_2,0.0,0.0,0.0,0.8,0.0,0.6000000000000001,0.0
368,"[(-1, 0, -1, 1), (-1, 0, 1, 1)]",1,2,10,0.909090909090909,1_2,0.0,0.0,0.0,0.909090909090909,0.0,0.818181818181818,0.0
369,"[(-1, 0, -1, 1), (-1, 1, -1, 0)]",0,2,9,0.9,0_2,0.8,0.9,0.0,0.0,0.0,0.0,0.9
370,"[(-1, 0, -1, 1), (-1, 1, 0, -1)]",0,1,8,0.727272727272727,0_1,0.0,0.0,0.727272727272727,0.0,0.454545454545454,0.0,0.0
371,"[(-1, 0, -1, 1), (-1, 1, 0, 0)]",1,2,7,0.583333333333333,1_2,0.0,0.0,0.0,0.4999999999999997,0.0,0.25000000000000006,0.0833333333333333
372,"[(-1, 0, -1, 1), (-1, 1, 0, 1)]",1,2,7,0.7,1_2,0.0,0.0,0.0,0.7,0.0,0.39999999999999997,0.0
373,"[(-1, 0, -1, 1), (-1, 1, 1, 0)]",0,1,6,0.5,0_1,0.0,0.0,0.5,0.0,0.0,0.0,0.0
374,"[(-1, 0, -1, 1), (0, -1, -1, -1)]",0,2,5,0.5,0_2,0.09999999999999998,0.4,0.0,0.0,0.0,0.0,0.5
375,"[(-1, 0, -1, 1), (0, -1, -1, 0)]",0,2,7,0.7,0_2,0.7,0.39999999999999997,0.0,0.0,0.0,0.0,0.7
376,"[(-1, 0, -1, 1), (0, -1, -1, 1)]",0,2,10,0.833333333333333,0_2,0.6666666666666661,0.833333333333333,0.0,0.0,0.0,0.0,0.833333333333333
377,"[(-1, 0, -1, 1), (0, -1, 0, -1)]",0,1,5,0.5,0_1,0.0,0.0,0.5,0.0,0.0,0.0,0.0
378,"[(-1, 0, -1, 1), (0, -1, 0, 1)]",1,2,11,1.0,1_2,0.0,0.0,0.0,1.0,0.0,1.0,0.0
379,"[(-1, 0, -1, 1), (0, -1, 1, -1)]",0,1,6,0.545454545454545,0_1,0.0,0.0,0.545454545454545,0.0,0.09090909090909,0.0,0.0
380,"[(-1, 0, -1, 1), (0, -1, 1, 0)]",1,2,11,0.916666666666667,1_2,0.0,0.0,0.0,0.916666666666667,0.0,0.8333333333333337,0.0
381,"[(-1, 0, -1, 1), (0, -1, 1, 1)]",1,2,10,0.909090909090909,1_2,0.0,0.0,0.0,0.818181818181818,0.0,0.909090909090909,0.0909090909090909
382,"[(-1, 0, -1, 1), (0, 0, -1, -1)]",0,1,8,0.666666666666667,0_1,0.0,0.0,0.333333333333334,0.0,0.666666666666667,0.0,0.333333333333333
383,"[(-1, 0, -1, 1), (0, 0, -1, 1)]",0,2,6,0.6,0_2,0.5,0.3,0.0,0.0,0.0,0.0,0.6
384,"[(-1, 0, -1, 1), (0, 0, 1, -1)]",0,1,10,0.833333333333333,0_1,0.0,0.0,0.7499999999999998,0.0,0.7499999999999998,0.0,0.0833333333333333
385,"[(-1, 0, -1, 1), (0, 0, 1, 1)]",1,2,9,0.818181818181818,1_2,0.0,0.0,0.0,0.7272727272727271,0.0,0.7272727272727271,0.0909090909090909
386,"[(-1, 0, -1, 1), (0, 1, -1, -1)]",0,1,6,0.545454545454545,0_1,0.0,0.0,0.09090909090909,0.0,0.545454545454545,0.0,0.454545454545455
387,"[(-1, 0, -1, 1), (0, 1, -1, 0)]",0,2,8,0.727272727272727,0_2,0.636363636363636,0.545454545454545,0.0,0.0,0.0,0.0,0.727272727272727
388,"[(-1, 0, -1, 1), (0, 1, -1, 1)]",0,2,7,0.636363636363636,0_2,0.36363636363636304,0.5454545454545451,0.0,0.0,0.0,0.0,0.636363636363636
389,"[(-1, 0, -1, 1), (0, 1, 0, -1)]",0,1,6,0.6,0_1,0.0,0.0,0.6,0.0,0.19999999999999996,0.0,0.0
390,"[(-1, 0, -1, 1), (0, 1, 0, 1)]",1,2,7,0.636363636363636,1_2,0.0,0.0,0.0,0.636363636363636,0.0,0.27272727272727204,0.0
391,"[(-1, 0, -1, 1), (0, 1, 1, -1)]",0,1,6,0.6,0_1,0.0,0.0,0.6,0.0,0.19999999999999996,0.0,0.0
392,"[(-1, 0, -1, 1), (0, 1, 1, 0)]",0,1,6,0.545454545454545,0_1,0.0,0.0,0.545454545454545,0.0,0.09090909090909,0.0,0.0
393,"[(-1, 0, -1, 1), (0, 1, 1, 1)]",1,2,10,0.909090909090909,1_2,0.0,0.0,0.0,0.818181818181818,0.0,0.909090909090909,0.0909090909090909
394,"[(-1, 0, -1, 1), (1, -1, -1, 0)]",0,2,6,0.6,0_2,0.39999999999999997,0.39999999999999997,0.0,0.0,0.0,0.0,0.6
395,"[(-1, 0, -1, 1), (1, -1, 0, -1)]",0,1,6,0.6,0_1,0.0,0.0,0.5,0.0,0.3,0.0,0.1
396,"[(-1, 0, -1, 1), (1, -1, 0, 0)]",1,2,7,0.7,1_2,0.0,0.0,0.0,0.7,0.0,0.39999999999999997,0.0
397,"[(-1, 0, -1, 1), (1, -1, 0, 1)]",1,2,6,0.6,1_2,0.0,0.0,0.0,0.6,0.0,0.19999999999999996,0.0
398,"[(-1, 0, -1, 1), (1, -1, 1, 0)]",1,2,9,0.818181818181818,1_2,0.0,0.0,0.0,0.818181818181818,0.0,0.636363636363636,0.0
399,"[(-1, 0, -1, 1), (1, 0, -1, -1)]",1,2,5,0.416666666666667,1_2,0.0,0.0,0.0,0.08333333333333404,0.0,0.16666666666666702,0.333333333333333
400,"[(-1, 0, -1, 1), (1, 0, -1, 0)]",0,2,7,0.7,0_2,0.6,0.49999999999999994,0.0,0.0,0.0,0.0,0.7
401,"[(-1, 0, -1, 1), (1, 0, -1, 1)]",0,2,11,0.785714285714286,0_2,0.642857142857143,0.7142857142857146,0.0,0.0,0.0,0.0,0.785714285714286
402,"[(-1, 0, -1, 1), (1, 0, 0, -1)]",0,1,5,0.454545454545455,0_1,0.0,0.0,0.3636363636363641,0.0,0.0,0.0,0.0909090909090909
403,"[(-1, 0, -1, 1), (1, 0, 0, 1)]",1,2,5,0.5,1_2,0.0,0.0,0.0,0.3,0.0,0.2,0.2
404,"[(-1, 0, -1, 1), (1, 0, 1, -1)]",0,1,9,0.75,0_1,0.0,0.0,0.75,0.0,0.5,0.0,0.0
405,"[(-1, 0, -1, 1), (1, 0, 1, 0)]",1,2,10,0.909090909090909,1_2,0.0,0.0,0.0,0.909090909090909,0.0,0.818181818181818,0.0
406,"[(-1, 0, -1, 1), (1, 0, 1, 1)]",1,2,7,0.7,1_2,0.0,0.0,0.0,0.39999999999999997,0.0,0.7,0.3
407,"[(-1, 0, -1, 1), (1, 1, -1, 0)]",0,2,5,0.454545454545455,0_2,0.272727272727273,0.090909090909091,0.0,0.0,0.0,0.0,0.454545454545455
408,"[(-1, 0, -1, 1), (1, 1, 0, -1)]",0,1,6,0.5,0_1,0.0,0.0,0.5,0.0,0.0,0.0,0.0
409,"[(-1, 0, -1, 1), (1, 1, 0, 0)]",1,2,10,1.0,1_2,0.0,0.0,0.0,1.0,0.0,1.0,0.0
410,"[(-1, 0, -1, 1), (1, 1, 0, 1)]",1,2,7,0.636363636363636,1_2,0.0,0.0,0.0,0.45454545454545403,0.0,0.45454545454545403,0.181818181818182
411,"[(-1, 0, -1, 1), (1, 1, 1, 0)]",1,2,7,0.636363636363636,1_2,0.0,0.0,0.0,0.636363636363636,0.0,0.27272727272727204,0.0
412,"[(-1, 0, 0, -1), (-1, 0, 0, 1)]",1,2,9,0.818181818181818,1_2,0.0,0.0,0.0,0.818181818181818,0.0,0.636363636363636,0.0
413,"[(-1, 0, 0, -1), (-1, 0, 1, -1)]",0,2,4,0.363636363636364,0_2,0.090909090909091,0.0,0.0,0.0,0.0,0.0,0.363636363636364
414,"[(-1, 0, 0, -1), (-1, 0, 1, 0)]",1,2,6,0.545454545454545,1_2,0.0,0.0,0.0,0.363636363636363,0.0,0.272727272727272,0.181818181818182
415,"[(-1, 0, 0, -1), (-1, 0, 1, 1)]",0,1,6,0.545454545454545,0_1,0.0,0.0,0.4545454545454541,0.0,0.181818181818181,0.0,0.0909090909090909
416,"[(-1, 0, 0, -1), (-1, 1, -1, 0)]",1,2,6,0.545454545454545,1_2,0.0,0.0,0.0,0.272727272727272,0.0,0.363636363636363,0.272727272727273
417,"[(-1, 0, 0, -1), (-1, 1, 0, -1)]",0,2,8,0.666666666666667,0_2,0.333333333333334,0.666666666666667,0.0,0.0,0.0,0.0,0.666666666666667
418,"[(-1, 0, 0, -1), (-1, 1, 0, 0)]",1,2,7,0.583333333333333,1_2,0.0,0.0,0.0,0.4999999999999997,0.0,0.25000000000000006,0.0833333333333333
419,"[(-1, 0, 0, -1), (-1, 1, 0, 1)]",1,2,7,0.636363636363636,1_2,0.0,0.0,0.0,0.5454545454545451,0.0,0.36363636363636304,0.0909090909090909
420,"[(-1, 0, 0, -1), (-1, 1, 1, 0)]",0,2,5,0.5,0_2,0.2,0.3,0.0,0.0,0.0,0.0,0.5
421,"[(-1, 0, 0, -1), (0, -1, -1, -1)]",0,1,6,0.545454545454545,0_1,0.0,0.0,0.272727272727272,0.0,0.363636363636363,0.0,0.272727272727273
422,"[(-1, 0, 0, -1), (0, -1, -1, 0)]",0,1,6,0.5,0_1,0.0,0.0,0.4166666666666667,0.0,0.08333333333333298,0.0,0.0833333333333333
423,"[(-1, 0, 0, -1), (0, -1, -1, 1)]",0,1,4,0.4,0_1,0.0,0.0,0.2,0.0,0.0,0.0,0.2
424,"[(-1, 0, 0, -1), (0, -1, 0, -1)]",0,1,8,0.666666666666667,0_1,0.0,0.0,0.333333333333334,0.0,0.666666666666667,0.0,0.333333333333333
425,"[(-1, 0, 0, -1), (0, -1, 0, 1)]",1,2,6,0.545454545454545,1_2,0.0,0.0,0.0,0.4545454545454541,0.0,0.181818181818181,0.0909090909090909
426,"[(-1, 0, 0, -1), (0, -1, 1, -1)]",0,1,5,0.5,0_1,0.0,0.0,0.09999999999999998,0.0,0.4,0.0,0.4
427,"[(-1, 0, 0, -1), (0, -1, 1, 0)]",1,2,6,0.5,1_2,0.0,0.0,0.0,0.33333333333333304,0.0,0.16666666666666702,0.166666666666667
428,"[(-1, 0, 0, -1), (0, -1, 1, 1)]",1,2,6,0.545454545454545,1_2,0.0,0.0,0.0,0.4545454545454541,0.0,0.181818181818181,0.0909090909090909
429,"[(-1, 0, 0, -1), (0, 0, -1, -1)]",0,1,6,0.5,0_1,0.0,0.0,0.16666666666666702,0.0,0.33333333333333304,0.0,0.333333333333333
430,"[(-1, 0, 0, -1), (0, 0, -1, 1)]",0,1,7,0.583333333333333,0_1,0.0,0.0,0.583333333333333,0.0,0.16666666666666602,0.0,0.0
431,"[(-1, 0, 0, -1), (0, 0, 1, -1)]",0,1,5,0.454545454545455,0_1,0.0,0.0,0.181818181818182,0.0,0.181818181818182,0.0,0.272727272727273
432,"[(-1, 0, 0, -1), (0, 0, 1, 1)]",0,1,6,0.6,0_1,0.0,0.0,0.6,0.0,0.19999999999999996,0.0,0.0
433,"[(-1, 0, 0, -1), (0, 1, -1, -1)]",0,2,7,0.583333333333333,0_2,0.16666666666666602,0.583333333333333,0.0,0.0,0.0,0.0,0.583333333333333
434,"[(-1, 0, 0, -1), (0, 1, -1, 0)]",1,2,5,0.5,1_2,0.0,0.0,0.0,0.3,0.0,0.2,0.2
435,"[(-1, 0, 0, -1), (0, 1, -1, 1)]",0,1,8,0.8,0_1,0.0,0.0,0.8,0.0,0.6000000000000001,0.0,0.0
436,"[(-1, 0, 0, -1), (0, 1, 0, -1)]",0,2,7,0.7,0_2,0.49999999999999994,0.6,0.0,0.0,0.0,0.0,0.7
437,"[(-1, 0, 0, -1), (0, 1, 0, 1)]",1,2,7,0.7,1_2,0.0,0.0,0.0,0.7,0.0,0.39999999999999997,0.0
438,"[(-1, 0, 0, -1), (0, 1, 1, -1)]",0,2,5,0.454545454545455,0_2,0.181818181818182,0.181818181818182,0.0,0.0,0.0,0.0,0.454545454545455
439,"[(-1, 0, 0, -1), (0, 1, 1, 0)]",0,1,6,0.545454545454545,0_1,0.0,0.0,0.545454545454545,0.0,0.09090909090909,0.0,0.0
440,"[(-1, 0, 0, -1), (0, 1, 1, 1)]",0,1,5,0.5,0_1,0.0,0.0,0.4,0.0,0.09999999999999998,0.0,0.1
441,"[(-1, 0, 0, -1), (1, -1, -1, 0)]",0,1,7,0.7,0_1,0.0,0.0,0.7,0.0,0.39999999999999997,0.0,0.0
442,"[(-1, 0, 0, -1), (1, -1, 0, -1)]",0,2,7,0.538461538461538,0_2,0.307692307692307,0.307692307692307,0.0,0.0,0.0,0.0,0.538461538461538
443,"[(-1, 0, 0, -1), (1, -1, 0, 0)]",1,2,6,0.6,1_2,0.0,0.0,0.0,0.39999999999999997,0.0,0.39999999999999997,0.2
444,"[(-1, 0, 0, -1), (1, -1, 0, 1)]",1,2,9,0.692307692307692,1_2,0.0,0.0,0.0,0.692307692307692,0.0,0.38461538461538397,0.0
445,"[(-1, 0, 0, -1), (1, -1, 1, 0)]",1,2,5,0.454545454545455,1_2,0.0,0.0,0.0,0.272727272727273,0.0,0.090909090909091,0.181818181818182
446,"[(-1, 0, 0, -1), (1, 0, -1, -1)]",0,1,6,0.5,0_1,0.0,0.0,0.16666666666666702,0.0,0.33333333333333304,0.0,0.333333333333333
447,"[(-1, 0, 0, -1), (1, 0, -1, 0)]",1,2,5,0.454545454545455,1_2,0.0,0.0,0.0,0.272727272727273,0.0,0.090909090909091,0.181818181818182
448,"[(-1, 0, 0, -1), (1, 0, -1, 1)]",0,1,7,0.7,0_1,0.0,0.0,0.7,0.0,0.39999999999999997,0.0,0.0
449,"[(-1, 0, 0, -1), (1, 0, 0, -1)]",0,1,5,0.5,0_1,0.0,0.0,0.2,0.0,0.3,0.0,0.3
450,"[(-1, 0, 0, -1), (1, 0, 0, 1)]",1,2,7,0.7,1_2,0.0,0.0,0.0,0.49999999999999994,0.0,0.6,0.2
451,"[(-1, 0, 0, -1), (1, 0, 1, -1)]",0,2,8,0.571428571428571,0_2,0.357142857142857,0.357142857142857,0.0,0.0,0.0,0.0,0.571428571428571
452,"[(-1, 0, 0, -1), (1, 0, 1, 0)]",1,2,7,0.636363636363636,1_2,0.0,0.0,0.0,0.636363636363636,0.0,0.27272727272727204,0.0
453,"[(-1, 0, 0, -1), (1, 0, 1, 1)]",1,2,8,0.727272727272727,1_2,0.0,0.0,0.0,0.636363636363636,0.0,0.545454545454545,0.0909090909090909
454,"[(-1, 0, 0, -1), (1, 1, -1, 0)]",1,2,6,0.545454545454545,1_2,0.0,0.0,0.0,0.363636363636363,0.0,0.272727272727272,0.181818181818182
455,"[(-1, 0, 0, -1), (1, 1, 0, -1)]",0,2,6,0.6,0_2,0.5,0.3,0.0,0.0,0.0,0.0,0.6
456,"[(-1, 0, 0, -1), (1, 1, 0, 0)]",1,2,10,0.833333333333333,1_2,0.0,0.0,0.0,0.833333333333333,0.0,0.6666666666666661,0.0
457,"[(-1, 0, 0, -1), (1, 1, 0, 1)]",1,2,10,0.833333333333333,1_2,0.0,0.0,0.0,0.833333333333333,0.0,0.6666666666666661,0.0
458,"[(-1, 0, 0, -1), (1, 1, 1, 0)]",1,2,5,0.5,1_2,0.0,0.0,0.0,0.2,0.0,0.3,0.3
459,"[(-1, 0, 0, 1), (-1, 0, 1, -1)]",0,1,8,0.8,0_1,0.0,0.0,0.8,0.0,0.6000000000000001,0.0,0.0
460,"[(-1, 0, 0, 1), (-1, 0, 1, 0)]",0,1,9,0.75,0_1,0.0,0.0,0.6666666666666667,0.0,0.583333333333333,0.0,0.0833333333333333
461,"[(-1, 0, 0, 1), (-1, 0, 1, 1)]",0,1,8,0.8,0_1,0.0,0.0,0.7000000000000001,0.0,0.7000000000000001,0.0,0.1
462,"[(-1, 0, 0, 1), (-1, 1, -1, 0)]",0,1,11,1.0,0_1,0.0,0.0,1.0,0.0,1.0,0.0,0.0
463,"[(-1, 0, 0, 1), (-1, 1, 0, -1)]",0,1,8,0.8,0_1,0.0,0.0,0.6000000000000001,0.0,0.8,0.0,0.2
464,"[(-1, 0, 0, 1), (-1, 1, 0, 0)]",0,1,4,0.4,0_1,0.0,0.0,0.2,0.0,0.0,0.0,0.2
465,"[(-1, 0, 0, 1), (-1, 1, 0, 1)]",1,2,6,0.545454545454545,1_2,0.0,0.0,0.0,0.545454545454545,0.0,0.09090909090909,0.0
466,"[(-1, 0, 0, 1), (-1, 1, 1, 0)]",0,1,10,0.833333333333333,0_1,0.0,0.0,0.7499999999999998,0.0,0.7499999999999998,0.0,0.0833333333333333
467,"[(-1, 0, 0, 1), (0, -1, -1, -1)]",0,1,10,0.909090909090909,0_1,0.0,0.0,0.909090909090909,0.0,0.818181818181818,0.0,0.0
468,"[(-1, 0, 0, 1), (0, -1, -1, 0)]",0,1,10,0.909090909090909,0_1,0.0,0.0,0.909090909090909,0.0,0.818181818181818,0.0,0.0
469,"[(-1, 0, 0, 1), (0, -1, -1, 1)]",0,1,9,0.818181818181818,0_1,0.0,0.0,0.636363636363636,0.0,0.818181818181818,0.0,0.181818181818182
470,"[(-1, 0, 0, 1), (0, -1, 0, -1)]",0,1,9,0.818181818181818,0_1,0.0,0.0,0.818181818181818,0.0,0.636363636363636,0.0,0.0
471,"[(-1, 0, 0, 1), (0, -1, 0, 1)]",0,1,7,0.7,0_1,0.0,0.0,0.7,0.0,0.39999999999999997,0.0,0.0
472,"[(-1, 0, 0, 1), (0, -1, 1, -1)]",0,1,9,0.818181818181818,0_1,0.0,0.0,0.818181818181818,0.0,0.636363636363636,0.0,0.0
473,"[(-1, 0, 0, 1), (0, -1, 1, 0)]",0,1,10,0.909090909090909,0_1,0.0,0.0,0.909090909090909,0.0,0.818181818181818,0.0,0.0
474,"[(-1, 0, 0, 1), (0, -1, 1, 1)]",0,1,6,0.6,0_1,0.0,0.0,0.5,0.0,0.3,0.0,0.1
475,"[(-1, 0, 0, 1), (0, 0, -1, -1)]",0,1,10,0.909090909090909,0_1,0.0,0.0,0.909090909090909,0.0,0.818181818181818,0.0,0.0
476,"[(-1, 0, 0, 1), (0, 0, -1, 1)]",0,1,10,0.909090909090909,0_1,0.0,0.0,0.909090909090909,0.0,0.818181818181818,0.0,0.0
477,"[(-1, 0, 0, 1), (0, 0, 1, -1)]",0,1,10,0.769230769230769,0_1,0.0,0.0,0.6923076923076922,0.0,0.6153846153846151,0.0,0.0769230769230769
478,"[(-1, 0, 0, 1), (0, 0, 1, 1)]",0,1,6,0.545454545454545,0_1,0.0,0.0,0.4545454545454541,0.0,0.181818181818181,0.0,0.0909090909090909
479,"[(-1, 0, 0, 1), (0, 1, -1, -1)]",0,1,9,0.818181818181818,0_1,0.0,0.0,0.818181818181818,0.0,0.636363636363636,0.0,0.0
480,"[(-1, 0, 0, 1), (0, 1, -1, 0)]",0,1,9,0.9,0_1,0.0,0.0,0.9,0.0,0.8,0.0,0.0
481,"[(-1, 0, 0, 1), (0, 1, -1, 1)]",0,1,9,0.9,0_1,0.0,0.0,0.9,0.0,0.8,0.0,0.0
482,"[(-1, 0, 0, 1), (0, 1, 0, -1)]",0,1,10,1.0,0_1,0.0,0.0,1.0,0.0,1.0,0.0,0.0
483,"[(-1, 0, 0, 1), (0, 1, 0, 1)]",0,1,5,0.5,0_1,0.0,0.0,0.5,0.0,0.0,0.0,0.0
484,"[(-1, 0, 0, 1), (0, 1, 1, -1)]",0,1,11,1.0,0_1,0.0,0.0,1.0,0.0,1.0,0.0,0.0
485,"[(-1, 0, 0, 1), (0, 1, 1, 0)]",0,1,9,0.9,0_1,0.0,0.0,0.8,0.0,0.9,0.0,0.1
486,"[(-1, 0, 0, 1), (0, 1, 1, 1)]",0,1,8,0.8,0_1,0.0,0.0,0.7000000000000001,0.0,0.7000000000000001,0.0,0.1
487,"[(-1, 0, 0, 1), (1, -1, -1, 0)]",0,1,11,1.0,0_1,0.0,0.0,1.0,0.0,1.0,0.0,0.0
488,"[(-1, 0, 0, 1), (1, -1, 0, -1)]",0,1,7,0.7,0_1,0.0,0.0,0.6,0.0,0.49999999999999994,0.0,0.1
489,"[(-1, 0, 0, 1), (1, -1, 0, 0)]",1,2,7,0.636363636363636,1_2,0.0,0.0,0.0,0.636363636363636,0.0,0.27272727272727204,0.0
490,"[(-1, 0, 0, 1), (1, -1, 0, 1)]",1,2,8,0.8,1_2,0.0,0.0,0.0,0.7000000000000001,0.0,0.7000000000000001,0.1
491,"[(-1, 0, 0, 1), (1, -1, 1, 0)]",0,1,8,0.8,0_1,0.0,0.0,0.8,0.0,0.6000000000000001,0.0,0.0
492,"[(-1, 0, 0, 1), (1, 0, -1, -1)]",0,1,12,1.0,0_1,0.0,0.0,1.0,0.0,1.0,0.0,0.0
493,"[(-1, 0, 0, 1), (1, 0, -1, 0)]",0,1,6,0.6,0_1,0.0,0.0,0.6,0.0,0.19999999999999996,0.0,0.0
494,"[(-1, 0, 0, 1), (1, 0, -1, 1)]",0,1,9,0.818181818181818,0_1,0.0,0.0,0.818181818181818,0.0,0.636363636363636,0.0,0.0
495,"[(-1, 0, 0, 1), (1, 0, 0, -1)]",0,1,12,1.0,0_1,0.0,0.0,1.0,0.0,1.0,0.0,0.0
496,"[(-1, 0, 0, 1), (1, 0, 0, 1)]",1,2,5,0.454545454545455,1_2,0.0,0.0,0.0,0.272727272727273,0.0,0.090909090909091,0.181818181818182
497,"[(-1, 0, 0, 1), (1, 0, 1, -1)]",0,1,10,0.909090909090909,0_1,0.0,0.0,0.909090909090909,0.0,0.818181818181818,0.0,0.0
498,"[(-1, 0, 0, 1), (1, 0, 1, 0)]",0,1,8,0.8,0_1,0.0,0.0,0.7000000000000001,0.0,0.7000000000000001,0.0,0.1
499,"[(-1, 0, 0, 1), (1, 0, 1, 1)]",0,1,8,0.666666666666667,0_1,0.0,0.0,0.5,0.0,0.5,0.0,0.166666666666667
500,"[(-1, 0, 0, 1), (1, 1, -1, 0)]",0,1,7,0.636363636363636,0_1,0.0,0.0,0.636363636363636,0.0,0.27272727272727204,0.0,0.0
501,"[(-1, 0, 0, 1), (1, 1, 0, -1)]",0,1,10,0.833333333333333,0_1,0.0,0.0,0.7499999999999998,0.0,0.7499999999999998,0.0,0.0833333333333333
502,"[(-1, 0, 0, 1), (1, 1, 0, 0)]",1,2,7,0.583333333333333,1_2,0.0,0.0,0.0,0.4999999999999997,0.0,0.25000000000000006,0.0833333333333333
503,"[(-1, 0, 0, 1), (1, 1, 0, 1)]",0,1,7,0.7,0_1,0.0,0.0,0.6,0.0,0.49999999999999994,0.0,0.1
504,"[(-1, 0, 0, 1), (1, 1, 1, 0)]",0,1,10,0.909090909090909,0_1,0.0,0.0,0.909090909090909,0.0,0.818181818181818,0.0,0.0
505,"[(-1, 0, 1, -1), (-1, 0, 1, 0)]",0,2,6,0.6,0_2,0.6,0.19999999999999996,0.0,0.0,0.0,0.0,0.6
506,"[(-1, 0, 1, -1), (-1, 0, 1, 1)]",1,2,8,0.727272727272727,1_2,0.0,0.0,0.0,0.454545454545454,0.0,0.727272727272727,0.272727272727273
507,"[(-1, 0, 1, -1), (-1, 1, -1, 0)]",1,2,7,0.7,1_2,0.0,0.0,0.0,0.49999999999999994,0.0,0.6,0.2
508,"[(-1, 0, 1, -1), (-1, 1, 0, -1)]",0,2,9,0.75,0_2,0.6666666666666667,0.583333333333333,0.0,0.0,0.0,0.0,0.75
509,"[(-1, 0, 1, -1), (-1, 1, 0, 0)]",1,2,9,0.692307692307692,1_2,0.0,0.0,0.0,0.6153846153846151,0.0,0.46153846153846095,0.0769230769230769
510,"[(-1, 0, 1, -1), (-1, 1, 0, 1)]",1,2,8,0.666666666666667,1_2,0.0,0.0,0.0,0.5833333333333337,0.0,0.41666666666666696,0.0833333333333333
511,"[(-1, 0, 1, -1), (-1, 1, 1, 0)]",0,2,6,0.545454545454545,0_2,0.4545454545454541,0.181818181818181,0.0,0.0,0.0,0.0,0.545454545454545
512,"[(-1, 0, 1, -1), (0, -1, -1, -1)]",0,1,6,0.6,0_1,0.0,0.0,0.19999999999999996,0.0,0.6,0.0,0.4
513,"[(-1, 0, 1, -1), (0, -1, -1, 0)]",1,2,6,0.6,1_2,0.0,0.0,0.0,0.6,0.0,0.19999999999999996,0.0
514,"[(-1, 0, 1, -1), (0, -1, -1, 1)]",1,2,8,0.727272727272727,1_2,0.0,0.0,0.0,0.727272727272727,0.0,0.454545454545454,0.0
515,"[(-1, 0, 1, -1), (0, -1, 0, -1)]",0,2,7,0.7,0_2,0.6,0.49999999999999994,0.0,0.0,0.0,0.0,0.7
516,"[(-1, 0, 1, -1), (0, -1, 0, 1)]",1,2,12,0.923076923076923,1_2,0.0,0.0,0.0,0.8461538461538461,0.0,0.923076923076923,0.0769230769230769
517,"[(-1, 0, 1, -1), (0, -1, 1, -1)]",0,2,7,0.636363636363636,0_2,0.45454545454545403,0.45454545454545403,0.0,0.0,0.0,0.0,0.636363636363636
518,"[(-1, 0, 1, -1), (0, -1, 1, 0)]",0,2,5,0.5,0_2,0.5,0.0,0.0,0.0,0.0,0.0,0.5
519,"[(-1, 0, 1, -1), (0, -1, 1, 1)]",0,2,6,0.5,0_2,0.4166666666666667,0.08333333333333298,0.0,0.0,0.0,0.0,0.5
520,"[(-1, 0, 1, -1), (0, 0, -1, -1)]",0,1,4,0.4,0_1,0.0,0.0,0.0,0.0,0.2,0.0,0.4
521,"[(-1, 0, 1, -1), (0, 0, -1, 1)]",1,2,7,0.7,1_2,0.0,0.0,0.0,0.7,0.0,0.39999999999999997,0.0
522,"[(-1, 0, 1, -1), (0, 0, 1, -1)]",0,2,6,0.5,0_2,0.08333333333333298,0.4166666666666667,0.0,0.0,0.0,0.0,0.5
523,"[(-1, 0, 1, -1), (0, 0, 1, 1)]",1,2,5,0.454545454545455,1_2,0.0,0.0,0.0,0.090909090909091,0.0,0.272727272727273,0.363636363636364
524,"[(-1, 0, 1, -1), (0, 1, -1, -1)]",0,1,5,0.416666666666667,0_1,0.0,0.0,0.0,0.0,0.25,0.0,0.416666666666667
525,"[(-1, 0, 1, -1), (0, 1, -1, 0)]",0,1,6,0.5,0_1,0.0,0.0,0.4166666666666667,0.0,0.08333333333333298,0.0,0.0833333333333333
526,"[(-1, 0, 1, -1), (0, 1, -1, 1)]",1,2,6,0.545454545454545,1_2,0.0,0.0,0.0,0.545454545454545,0.0,0.09090909090909,0.0
527,"[(-1, 0, 1, -1), (0, 1, 0, -1)]",0,2,7,0.636363636363636,0_2,0.45454545454545403,0.45454545454545403,0.0,0.0,0.0,0.0,0.636363636363636
528,"[(-1, 0, 1, -1), (0, 1, 0, 1)]",1,2,10,0.909090909090909,1_2,0.0,0.0,0.0,0.909090909090909,0.0,0.818181818181818,0.0
529,"[(-1, 0, 1, -1), (0, 1, 1, -1)]",0,2,9,0.75,0_2,0.583333333333333,0.6666666666666667,0.0,0.0,0.0,0.0,0.75
530,"[(-1, 0, 1, -1), (0, 1, 1, 0)]",0,2,6,0.6,0_2,0.5,0.3,0.0,0.0,0.0,0.0,0.6
531,"[(-1, 0, 1, -1), (0, 1, 1, 1)]",1,2,6,0.6,1_2,0.0,0.0,0.0,0.3,0.0,0.5,0.3
532,"[(-1, 0, 1, -1), (1, -1, -1, 0)]",0,1,7,0.636363636363636,0_1,0.0,0.0,0.636363636363636,0.0,0.27272727272727204,0.0,0.0
533,"[(-1, 0, 1, -1), (1, -1, 0, -1)]",1,2,6,0.6,1_2,0.0,0.0,0.0,0.3,0.0,0.5,0.3
534,"[(-1, 0, 1, -1), (1, -1, 0, 0)]",1,2,11,1.0,1_2,0.0,0.0,0.0,1.0,0.0,1.0,0.0
535,"[(-1, 0, 1, -1), (1, -1, 0, 1)]",1,2,10,0.909090909090909,1_2,0.0,0.0,0.0,0.909090909090909,0.0,0.818181818181818,0.0
536,"[(-1, 0, 1, -1), (1, -1, 1, 0)]",1,2,8,0.727272727272727,1_2,0.0,0.0,0.0,0.545454545454545,0.0,0.636363636363636,0.181818181818182
537,"[(-1, 0, 1, -1), (1, 0, -1, -1)]",0,2,5,0.454545454545455,0_2,0.090909090909091,0.272727272727273,0.0,0.0,0.0,0.0,0.454545454545455
538,"[(-1, 0, 1, -1), (1, 0, -1, 0)]",1,2,7,0.466666666666667,1_2,0.0,0.0,0.0,0.33333333333333404,0.0,0.06666666666666698,0.133333333333333
539,"[(-1, 0, 1, -1), (1, 0, -1, 1)]",1,2,8,0.8,1_2,0.0,0.0,0.0,0.8,0.0,0.6000000000000001,0.0
540,"[(-1, 0, 1, -1), (1, 0, 0, -1)]",1,2,5,0.5,1_2,0.0,0.0,0.0,0.09999999999999998,0.0,0.4,0.4
541,"[(-1, 0, 1, -1), (1, 0, 0, 1)]",1,2,12,0.923076923076923,1_2,0.0,0.0,0.0,0.923076923076923,0.0,0.8461538461538461,0.0
542,"[(-1, 0, 1, -1), (1, 0, 1, -1)]",0,2,7,0.7,0_2,0.49999999999999994,0.6,0.0,0.0,0.0,0.0,0.7
543,"[(-1, 0, 1, -1), (1, 0, 1, 0)]",0,2,6,0.545454545454545,0_2,0.4545454545454541,0.181818181818181,0.0,0.0,0.0,0.0,0.545454545454545
544,"[(-1, 0, 1, -1), (1, 0, 1, 1)]",0,1,5,0.454545454545455,0_1,0.0,0.0,0.181818181818182,0.0,0.181818181818182,0.0,0.272727272727273
545,"[(-1, 0, 1, -1), (1, 1, -1, 0)]",1,2,9,0.75,1_2,0.0,0.0,0.0,0.6666666666666667,0.0,0.583333333333333,0.0833333333333333
546,"[(-1, 0, 1, -1), (1, 1, 0, -1)]",0,2,5,0.454545454545455,0_2,0.3636363636363641,0.0,0.0,0.0,0.0,0.0,0.454545454545455
547,"[(-1, 0, 1, -1), (1, 1, 0, 0)]",1,2,10,0.833333333333333,1_2,0.0,0.0,0.0,0.833333333333333,0.0,0.6666666666666661,0.0
548,"[(-1, 0, 1, -1), (1, 1, 0, 1)]",1,2,8,0.666666666666667,1_2,0.0,0.0,0.0,0.666666666666667,0.0,0.333333333333334,0.0
549,"[(-1, 0, 1, -1), (1, 1, 1, 0)]",1,2,5,0.454545454545455,1_2,0.0,0.0,0.0,0.181818181818182,0.0,0.181818181818182,0.272727272727273
550,"[(-1, 0, 1, 0), (-1, 0, 1, 1)]",0,2,5,0.5,0_2,0.09999999999999998,0.4,0.0,0.0,0.0,0.0,0.5
551,"[(-1, 0, 1, 0), (-1, 1, -1, 0)]",0,1,9,0.818181818181818,0_1,0.0,0.0,0.636363636363636,0.0,0.818181818181818,0.0,0.181818181818182
552,"[(-1, 0, 1, 0), (-1, 1, 0, -1)]",0,1,8,0.8,0_1,0.0,0.0,0.7000000000000001,0.0,0.7000000000000001,0.0,0.1
553,"[(-1, 0, 1, 0), (-1, 1, 0, 0)]",0,1,6,0.5,0_1,0.0,0.0,0.33333333333333304,0.0,0.16666666666666702,0.0,0.166666666666667
554,"[(-1, 0, 1, 0), (-1, 1, 0, 1)]",1,2,6,0.545454545454545,1_2,0.0,0.0,0.0,0.4545454545454541,0.0,0.181818181818181,0.0909090909090909
555,"[(-1, 0, 1, 0), (-1, 1, 1, 0)]",0,2,6,0.545454545454545,0_2,0.4545454545454541,0.181818181818181,0.0,0.0,0.0,0.0,0.545454545454545
556,"[(-1, 0, 1, 0), (0, -1, -1, -1)]",0,1,9,0.818181818181818,0_1,0.0,0.0,0.818181818181818,0.0,0.636363636363636,0.0,0.0
557,"[(-1, 0, 1, 0), (0, -1, -1, 0)]",0,1,5,0.5,0_1,0.0,0.0,0.5,0.0,0.0,0.0,0.0
558,"[(-1, 0, 1, 0), (0, -1, -1, 1)]",0,1,8,0.8,0_1,0.0,0.0,0.8,0.0,0.6000000000000001,0.0,0.0
559,"[(-1, 0, 1, 0), (0, -1, 0, -1)]",0,1,5,0.5,0_1,0.0,0.0,0.09999999999999998,0.0,0.4,0.0,0.4
560,"[(-1, 0, 1, 0), (0, -1, 0, 1)]",1,2,11,0.846153846153846,1_2,0.0,0.0,0.0,0.846153846153846,0.0,0.6923076923076921,0.0
561,"[(-1, 0, 1, 0), (0, -1, 1, -1)]",0,2,9,0.75,0_2,0.5,0.75,0.0,0.0,0.0,0.0,0.75
562,"[(-1, 0, 1, 0), (0, -1, 1, 0)]",0,2,4,0.4,0_2,0.10000000000000003,0.10000000000000003,0.0,0.0,0.0,0.0,0.4
563,"[(-1, 0, 1, 0), (0, -1, 1, 1)]",0,2,5,0.454545454545455,0_2,0.181818181818182,0.181818181818182,0.0,0.0,0.0,0.0,0.454545454545455
564,"[(-1, 0, 1, 0), (0, 0, -1, -1)]",0,1,9,0.818181818181818,0_1,0.0,0.0,0.7272727272727271,0.0,0.7272727272727271,0.0,0.0909090909090909
565,"[(-1, 0, 1, 0), (0, 0, -1, 1)]",0,1,11,0.916666666666667,0_1,0.0,0.0,0.916666666666667,0.0,0.8333333333333337,0.0,0.0
566,"[(-1, 0, 1, 0), (0, 0, 1, -1)]",0,1,7,0.636363636363636,0_1,0.0,0.0,0.36363636363636304,0.0,0.5454545454545451,0.0,0.272727272727273
567,"[(-1, 0, 1, 0), (0, 0, 1, 1)]",1,2,5,0.416666666666667,1_2,0.0,0.0,0.0,0.16666666666666702,0.0,0.08333333333333404,0.25
568,"[(-1, 0, 1, 0), (0, 1, -1, -1)]",0,1,9,0.818181818181818,0_1,0.0,0.0,0.7272727272727271,0.0,0.7272727272727271,0.0,0.0909090909090909
569,"[(-1, 0, 1, 0), (0, 1, -1, 0)]",0,1,5,0.454545454545455,0_1,0.0,0.0,0.3636363636363641,0.0,0.0,0.0,0.0909090909090909
570,"[(-1, 0, 1, 0), (0, 1, -1, 1)]",0,1,5,0.5,0_1,0.0,0.0,0.5,0.0,0.0,0.0,0.0
571,"[(-1, 0, 1, 0), (0, 1, 0, -1)]",0,1,7,0.7,0_1,0.0,0.0,0.6,0.0,0.49999999999999994,0.0,0.1
572,"[(-1, 0, 1, 0), (0, 1, 0, 1)]",0,1,6,0.545454545454545,0_1,0.0,0.0,0.4545454545454541,0.0,0.181818181818181,0.0,0.0909090909090909
573,"[(-1, 0, 1, 0), (0, 1, 1, -1)]",0,2,6,0.545454545454545,0_2,0.363636363636363,0.272727272727272,0.0,0.0,0.0,0.0,0.545454545454545
574,"[(-1, 0, 1, 0), (0, 1, 1, 0)]",0,2,6,0.545454545454545,0_2,0.545454545454545,0.09090909090909,0.0,0.0,0.0,0.0,0.545454545454545
575,"[(-1, 0, 1, 0), (0, 1, 1, 1)]",0,1,6,0.545454545454545,0_1,0.0,0.0,0.4545454545454541,0.0,0.181818181818181,0.0,0.0909090909090909
576,"[(-1, 0, 1, 0), (1, -1, -1, 0)]",0,1,10,0.833333333333333,0_1,0.0,0.0,0.833333333333333,0.0,0.6666666666666661,0.0,0.0
577,"[(-1, 0, 1, 0), (1, -1, 0, -1)]",1,2,5,0.454545454545455,1_2,0.0,0.0,0.0,0.272727272727273,0.0,0.090909090909091,0.181818181818182
578,"[(-1, 0, 1, 0), (1, -1, 0, 0)]",1,2,9,0.692307692307692,1_2,0.0,0.0,0.0,0.692307692307692,0.0,0.38461538461538397,0.0
579,"[(-1, 0, 1, 0), (1, -1, 0, 1)]",1,2,6,0.6,1_2,0.0,0.0,0.0,0.39999999999999997,0.0,0.39999999999999997,0.2
580,"[(-1, 0, 1, 0), (1, -1, 1, 0)]",0,2,7,0.7,0_2,0.6,0.49999999999999994,0.0,0.0,0.0,0.0,0.7
581,"[(-1, 0, 1, 0), (1, 0, -1, -1)]",0,1,10,0.909090909090909,0_1,0.0,0.0,0.818181818181818,0.0,0.909090909090909,0.0,0.0909090909090909
582,"[(-1, 0, 1, 0), (1, 0, -1, 0)]",0,1,7,0.636363636363636,0_1,0.0,0.0,0.636363636363636,0.0,0.27272727272727204,0.0,0.0
583,"[(-1, 0, 1, 0), (1, 0, -1, 1)]",0,1,8,0.8,0_1,0.0,0.0,0.7000000000000001,0.0,0.7000000000000001,0.0,0.1
584,"[(-1, 0, 1, 0), (1, 0, 0, -1)]",1,2,6,0.6,1_2,0.0,0.0,0.0,0.39999999999999997,0.0,0.39999999999999997,0.2
585,"[(-1, 0, 1, 0), (1, 0, 0, 1)]",1,2,8,0.727272727272727,1_2,0.0,0.0,0.0,0.636363636363636,0.0,0.545454545454545,0.0909090909090909
586,"[(-1, 0, 1, 0), (1, 0, 1, -1)]",0,2,6,0.6,0_2,0.39999999999999997,0.39999999999999997,0.0,0.0,0.0,0.0,0.6
587,"[(-1, 0, 1, 0), (1, 0, 1, 0)]",0,2,5,0.454545454545455,0_2,0.272727272727273,0.090909090909091,0.0,0.0,0.0,0.0,0.454545454545455
588,"[(-1, 0, 1, 0), (1, 0, 1, 1)]",0,1,6,0.5,0_1,0.0,0.0,0.33333333333333304,0.0,0.16666666666666702,0.0,0.166666666666667
589,"[(-1, 0, 1, 0), (1, 1, -1, 0)]",0,1,10,0.833333333333333,0_1,0.0,0.0,0.833333333333333,0.0,0.6666666666666661,0.0,0.0
590,"[(-1, 0, 1, 0), (1, 1, 0, -1)]",0,1,5,0.454545454545455,0_1,0.0,0.0,0.090909090909091,0.0,0.272727272727273,0.0,0.363636363636364
591,"[(-1, 0, 1, 0), (1, 1, 0, 0)]",1,2,8,0.8,1_2,0.0,0.0,0.0,0.8,0.0,0.6000000000000001,0.0
592,"[(-1, 0, 1, 0), (1, 1, 0, 1)]",1,2,7,0.7,1_2,0.0,0.0,0.0,0.7,0.0,0.39999999999999997,0.0
593,"[(-1, 0, 1, 0), (1, 1, 1, 0)]",0,2,6,0.5,0_2,0.25,0.25,0.0,0.0,0.0,0.0,0.5
594,"[(-1, 0, 1, 1), (-1, 1, -1, 0)]",0,1,9,0.818181818181818,0_1,0.0,0.0,0.7272727272727271,0.0,0.7272727272727271,0.0,0.0909090909090909
595,"[(-1, 0, 1, 1), (-1, 1, 0, -1)]",0,1,8,0.666666666666667,0_1,0.0,0.0,0.5833333333333337,0.0,0.41666666666666696,0.0,0.0833333333333333
596,"[(-1, 0, 1, 1), (-1, 1, 0, 0)]",1,2,6,0.545454545454545,1_2,0.0,0.0,0.0,0.363636363636363,0.0,0.272727272727272,0.181818181818182
597,"[(-1, 0, 1, 1), (-1, 1, 0, 1)]",1,2,6,0.6,1_2,0.0,0.0,0.0,0.6,0.0,0.19999999999999996,0.0
598,"[(-1, 0, 1, 1), (-1, 1, 1, 0)]",0,2,6,0.545454545454545,0_2,0.09090909090909,0.545454545454545,0.0,0.0,0.0,0.0,0.545454545454545
599,"[(-1, 0, 1, 1), (0, -1, -1, -1)]",0,1,10,0.909090909090909,0_1,0.0,0.0,0.909090909090909,0.0,0.818181818181818,0.0,0.0
600,"[(-1, 0, 1, 1), (0, -1, -1, 0)]",0,1,9,0.9,0_1,0.0,0.0,0.8,0.0,0.9,0.0,0.1
601,"[(-1, 0, 1, 1), (0, -1, -1, 1)]",0,1,10,0.909090909090909,0_1,0.0,0.0,0.818181818181818,0.0,0.909090909090909,0.0,0.0909090909090909
602,"[(-1, 0, 1, 1), (0, -1, 0, -1)]",0,1,8,0.666666666666667,0_1,0.0,0.0,0.41666666666666696,0.0,0.5833333333333337,0.0,0.25
603,"[(-1, 0, 1, 1), (0, -1, 0, 1)]",1,2,9,0.818181818181818,1_2,0.0,0.0,0.0,0.818181818181818,0.0,0.636363636363636,0.0
604,"[(-1, 0, 1, 1), (0, -1, 1, -1)]",0,1,9,0.818181818181818,0_1,0.0,0.0,0.7272727272727271,0.0,0.7272727272727271,0.0,0.0909090909090909
605,"[(-1, 0, 1, 1), (0, -1, 1, 0)]",0,1,4,0.363636363636364,0_1,0.0,0.0,0.0,0.0,0.090909090909091,0.0,0.363636363636364
606,"[(-1, 0, 1, 1), (0, -1, 1, 1)]",0,2,5,0.454545454545455,0_2,0.272727272727273,0.090909090909091,0.0,0.0,0.0,0.0,0.454545454545455
607,"[(-1, 0, 1, 1), (0, 0, -1, -1)]",0,1,8,0.8,0_1,0.0,0.0,0.7000000000000001,0.0,0.7000000000000001,0.0,0.1
608,"[(-1, 0, 1, 1), (0, 0, -1, 1)]",0,1,9,0.818181818181818,0_1,0.0,0.0,0.818181818181818,0.0,0.636363636363636,0.0,0.0
609,"[(-1, 0, 1, 1), (0, 0, 1, -1)]",0,1,5,0.5,0_1,0.0,0.0,0.2,0.0,0.3,0.0,0.3
610,"[(-1, 0, 1, 1), (0, 0, 1, 1)]",0,1,4,0.363636363636364,0_1,0.0,0.0,0.0,0.0,0.090909090909091,0.0,0.363636363636364
611,"[(-1, 0, 1, 1), (0, 1, -1, -1)]",0,1,10,0.833333333333333,0_1,0.0,0.0,0.7499999999999998,0.0,0.7499999999999998,0.0,0.0833333333333333
612,"[(-1, 0, 1, 1), (0, 1, -1, 0)]",0,1,6,0.545454545454545,0_1,0.0,0.0,0.545454545454545,0.0,0.09090909090909,0.0,0.0
613,"[(-1, 0, 1, 1), (0, 1, -1, 1)]",0,1,10,1.0,0_1,0.0,0.0,1.0,0.0,1.0,0.0,0.0
614,"[(-1, 0, 1, 1), (0, 1, 0, -1)]",0,1,5,0.416666666666667,0_1,0.0,0.0,0.25,0.0,0.0,0.0,0.166666666666667
615,"[(-1, 0, 1, 1), (0, 1, 0, 1)]",1,2,12,1.0,1_2,0.0,0.0,0.0,1.0,0.0,1.0,0.0
616,"[(-1, 0, 1, 1), (0, 1, 1, -1)]",0,1,7,0.636363636363636,0_1,0.0,0.0,0.36363636363636304,0.0,0.5454545454545451,0.0,0.272727272727273
617,"[(-1, 0, 1, 1), (0, 1, 1, 0)]",0,1,7,0.583333333333333,0_1,0.0,0.0,0.25000000000000006,0.0,0.4999999999999997,0.0,0.333333333333333
618,"[(-1, 0, 1, 1), (0, 1, 1, 1)]",0,2,7,0.636363636363636,0_2,0.45454545454545403,0.45454545454545403,0.0,0.0,0.0,0.0,0.636363636363636
619,"[(-1, 0, 1, 1), (1, -1, -1, 0)]",0,1,7,0.636363636363636,0_1,0.0,0.0,0.636363636363636,0.0,0.27272727272727204,0.0,0.0
620,"[(-1, 0, 1, 1), (1, -1, 0, -1)]",0,1,9,0.9,0_1,0.0,0.0,0.9,0.0,0.8,0.0,0.0
621,"[(-1, 0, 1, 1), (1, -1, 0, 0)]",1,2,10,0.909090909090909,1_2,0.0,0.0,0.0,0.909090909090909,0.0,0.818181818181818,0.0
622,"[(-1, 0, 1, 1), (1, -1, 0, 1)]",1,2,7,0.7,1_2,0.0,0.0,0.0,0.39999999999999997,0.0,0.7,0.3
623,"[(-1, 0, 1, 1), (1, -1, 1, 0)]",0,2,6,0.6,0_2,0.39999999999999997,0.39999999999999997,0.0,0.0,0.0,0.0,0.6
624,"[(-1, 0, 1, 1), (1, 0, -1, -1)]",0,1,10,1.0,0_1,0.0,0.0,1.0,0.0,1.0,0.0,0.0
625,"[(-1, 0, 1, 1), (1, 0, -1, 0)]",0,1,8,0.727272727272727,0_1,0.0,0.0,0.727272727272727,0.0,0.454545454545454,0.0,0.0
626,"[(-1, 0, 1, 1), (1, 0, -1, 1)]",0,1,10,0.909090909090909,0_1,0.0,0.0,0.909090909090909,0.0,0.818181818181818,0.0,0.0
627,"[(-1, 0, 1, 1), (1, 0, 0, -1)]",0,1,6,0.6,0_1,0.0,0.0,0.5,0.0,0.3,0.0,0.1
628,"[(-1, 0, 1, 1), (1, 0, 0, 1)]",1,2,9,0.75,1_2,0.0,0.0,0.0,0.75,0.0,0.5,0.0
629,"[(-1, 0, 1, 1), (1, 0, 1, -1)]",0,1,7,0.583333333333333,0_1,0.0,0.0,0.33333333333333304,0.0,0.4166666666666661,0.0,0.25
630,"[(-1, 0, 1, 1), (1, 0, 1, 0)]",1,2,7,0.636363636363636,1_2,0.0,0.0,0.0,0.36363636363636304,0.0,0.5454545454545451,0.272727272727273
631,"[(-1, 0, 1, 1), (1, 0, 1, 1)]",0,2,6,0.6,0_2,0.6,0.19999999999999996,0.0,0.0,0.0,0.0,0.6
632,"[(-1, 0, 1, 1), (1, 1, -1, 0)]",0,1,8,0.8,0_1,0.0,0.0,0.8,0.0,0.6000000000000001,0.0,0.0
633,"[(-1, 0, 1, 1), (1, 1, 0, -1)]",0,1,8,0.727272727272727,0_1,0.0,0.0,0.727272727272727,0.0,0.454545454545454,0.0,0.0
634,"[(-1, 0, 1, 1), (1, 1, 0, 0)]",1,2,10,1.0,1_2,0.0,0.0,0.0,1.0,0.0,1.0,0.0
635,"[(-1, 0, 1, 1), (1, 1, 0, 1)]",1,2,6,0.6,1_2,0.0,0.0,0.0,0.39999999999999997,0.0,0.39999999999999997,0.2
636,"[(-1, 0, 1, 1), (1, 1, 1, 0)]",0,1,4,0.363636363636364,0_1,0.0,0.0,0.090909090909091,0.0,0.0,0.0,0.272727272727273
637,"[(-1, 1, -1, 0), (-1, 1, 0, -1)]",0,1,9,0.818181818181818,0_1,0.0,0.0,0.636363636363636,0.0,0.818181818181818,0.0,0.181818181818182
638,"[(-1, 1, -1, 0), (-1, 1, 0, 0)]",1,2,10,0.769230769230769,1_2,0.0,0.0,0.0,0.769230769230769,0.0,0.5384615384615381,0.0
639,"[(-1, 1, -1, 0), (-1, 1, 0, 1)]",1,2,8,0.727272727272727,1_2,0.0,0.0,0.0,0.636363636363636,0.0,0.545454545454545,0.0909090909090909
640,"[(-1, 1, -1, 0), (-1, 1, 1, 0)]",0,1,4,0.4,0_1,0.0,0.0,0.2,0.0,0.0,0.0,0.2
641,"[(-1, 1, -1, 0), (0, -1, -1, -1)]",0,2,6,0.6,0_2,0.3,0.5,0.0,0.0,0.0,0.0,0.6
642,"[(-1, 1, -1, 0), (0, -1, -1, 0)]",0,2,5,0.5,0_2,0.2,0.3,0.0,0.0,0.0,0.0,0.5
643,"[(-1, 1, -1, 0), (0, -1, -1, 1)]",0,2,7,0.583333333333333,0_2,0.25000000000000006,0.4999999999999997,0.0,0.0,0.0,0.0,0.583333333333333
644,"[(-1, 1, -1, 0), (0, -1, 0, -1)]",1,2,6,0.6,1_2,0.0,0.0,0.0,0.5,0.0,0.3,0.1
645,"[(-1, 1, -1, 0), (0, -1, 0, 1)]",1,2,10,1.0,1_2,0.0,0.0,0.0,1.0,0.0,1.0,0.0
646,"[(-1, 1, -1, 0), (0, -1, 1, -1)]",1,2,5,0.5,1_2,0.0,0.0,0.0,0.4,0.0,0.09999999999999998,0.1
647,"[(-1, 1, -1, 0), (0, -1, 1, 0)]",1,2,9,0.9,1_2,0.0,0.0,0.0,0.8,0.0,0.9,0.1
648,"[(-1, 1, -1, 0), (0, -1, 1, 1)]",1,2,10,1.0,1_2,0.0,0.0,0.0,1.0,0.0,1.0,0.0
649,"[(-1, 1, -1, 0), (0, 0, -1, -1)]",0,2,7,0.7,0_2,0.6,0.49999999999999994,0.0,0.0,0.0,0.0,0.7
650,"[(-1, 1, -1, 0), (0, 0, -1, 1)]",0,2,9,0.9,0_2,0.8,0.9,0.0,0.0,0.0,0.0,0.9
651,"[(-1, 1, -1, 0), (0, 0, 1, -1)]",0,1,4,0.333333333333333,0_1,0.0,0.0,0.0,0.0,0.0,0.0,0.333333333333333
652,"[(-1, 1, -1, 0), (0, 0, 1, 1)]",1,2,9,0.75,1_2,0.0,0.0,0.0,0.6666666666666667,0.0,0.583333333333333,0.0833333333333333
653,"[(-1, 1, -1, 0), (0, 1, -1, -1)]",0,2,6,0.6,0_2,0.3,0.5,0.0,0.0,0.0,0.0,0.6
654,"[(-1, 1, -1, 0), (0, 1, -1, 0)]",0,2,6,0.6,0_2,0.39999999999999997,0.39999999999999997,0.0,0.0,0.0,0.0,0.6
655,"[(-1, 1, -1, 0), (0, 1, -1, 1)]",0,2,8,0.666666666666667,0_2,0.5,0.5,0.0,0.0,0.0,0.0,0.666666666666667
656,"[(-1, 1, -1, 0), (0, 1, 0, -1)]",1,2,4,0.4,1_2,0.0,0.0,0.0,0.10000000000000003,0.0,0.10000000000000003,0.3
657,"[(-1, 1, -1, 0), (0, 1, 0, 1)]",1,2,10,0.833333333333333,1_2,0.0,0.0,0.0,0.6666666666666661,0.0,0.833333333333333,0.166666666666667
658,"[(-1, 1, -1, 0), (0, 1, 1, -1)]",0,2,4,0.363636363636364,0_2,0.090909090909091,0.0,0.0,0.0,0.0,0.0,0.363636363636364
659,"[(-1, 1, -1, 0), (0, 1, 1, 0)]",1,2,6,0.6,1_2,0.0,0.0,0.0,0.3,0.0,0.5,0.3
660,"[(-1, 1, -1, 0), (0, 1, 1, 1)]",1,2,10,0.714285714285714,1_2,0.0,0.0,0.0,0.6428571428571426,0.0,0.5,0.0714285714285714
661,"[(-1, 1, -1, 0), (1, -1, -1, 0)]",0,2,5,0.5,0_2,0.3,0.2,0.0,0.0,0.0,0.0,0.5
662,"[(-1, 1, -1, 0), (1, -1, 0, -1)]",1,2,8,0.727272727272727,1_2,0.0,0.0,0.0,0.545454545454545,0.0,0.636363636363636,0.181818181818182
663,"[(-1, 1, -1, 0), (1, -1, 0, 0)]",1,2,9,0.9,1_2,0.0,0.0,0.0,0.8,0.0,0.9,0.1
664,"[(-1, 1, -1, 0), (1, -1, 0, 1)]",1,2,10,1.0,1_2,0.0,0.0,0.0,1.0,0.0,1.0,0.0
665,"[(-1, 1, -1, 0), (1, -1, 1, 0)]",1,2,10,0.909090909090909,1_2,0.0,0.0,0.0,0.909090909090909,0.0,0.818181818181818,0.0
666,"[(-1, 1, -1, 0), (1, 0, -1, -1)]",0,2,7,0.636363636363636,0_2,0.36363636363636304,0.5454545454545451,0.0,0.0,0.0,0.0,0.636363636363636
667,"[(-1, 1, -1, 0), (1, 0, -1, 0)]",0,2,7,0.636363636363636,0_2,0.5454545454545451,0.36363636363636304,0.0,0.0,0.0,0.0,0.636363636363636
668,"[(-1, 1, -1, 0), (1, 0, -1, 1)]",0,2,8,0.727272727272727,0_2,0.727272727272727,0.454545454545454,0.0,0.0,0.0,0.0,0.727272727272727
669,"[(-1, 1, -1, 0), (1, 0, 0, -1)]",1,2,8,0.8,1_2,0.0,0.0,0.0,0.7000000000000001,0.0,0.7000000000000001,0.1
670,"[(-1, 1, -1, 0), (1, 0, 0, 1)]",1,2,7,0.636363636363636,1_2,0.0,0.0,0.0,0.5454545454545451,0.0,0.36363636363636304,0.0909090909090909
671,"[(-1, 1, -1, 0), (1, 0, 1, -1)]",0,2,4,0.363636363636364,0_2,0.090909090909091,0.0,0.0,0.0,0.0,0.0,0.363636363636364
672,"[(-1, 1, -1, 0), (1, 0, 1, 0)]",1,2,7,0.7,1_2,0.0,0.0,0.0,0.6,0.0,0.49999999999999994,0.1
673,"[(-1, 1, -1, 0), (1, 0, 1, 1)]",1,2,11,0.916666666666667,1_2,0.0,0.0,0.0,0.916666666666667,0.0,0.8333333333333337,0.0
674,"[(-1, 1, -1, 0), (1, 1, -1, 0)]",0,2,9,0.692307692307692,0_2,0.46153846153846095,0.6153846153846151,0.0,0.0,0.0,0.0,0.692307692307692
675,"[(-1, 1, -1, 0), (1, 1, 0, -1)]",0,1,5,0.416666666666667,0_1,0.0,0.0,0.25,0.0,0.0,0.0,0.166666666666667
676,"[(-1, 1, -1, 0), (1, 1, 0, 0)]",1,2,10,0.833333333333333,1_2,0.0,0.0,0.0,0.7499999999999998,0.0,0.7499999999999998,0.0833333333333333
677,"[(-1, 1, -1, 0), (1, 1, 0, 1)]",1,2,14,1.0,1_2,0.0,0.0,0.0,1.0,0.0,1.0,0.0
678,"[(-1, 1, -1, 0), (1, 1, 1, 0)]",0,1,4,0.363636363636364,0_1,0.0,0.0,0.090909090909091,0.0,0.0,0.0,0.272727272727273
679,"[(-1, 1, 0, -1), (-1, 1, 0, 0)]",1,2,8,0.666666666666667,1_2,0.0,0.0,0.0,0.41666666666666696,0.0,0.5833333333333337,0.25
680,"[(-1, 1, 0, -1), (-1, 1, 0, 1)]",1,2,7,0.7,1_2,0.0,0.0,0.0,0.6,0.0,0.49999999999999994,0.1
681,"[(-1, 1, 0, -1), (-1, 1, 1, 0)]",1,2,8,0.8,1_2,0.0,0.0,0.0,0.6000000000000001,0.0,0.8,0.2
682,"[(-1, 1, 0, -1), (0, -1, -1, -1)]",0,2,7,0.636363636363636,0_2,0.36363636363636304,0.5454545454545451,0.0,0.0,0.0,0.0,0.636363636363636
683,"[(-1, 1, 0, -1), (0, -1, -1, 0)]",1,2,6,0.545454545454545,1_2,0.0,0.0,0.0,0.545454545454545,0.0,0.09090909090909,0.0
684,"[(-1, 1, 0, -1), (0, -1, -1, 1)]",0,1,5,0.5,0_1,0.0,0.0,0.4,0.0,0.09999999999999998,0.0,0.1
685,"[(-1, 1, 0, -1), (0, -1, 0, -1)]",0,2,5,0.454545454545455,0_2,0.3636363636363641,0.0,0.0,0.0,0.0,0.0,0.454545454545455
686,"[(-1, 1, 0, -1), (0, -1, 0, 1)]",1,2,11,0.916666666666667,1_2,0.0,0.0,0.0,0.8333333333333337,0.0,0.916666666666667,0.0833333333333333
687,"[(-1, 1, 0, -1), (0, -1, 1, -1)]",0,2,5,0.454545454545455,0_2,0.272727272727273,0.090909090909091,0.0,0.0,0.0,0.0,0.454545454545455
688,"[(-1, 1, 0, -1), (0, -1, 1, 0)]",1,2,6,0.6,1_2,0.0,0.0,0.0,0.5,0.0,0.3,0.1
689,"[(-1, 1, 0, -1), (0, -1, 1, 1)]",1,2,7,0.7,1_2,0.0,0.0,0.0,0.6,0.0,0.49999999999999994,0.1
690,"[(-1, 1, 0, -1), (0, 0, -1, -1)]",0,1,6,0.461538461538462,0_1,0.0,0.0,0.15384615384615402,0.0,0.230769230769231,0.0,0.307692307692308
691,"[(-1, 1, 0, -1), (0, 0, -1, 1)]",1,2,8,0.666666666666667,1_2,0.0,0.0,0.0,0.5,0.0,0.5,0.166666666666667
692,"[(-1, 1, 0, -1), (0, 0, 1, -1)]",1,2,6,0.545454545454545,1_2,0.0,0.0,0.0,0.272727272727272,0.0,0.363636363636363,0.272727272727273
693,"[(-1, 1, 0, -1), (0, 0, 1, 1)]",1,2,8,0.666666666666667,1_2,0.0,0.0,0.0,0.5833333333333337,0.0,0.41666666666666696,0.0833333333333333
694,"[(-1, 1, 0, -1), (0, 1, -1, -1)]",0,2,6,0.6,0_2,0.5,0.3,0.0,0.0,0.0,0.0,0.6
695,"[(-1, 1, 0, -1), (0, 1, -1, 0)]",1,2,5,0.416666666666667,1_2,0.0,0.0,0.0,0.16666666666666702,0.0,0.08333333333333404,0.25
696,"[(-1, 1, 0, -1), (0, 1, -1, 1)]",1,2,5,0.5,1_2,0.0,0.0,0.0,0.4,0.0,0.09999999999999998,0.1
697,"[(-1, 1, 0, -1), (0, 1, 0, -1)]",1,2,8,0.615384615384615,1_2,0.0,0.0,0.0,0.307692307692307,0.0,0.5384615384615381,0.307692307692308
698,"[(-1, 1, 0, -1), (0, 1, 0, 1)]",1,2,9,0.818181818181818,1_2,0.0,0.0,0.0,0.7272727272727271,0.0,0.7272727272727271,0.0909090909090909
699,"[(-1, 1, 0, -1), (0, 1, 1, -1)]",0,2,8,0.666666666666667,0_2,0.5,0.5,0.0,0.0,0.0,0.0,0.666666666666667
700,"[(-1, 1, 0, -1), (0, 1, 1, 0)]",1,2,7,0.583333333333333,1_2,0.0,0.0,0.0,0.25000000000000006,0.0,0.4999999999999997,0.333333333333333
701,"[(-1, 1, 0, -1), (0, 1, 1, 1)]",0,1,6,0.461538461538462,0_1,0.0,0.0,0.30769230769230804,0.0,0.07692307692307698,0.0,0.153846153846154
702,"[(-1, 1, 0, -1), (1, -1, -1, 0)]",1,2,9,0.9,1_2,0.0,0.0,0.0,0.9,0.0,0.8,0.0
703,"[(-1, 1, 0, -1), (1, -1, 0, -1)]",1,2,7,0.538461538461538,1_2,0.0,0.0,0.0,0.15384615384615297,0.0,0.4615384615384611,0.384615384615385
704,"[(-1, 1, 0, -1), (1, -1, 0, 0)]",1,2,8,0.8,1_2,0.0,0.0,0.0,0.7000000000000001,0.0,0.7000000000000001,0.1
705,"[(-1, 1, 0, -1), (1, -1, 0, 1)]",1,2,10,0.909090909090909,1_2,0.0,0.0,0.0,0.818181818181818,0.0,0.909090909090909,0.0909090909090909
706,"[(-1, 1, 0, -1), (1, -1, 1, 0)]",1,2,8,0.8,1_2,0.0,0.0,0.0,0.7000000000000001,0.0,0.7000000000000001,0.1
707,"[(-1, 1, 0, -1), (1, 0, -1, -1)]",0,2,7,0.583333333333333,0_2,0.16666666666666602,0.583333333333333,0.0,0.0,0.0,0.0,0.583333333333333
708,"[(-1, 1, 0, -1), (1, 0, -1, 0)]",1,2,7,0.583333333333333,1_2,0.0,0.0,0.0,0.4999999999999997,0.0,0.25000000000000006,0.0833333333333333
709,"[(-1, 1, 0, -1), (1, 0, -1, 1)]",1,2,6,0.6,1_2,0.0,0.0,0.0,0.6,0.0,0.19999999999999996,0.0
710,"[(-1, 1, 0, -1), (1, 0, 0, -1)]",0,2,9,0.818181818181818,0_2,0.818181818181818,0.636363636363636,0.0,0.0,0.0,0.0,0.818181818181818
711,"[(-1, 1, 0, -1), (1, 0, 0, 1)]",1,2,8,0.8,1_2,0.0,0.0,0.0,0.7000000000000001,0.0,0.7000000000000001,0.1
712,"[(-1, 1, 0, -1), (1, 0, 1, -1)]",0,2,5,0.5,0_2,0.09999999999999998,0.4,0.0,0.0,0.0,0.0,0.5
713,"[(-1, 1, 0, -1), (1, 0, 1, 0)]",1,2,10,0.833333333333333,1_2,0.0,0.0,0.0,0.6666666666666661,0.0,0.833333333333333,0.166666666666667
714,"[(-1, 1, 0, -1), (1, 0, 1, 1)]",1,2,5,0.5,1_2,0.0,0.0,0.0,0.4,0.0,0.09999999999999998,0.1
715,"[(-1, 1, 0, -1), (1, 1, -1, 0)]",1,2,10,0.833333333333333,1_2,0.0,0.0,0.0,0.833333333333333,0.0,0.6666666666666661,0.0
716,"[(-1, 1, 0, -1), (1, 1, 0, -1)]",0,2,8,0.8,0_2,0.7000000000000001,0.7000000000000001,0.0,0.0,0.0,0.0,0.8
717,"[(-1, 1, 0, -1), (1, 1, 0, 0)]",1,2,8,0.8,1_2,0.0,0.0,0.0,0.8,0.0,0.6000000000000001,0.0
718,"[(-1, 1, 0, -1), (1, 1, 0, 1)]",1,2,10,0.833333333333333,1_2,0.0,0.0,0.0,0.7499999999999998,0.0,0.7499999999999998,0.0833333333333333
719,"[(-1, 1, 0, -1), (1, 1, 1, 0)]",1,2,9,0.692307692307692,1_2,0.0,0.0,0.0,0.6153846153846151,0.0,0.46153846153846095,0.0769230769230769
720,"[(-1, 1, 0, 0), (-1, 1, 0, 1)]",0,1,5,0.416666666666667,0_1,0.0,0.0,0.16666666666666702,0.0,0.08333333333333404,0.0,0.25
721,"[(-1, 1, 0, 0), (-1, 1, 1, 0)]",0,1,8,0.615384615384615,0_1,0.0,0.0,0.461538461538461,0.0,0.38461538461538397,0.0,0.153846153846154
722,"[(-1, 1, 0, 0), (0, -1, -1, -1)]",0,1,9,0.75,0_1,0.0,0.0,0.75,0.0,0.5,0.0,0.0
723,"[(-1, 1, 0, 0), (0, -1, -1, 0)]",0,1,8,0.727272727272727,0_1,0.0,0.0,0.636363636363636,0.0,0.545454545454545,0.0,0.0909090909090909
724,"[(-1, 1, 0, 0), (0, -1, -1, 1)]",0,1,10,0.833333333333333,0_1,0.0,0.0,0.833333333333333,0.0,0.6666666666666661,0.0,0.0
725,"[(-1, 1, 0, 0), (0, -1, 0, -1)]",0,1,5,0.357142857142857,0_1,0.0,0.0,0.0,0.0,0.07142857142857101,0.0,0.357142857142857
726,"[(-1, 1, 0, 0), (0, -1, 0, 1)]",1,2,8,0.666666666666667,1_2,0.0,0.0,0.0,0.5833333333333337,0.0,0.41666666666666696,0.0833333333333333
727,"[(-1, 1, 0, 0), (0, -1, 1, -1)]",0,1,8,0.666666666666667,0_1,0.0,0.0,0.41666666666666696,0.0,0.5833333333333337,0.0,0.25
728,"[(-1, 1, 0, 0), (0, -1, 1, 0)]",0,1,6,0.6,0_1,0.0,0.0,0.5,0.0,0.3,0.0,0.1
729,"[(-1, 1, 0, 0), (0, -1, 1, 1)]",0,1,6,0.545454545454545,0_1,0.0,0.0,0.4545454545454541,0.0,0.181818181818181,0.0,0.0909090909090909
730,"[(-1, 1, 0, 0), (0, 0, -1, -1)]",0,1,6,0.545454545454545,0_1,0.0,0.0,0.272727272727272,0.0,0.363636363636363,0.0,0.272727272727273
731,"[(-1, 1, 0, 0), (0, 0, -1, 1)]",0,1,8,0.727272727272727,0_1,0.0,0.0,0.727272727272727,0.0,0.454545454545454,0.0,0.0
732,"[(-1, 1, 0, 0), (0, 0, 1, -1)]",0,1,8,0.727272727272727,0_1,0.0,0.0,0.545454545454545,0.0,0.636363636363636,0.0,0.181818181818182
733,"[(-1, 1, 0, 0), (0, 0, 1, 1)]",0,1,4,0.4,0_1,0.0,0.0,0.2,0.0,0.0,0.0,0.2
734,"[(-1, 1, 0, 0), (0, 1, -1, -1)]",0,1,9,0.9,0_1,0.0,0.0,0.8,0.0,0.9,0.0,0.1
735,"[(-1, 1, 0, 0), (0, 1, -1, 0)]",0,1,6,0.545454545454545,0_1,0.0,0.0,0.545454545454545,0.0,0.09090909090909,0.0,0.0
736,"[(-1, 1, 0, 0), (0, 1, -1, 1)]",0,1,7,0.636363636363636,0_1,0.0,0.0,0.636363636363636,0.0,0.27272727272727204,0.0,0.0
737,"[(-1, 1, 0, 0), (0, 1, 0, -1)]",0,1,10,0.833333333333333,0_1,0.0,0.0,0.6666666666666661,0.0,0.833333333333333,0.0,0.166666666666667
738,"[(-1, 1, 0, 0), (0, 1, 0, 1)]",1,2,8,0.571428571428571,1_2,0.0,0.0,0.0,0.357142857142857,0.0,0.357142857142857,0.214285714285714
739,"[(-1, 1, 0, 0), (0, 1, 1, -1)]",0,1,9,0.9,0_1,0.0,0.0,0.9,0.0,0.8,0.0,0.0
740,"[(-1, 1, 0, 0), (0, 1, 1, 0)]",0,1,10,0.909090909090909,0_1,0.0,0.0,0.818181818181818,0.0,0.909090909090909,0.0,0.0909090909090909
741,"[(-1, 1, 0, 0), (0, 1, 1, 1)]",0,1,6,0.545454545454545,0_1,0.0,0.0,0.545454545454545,0.0,0.09090909090909,0.0,0.0
742,"[(-1, 1, 0, 0), (1, -1, -1, 0)]",0,1,6,0.461538461538462,0_1,0.0,0.0,0.38461538461538514,0.0,0.0,0.0,0.0769230769230769
743,"[(-1, 1, 0, 0), (1, -1, 0, -1)]",0,2,6,0.5,0_2,0.08333333333333298,0.4166666666666667,0.0,0.0,0.0,0.0,0.5
744,"[(-1, 1, 0, 0), (1, -1, 0, 0)]",1,2,6,0.545454545454545,1_2,0.0,0.0,0.0,0.363636363636363,0.0,0.272727272727272,0.181818181818182
745,"[(-1, 1, 0, 0), (1, -1, 0, 1)]",1,2,6,0.5,1_2,0.0,0.0,0.0,0.4166666666666667,0.0,0.08333333333333298,0.0833333333333333
746,"[(-1, 1, 0, 0), (1, -1, 1, 0)]",0,1,8,0.666666666666667,0_1,0.0,0.0,0.666666666666667,0.0,0.333333333333334,0.0,0.0
747,"[(-1, 1, 0, 0), (1, 0, -1, -1)]",0,1,7,0.636363636363636,0_1,0.0,0.0,0.27272727272727204,0.0,0.636363636363636,0.0,0.363636363636364
748,"[(-1, 1, 0, 0), (1, 0, -1, 0)]",0,1,8,0.727272727272727,0_1,0.0,0.0,0.727272727272727,0.0,0.454545454545454,0.0,0.0
749,"[(-1, 1, 0, 0), (1, 0, -1, 1)]",0,1,8,0.727272727272727,0_1,0.0,0.0,0.636363636363636,0.0,0.545454545454545,0.0,0.0909090909090909
750,"[(-1, 1, 0, 0), (1, 0, 0, -1)]",0,1,5,0.5,0_1,0.0,0.0,0.09999999999999998,0.0,0.4,0.0,0.4
751,"[(-1, 1, 0, 0), (1, 0, 0, 1)]",1,2,7,0.636363636363636,1_2,0.0,0.0,0.0,0.5454545454545451,0.0,0.36363636363636304,0.0909090909090909
752,"[(-1, 1, 0, 0), (1, 0, 1, -1)]",0,1,5,0.5,0_1,0.0,0.0,0.2,0.0,0.3,0.0,0.3
753,"[(-1, 1, 0, 0), (1, 0, 1, 0)]",1,2,4,0.4,1_2,0.0,0.0,0.0,0.10000000000000003,0.0,0.10000000000000003,0.3
754,"[(-1, 1, 0, 0), (1, 0, 1, 1)]",0,1,6,0.545454545454545,0_1,0.0,0.0,0.545454545454545,0.0,0.09090909090909,0.0,0.0
755,"[(-1, 1, 0, 0), (1, 1, -1, 0)]",0,1,6,0.545454545454545,0_1,0.0,0.0,0.181818181818181,0.0,0.4545454545454541,0.0,0.363636363636364
756,"[(-1, 1, 0, 0), (1, 1, 0, -1)]",0,1,8,0.727272727272727,0_1,0.0,0.0,0.454545454545454,0.0,0.727272727272727,0.0,0.272727272727273
757,"[(-1, 1, 0, 0), (1, 1, 0, 0)]",0,2,6,0.5,0_2,0.33333333333333304,0.16666666666666702,0.0,0.0,0.0,0.0,0.5
758,"[(-1, 1, 0, 0), (1, 1, 0, 1)]",1,2,9,0.818181818181818,1_2,0.0,0.0,0.0,0.7272727272727271,0.0,0.7272727272727271,0.0909090909090909
759,"[(-1, 1, 0, 0), (1, 1, 1, 0)]",0,1,4,0.4,0_1,0.0,0.0,0.2,0.0,0.0,0.0,0.2
760,"[(-1, 1, 0, 1), (-1, 1, 1, 0)]",0,1,9,0.9,0_1,0.0,0.0,0.8,0.0,0.9,0.0,0.1
761,"[(-1, 1, 0, 1), (0, -1, -1, -1)]",0,1,9,0.9,0_1,0.0,0.0,0.9,0.0,0.8,0.0,0.0
762,"[(-1, 1, 0, 1), (0, -1, -1, 0)]",0,1,8,0.727272727272727,0_1,0.0,0.0,0.545454545454545,0.0,0.636363636363636,0.0,0.181818181818182
763,"[(-1, 1, 0, 1), (0, -1, -1, 1)]",0,1,11,0.733333333333333,0_1,0.0,0.0,0.533333333333333,0.0,0.6666666666666663,0.0,0.2
764,"[(-1, 1, 0, 1), (0, -1, 0, -1)]",0,1,11,1.0,0_1,0.0,0.0,1.0,0.0,1.0,0.0,0.0
765,"[(-1, 1, 0, 1), (0, -1, 0, 1)]",1,2,6,0.545454545454545,1_2,0.0,0.0,0.0,0.545454545454545,0.0,0.09090909090909,0.0
766,"[(-1, 1, 0, 1), (0, -1, 1, -1)]",0,1,9,0.9,0_1,0.0,0.0,0.8,0.0,0.9,0.0,0.1
767,"[(-1, 1, 0, 1), (0, -1, 1, 0)]",0,1,10,1.0,0_1,0.0,0.0,1.0,0.0,1.0,0.0,0.0
768,"[(-1, 1, 0, 1), (0, -1, 1, 1)]",0,1,7,0.7,0_1,0.0,0.0,0.6,0.0,0.49999999999999994,0.0,0.1
769,"[(-1, 1, 0, 1), (0, 0, -1, -1)]",0,1,9,0.75,0_1,0.0,0.0,0.75,0.0,0.5,0.0,0.0
770,"[(-1, 1, 0, 1), (0, 0, -1, 1)]",0,1,7,0.7,0_1,0.0,0.0,0.6,0.0,0.49999999999999994,0.0,0.1
771,"[(-1, 1, 0, 1), (0, 0, 1, -1)]",0,1,9,0.75,0_1,0.0,0.0,0.6666666666666667,0.0,0.583333333333333,0.0,0.0833333333333333
772,"[(-1, 1, 0, 1), (0, 0, 1, 1)]",0,1,10,0.833333333333333,0_1,0.0,0.0,0.833333333333333,0.0,0.6666666666666661,0.0,0.0
773,"[(-1, 1, 0, 1), (0, 1, -1, -1)]",0,1,7,0.7,0_1,0.0,0.0,0.7,0.0,0.39999999999999997,0.0,0.0
774,"[(-1, 1, 0, 1), (0, 1, -1, 0)]",0,1,11,0.916666666666667,0_1,0.0,0.0,0.916666666666667,0.0,0.8333333333333337,0.0,0.0
775,"[(-1, 1, 0, 1), (0, 1, -1, 1)]",0,1,6,0.545454545454545,0_1,0.0,0.0,0.363636363636363,0.0,0.272727272727272,0.0,0.181818181818182
776,"[(-1, 1, 0, 1), (0, 1, 0, -1)]",0,1,12,0.923076923076923,0_1,0.0,0.0,0.923076923076923,0.0,0.8461538461538461,0.0,0.0
777,"[(-1, 1, 0, 1), (0, 1, 0, 1)]",0,1,8,0.727272727272727,0_1,0.0,0.0,0.636363636363636,0.0,0.545454545454545,0.0,0.0909090909090909
778,"[(-1, 1, 0, 1), (0, 1, 1, -1)]",0,1,8,0.8,0_1,0.0,0.0,0.8,0.0,0.6000000000000001,0.0,0.0
779,"[(-1, 1, 0, 1), (0, 1, 1, 0)]",0,1,5,0.416666666666667,0_1,0.0,0.0,0.16666666666666702,0.0,0.08333333333333404,0.0,0.25
780,"[(-1, 1, 0, 1), (0, 1, 1, 1)]",0,1,6,0.5,0_1,0.0,0.0,0.4166666666666667,0.0,0.08333333333333298,0.0,0.0833333333333333
781,"[(-1, 1, 0, 1), (1, -1, -1, 0)]",0,1,10,0.909090909090909,0_1,0.0,0.0,0.909090909090909,0.0,0.818181818181818,0.0,0.0
782,"[(-1, 1, 0, 1), (1, -1, 0, -1)]",0,1,10,0.909090909090909,0_1,0.0,0.0,0.818181818181818,0.0,0.909090909090909,0.0,0.0909090909090909
783,"[(-1, 1, 0, 1), (1, -1, 0, 0)]",0,1,5,0.416666666666667,0_1,0.0,0.0,0.25,0.0,0.0,0.0,0.166666666666667
784,"[(-1, 1, 0, 1), (1, -1, 0, 1)]",0,1,5,0.454545454545455,0_1,0.0,0.0,0.3636363636363641,0.0,0.0,0.0,0.0909090909090909
785,"[(-1, 1, 0, 1), (1, -1, 1, 0)]",0,1,9,0.9,0_1,0.0,0.0,0.9,0.0,0.8,0.0,0.0
786,"[(-1, 1, 0, 1), (1, 0, -1, -1)]",0,1,9,0.75,0_1,0.0,0.0,0.75,0.0,0.5,0.0,0.0
787,"[(-1, 1, 0, 1), (1, 0, -1, 0)]",0,1,10,0.909090909090909,0_1,0.0,0.0,0.909090909090909,0.0,0.818181818181818,0.0,0.0
788,"[(-1, 1, 0, 1), (1, 0, -1, 1)]",0,1,6,0.6,0_1,0.0,0.0,0.6,0.0,0.19999999999999996,0.0,0.0
789,"[(-1, 1, 0, 1), (1, 0, 0, -1)]",0,1,10,0.833333333333333,0_1,0.0,0.0,0.833333333333333,0.0,0.6666666666666661,0.0,0.0
790,"[(-1, 1, 0, 1), (1, 0, 0, 1)]",1,2,6,0.5,1_2,0.0,0.0,0.0,0.16666666666666702,0.0,0.33333333333333304,0.333333333333333
791,"[(-1, 1, 0, 1), (1, 0, 1, -1)]",0,1,9,0.818181818181818,0_1,0.0,0.0,0.818181818181818,0.0,0.636363636363636,0.0,0.0
792,"[(-1, 1, 0, 1), (1, 0, 1, 0)]",0,1,9,0.75,0_1,0.0,0.0,0.6666666666666667,0.0,0.583333333333333,0.0,0.0833333333333333
793,"[(-1, 1, 0, 1), (1, 0, 1, 1)]",0,1,8,0.615384615384615,0_1,0.0,0.0,0.461538461538461,0.0,0.38461538461538397,0.0,0.153846153846154
794,"[(-1, 1, 0, 1), (1, 1, -1, 0)]",0,1,11,0.916666666666667,0_1,0.0,0.0,0.916666666666667,0.0,0.8333333333333337,0.0,0.0
795,"[(-1, 1, 0, 1), (1, 1, 0, -1)]",0,1,8,0.666666666666667,0_1,0.0,0.0,0.666666666666667,0.0,0.333333333333334,0.0,0.0
796,"[(-1, 1, 0, 1), (1, 1, 0, 0)]",0,1,4,0.363636363636364,0_1,0.0,0.0,0.090909090909091,0.0,0.0,0.0,0.272727272727273
797,"[(-1, 1, 0, 1), (1, 1, 0, 1)]",1,2,7,0.7,1_2,0.0,0.0,0.0,0.6,0.0,0.49999999999999994,0.1
798,"[(-1, 1, 0, 1), (1, 1, 1, 0)]",0,1,7,0.636363636363636,0_1,0.0,0.0,0.636363636363636,0.0,0.27272727272727204,0.0,0.0
799,"[(-1, 1, 1, 0), (0, -1, -1, -1)]",0,1,6,0.6,0_1,0.0,0.0,0.3,0.0,0.5,0.0,0.3
800,"[(-1, 1, 1, 0), (0, -1, -1, 0)]",1,2,6,0.545454545454545,1_2,0.0,0.0,0.0,0.545454545454545,0.0,0.09090909090909,0.0
801,"[(-1, 1, 1, 0), (0, -1, -1, 1)]",1,2,6,0.545454545454545,1_2,0.0,0.0,0.0,0.545454545454545,0.0,0.09090909090909,0.0
802,"[(-1, 1, 1, 0), (0, -1, 0, -1)]",0,2,8,0.666666666666667,0_2,0.5833333333333337,0.41666666666666696,0.0,0.0,0.0,0.0,0.666666666666667
803,"[(-1, 1, 1, 0), (0, -1, 0, 1)]",1,2,10,0.833333333333333,1_2,0.0,0.0,0.0,0.833333333333333,0.0,0.6666666666666661,0.0
804,"[(-1, 1, 1, 0), (0, -1, 1, -1)]",0,2,6,0.545454545454545,0_2,0.272727272727272,0.363636363636363,0.0,0.0,0.0,0.0,0.545454545454545
805,"[(-1, 1, 1, 0), (0, -1, 1, 0)]",1,2,5,0.416666666666667,1_2,0.0,0.0,0.0,0.16666666666666702,0.0,0.08333333333333404,0.25
806,"[(-1, 1, 1, 0), (0, -1, 1, 1)]",1,2,8,0.727272727272727,1_2,0.0,0.0,0.0,0.545454545454545,0.0,0.636363636363636,0.181818181818182
807,"[(-1, 1, 1, 0), (0, 0, -1, -1)]",0,1,7,0.7,0_1,0.0,0.0,0.49999999999999994,0.0,0.6,0.0,0.2
808,"[(-1, 1, 1, 0), (0, 0, -1, 1)]",1,2,6,0.545454545454545,1_2,0.0,0.0,0.0,0.545454545454545,0.0,0.09090909090909,0.0
809,"[(-1, 1, 1, 0), (0, 0, 1, -1)]",0,2,7,0.7,0_2,0.39999999999999997,0.7,0.0,0.0,0.0,0.0,0.7
810,"[(-1, 1, 1, 0), (0, 0, 1, 1)]",1,2,7,0.636363636363636,1_2,0.0,0.0,0.0,0.45454545454545403,0.0,0.45454545454545403,0.181818181818182
811,"[(-1, 1, 1, 0), (0, 1, -1, -1)]",0,1,6,0.545454545454545,0_1,0.0,0.0,0.4545454545454541,0.0,0.181818181818181,0.0,0.0909090909090909
812,"[(-1, 1, 1, 0), (0, 1, -1, 0)]",0,1,7,0.636363636363636,0_1,0.0,0.0,0.5454545454545451,0.0,0.36363636363636304,0.0,0.0909090909090909
813,"[(-1, 1, 1, 0), (0, 1, -1, 1)]",0,1,5,0.454545454545455,0_1,0.0,0.0,0.272727272727273,0.0,0.090909090909091,0.0,0.181818181818182
814,"[(-1, 1, 1, 0), (0, 1, 0, -1)]",0,2,5,0.454545454545455,0_2,0.090909090909091,0.272727272727273,0.0,0.0,0.0,0.0,0.454545454545455
815,"[(-1, 1, 1, 0), (0, 1, 0, 1)]",1,2,11,0.916666666666667,1_2,0.0,0.0,0.0,0.8333333333333337,0.0,0.916666666666667,0.0833333333333333
816,"[(-1, 1, 1, 0), (0, 1, 1, -1)]",0,2,9,0.818181818181818,0_2,0.636363636363636,0.818181818181818,0.0,0.0,0.0,0.0,0.818181818181818
817,"[(-1, 1, 1, 0), (0, 1, 1, 0)]",0,2,7,0.7,0_2,0.6,0.49999999999999994,0.0,0.0,0.0,0.0,0.7
818,"[(-1, 1, 1, 0), (0, 1, 1, 1)]",0,2,6,0.6,0_2,0.5,0.3,0.0,0.0,0.0,0.0,0.6
819,"[(-1, 1, 1, 0), (1, -1, -1, 0)]",1,2,6,0.6,1_2,0.0,0.0,0.0,0.6,0.0,0.19999999999999996,0.0
820,"[(-1, 1, 1, 0), (1, -1, 0, -1)]",0,2,7,0.636363636363636,0_2,0.5454545454545451,0.36363636363636304,0.0,0.0,0.0,0.0,0.636363636363636
821,"[(-1, 1, 1, 0), (1, -1, 0, 0)]",1,2,5,0.5,1_2,0.0,0.0,0.0,0.4,0.0,0.09999999999999998,0.1
822,"[(-1, 1, 1, 0), (1, -1, 0, 1)]",1,2,9,0.9,1_2,0.0,0.0,0.0,0.9,0.0,0.8,0.0
823,"[(-1, 1, 1, 0), (1, -1, 1, 0)]",0,2,8,0.615384615384615,0_2,0.615384615384615,0.23076923076922995,0.0,0.0,0.0,0.0,0.615384615384615
824,"[(-1, 1, 1, 0), (1, 0, -1, -1)]",0,1,7,0.7,0_1,0.0,0.0,0.39999999999999997,0.0,0.7,0.0,0.3
825,"[(-1, 1, 1, 0), (1, 0, -1, 0)]",0,1,5,0.5,0_1,0.0,0.0,0.3,0.0,0.2,0.0,0.2
826,"[(-1, 1, 1, 0), (1, 0, -1, 1)]",0,1,4,0.363636363636364,0_1,0.0,0.0,0.090909090909091,0.0,0.0,0.0,0.272727272727273
827,"[(-1, 1, 1, 0), (1, 0, 0, -1)]",1,2,7,0.636363636363636,1_2,0.0,0.0,0.0,0.5454545454545451,0.0,0.36363636363636304,0.0909090909090909
828,"[(-1, 1, 1, 0), (1, 0, 0, 1)]",1,2,6,0.6,1_2,0.0,0.0,0.0,0.5,0.0,0.3,0.1
829,"[(-1, 1, 1, 0), (1, 0, 1, -1)]",0,1,5,0.384615384615385,0_1,0.0,0.0,0.0,0.0,0.15384615384615402,0.0,0.384615384615385
830,"[(-1, 1, 1, 0), (1, 0, 1, 0)]",1,2,8,0.727272727272727,1_2,0.0,0.0,0.0,0.454545454545454,0.0,0.727272727272727,0.272727272727273
831,"[(-1, 1, 1, 0), (1, 0, 1, 1)]",1,2,7,0.583333333333333,1_2,0.0,0.0,0.0,0.33333333333333304,0.0,0.4166666666666661,0.25
832,"[(-1, 1, 1, 0), (1, 1, -1, 0)]",0,1,6,0.6,0_1,0.0,0.0,0.39999999999999997,0.0,0.39999999999999997,0.0,0.2
833,"[(-1, 1, 1, 0), (1, 1, 0, -1)]",1,2,9,0.818181818181818,1_2,0.0,0.0,0.0,0.818181818181818,0.0,0.636363636363636,0.0
834,"[(-1, 1, 1, 0), (1, 1, 0, 0)]",1,2,8,0.666666666666667,1_2,0.0,0.0,0.0,0.5833333333333337,0.0,0.41666666666666696,0.0833333333333333
835,"[(-1, 1, 1, 0), (1, 1, 0, 1)]",1,2,9,0.818181818181818,1_2,0.0,0.0,0.0,0.7272727272727271,0.0,0.7272727272727271,0.0909090909090909
836,"[(-1, 1, 1, 0), (1, 1, 1, 0)]",0,2,6,0.6,0_2,0.6,0.19999999999999996,0.0,0.0,0.0,0.0,0.6
837,"[(0, -1, -1, -1), (0, -1, -1, 0)]",1,2,6,0.5,1_2,0.0,0.0,0.0,0.16666666666666702,0.0,0.33333333333333304,0.333333333333333
838,"[(0, -1, -1, -1), (0, -1, -1, 1)]",1,2,7,0.583333333333333,1_2,0.0,0.0,0.0,0.25000000000000006,0.0,0.4999999999999997,0.333333333333333
839,"[(0, -1, -1, -1), (0, -1, 0, -1)]",1,2,6,0.545454545454545,1_2,0.0,0.0,0.0,0.09090909090909,0.0,0.545454545454545,0.454545454545455
840,"[(0, -1, -1, -1), (0, -1, 0, 1)]",1,2,9,0.9,1_2,0.0,0.0,0.0,0.9,0.0,0.8,0.0
841,"[(0, -1, -1, -1), (0, -1, 1, -1)]",1,2,7,0.636363636363636,1_2,0.0,0.0,0.0,0.27272727272727204,0.0,0.636363636363636,0.363636363636364
842,"[(0, -1, -1, -1), (0, -1, 1, 0)]",1,2,10,1.0,1_2,0.0,0.0,0.0,1.0,0.0,1.0,0.0
843,"[(0, -1, -1, -1), (0, -1, 1, 1)]",1,2,9,0.818181818181818,1_2,0.0,0.0,0.0,0.7272727272727271,0.0,0.7272727272727271,0.0909090909090909
844,"[(0, -1, -1, -1), (0, 0, -1, -1)]",0,2,9,0.818181818181818,0_2,0.818181818181818,0.636363636363636,0.0,0.0,0.0,0.0,0.818181818181818
845,"[(0, -1, -1, -1), (0, 0, -1, 1)]",1,2,7,0.636363636363636,1_2,0.0,0.0,0.0,0.27272727272727204,0.0,0.636363636363636,0.363636363636364
846,"[(0, -1, -1, -1), (0, 0, 1, -1)]",1,2,5,0.5,1_2,0.0,0.0,0.0,0.3,0.0,0.2,0.2
847,"[(0, -1, -1, -1), (0, 0, 1, 1)]",1,2,8,0.727272727272727,1_2,0.0,0.0,0.0,0.727272727272727,0.0,0.454545454545454,0.0
848,"[(0, -1, -1, -1), (0, 1, -1, -1)]",0,2,10,0.833333333333333,0_2,0.7499999999999998,0.7499999999999998,0.0,0.0,0.0,0.0,0.833333333333333
849,"[(0, -1, -1, -1), (0, 1, -1, 0)]",0,2,5,0.454545454545455,0_2,0.272727272727273,0.090909090909091,0.0,0.0,0.0,0.0,0.454545454545455
850,"[(0, -1, -1, -1), (0, 1, -1, 1)]",1,2,5,0.5,1_2,0.0,0.0,0.0,0.09999999999999998,0.0,0.4,0.4
851,"[(0, -1, -1, -1), (0, 1, 0, -1)]",1,2,6,0.5,1_2,0.0,0.0,0.0,0.25,0.0,0.25,0.25
852,"[(0, -1, -1, -1), (0, 1, 0, 1)]",1,2,10,1.0,1_2,0.0,0.0,0.0,1.0,0.0,1.0,0.0
853,"[(0, -1, -1, -1), (0, 1, 1, -1)]",0,1,4,0.4,0_1,0.0,0.0,0.10000000000000003,0.0,0.10000000000000003,0.0,0.3
854,"[(0, -1, -1, -1), (0, 1, 1, 0)]",1,2,7,0.636363636363636,1_2,0.0,0.0,0.0,0.636363636363636,0.0,0.27272727272727204,0.0
855,"[(0, -1, -1, -1), (0, 1, 1, 1)]",1,2,9,0.9,1_2,0.0,0.0,0.0,0.8,0.0,0.9,0.1
856,"[(0, -1, -1, -1), (1, -1, -1, 0)]",1,2,8,0.727272727272727,1_2,0.0,0.0,0.0,0.545454545454545,0.0,0.636363636363636,0.181818181818182
857,"[(0, -1, -1, -1), (1, -1, 0, -1)]",1,2,6,0.428571428571429,1_2,0.0,0.0,0.0,0.07142857142857201,0.0,0.214285714285715,0.357142857142857
858,"[(0, -1, -1, -1), (1, -1, 0, 0)]",1,2,9,0.818181818181818,1_2,0.0,0.0,0.0,0.818181818181818,0.0,0.636363636363636,0.0
859,"[(0, -1, -1, -1), (1, -1, 0, 1)]",1,2,11,0.916666666666667,1_2,0.0,0.0,0.0,0.916666666666667,0.0,0.8333333333333337,0.0
860,"[(0, -1, -1, -1), (1, -1, 1, 0)]",1,2,8,0.8,1_2,0.0,0.0,0.0,0.8,0.0,0.6000000000000001,0.0
861,"[(0, -1, -1, -1), (1, 0, -1, -1)]",0,2,9,0.75,0_2,0.583333333333333,0.6666666666666667,0.0,0.0,0.0,0.0,0.75
862,"[(0, -1, -1, -1), (1, 0, -1, 0)]",1,2,6,0.461538461538462,1_2,0.0,0.0,0.0,0.07692307692307698,0.0,0.30769230769230804,0.384615384615385
863,"[(0, -1, -1, -1), (1, 0, -1, 1)]",1,2,5,0.454545454545455,1_2,0.0,0.0,0.0,0.181818181818182,0.0,0.181818181818182,0.272727272727273
864,"[(0, -1, -1, -1), (1, 0, 0, -1)]",0,1,5,0.454545454545455,0_1,0.0,0.0,0.090909090909091,0.0,0.272727272727273,0.0,0.363636363636364
865,"[(0, -1, -1, -1), (1, 0, 0, 1)]",1,2,9,0.9,1_2,0.0,0.0,0.0,0.9,0.0,0.8,0.0
866,"[(0, -1, -1, -1), (1, 0, 1, -1)]",1,2,6,0.545454545454545,1_2,0.0,0.0,0.0,0.272727272727272,0.0,0.363636363636363,0.272727272727273
867,"[(0, -1, -1, -1), (1, 0, 1, 0)]",1,2,9,0.9,1_2,0.0,0.0,0.0,0.8,0.0,0.9,0.1
868,"[(0, -1, -1, -1), (1, 0, 1, 1)]",1,2,10,1.0,1_2,0.0,0.0,0.0,1.0,0.0,1.0,0.0
869,"[(0, -1, -1, -1), (1, 1, -1, 0)]",1,2,5,0.454545454545455,1_2,0.0,0.0,0.0,0.090909090909091,0.0,0.272727272727273,0.363636363636364
870,"[(0, -1, -1, -1), (1, 1, 0, -1)]",0,2,4,0.4,0_2,0.2,0.0,0.0,0.0,0.0,0.0,0.4
871,"[(0, -1, -1, -1), (1, 1, 0, 0)]",1,2,11,0.916666666666667,1_2,0.0,0.0,0.0,0.916666666666667,0.0,0.8333333333333337,0.0
872,"[(0, -1, -1, -1), (1, 1, 0, 1)]",1,2,9,0.75,1_2,0.0,0.0,0.0,0.75,0.0,0.5,0.0
873,"[(0, -1, -1, -1), (1, 1, 1, 0)]",1,2,10,0.833333333333333,1_2,0.0,0.0,0.0,0.7499999999999998,0.0,0.7499999999999998,0.0833333333333333
874,"[(0, -1, -1, 0), (0, -1, -1, 1)]",0,2,8,0.666666666666667,0_2,0.5,0.5,0.0,0.0,0.0,0.0,0.666666666666667
875,"[(0, -1, -1, 0), (0, -1, 0, -1)]",0,1,6,0.545454545454545,0_1,0.0,0.0,0.4545454545454541,0.0,0.181818181818181,0.0,0.0909090909090909
876,"[(0, -1, -1, 0), (0, -1, 0, 1)]",1,2,10,0.909090909090909,1_2,0.0,0.0,0.0,0.818181818181818,0.0,0.909090909090909,0.0909090909090909
877,"[(0, -1, -1, 0), (0, -1, 1, -1)]",0,1,5,0.5,0_1,0.0,0.0,0.4,0.0,0.09999999999999998,0.0,0.1
878,"[(0, -1, -1, 0), (0, -1, 1, 0)]",1,2,9,0.75,1_2,0.0,0.0,0.0,0.75,0.0,0.5,0.0
879,"[(0, -1, -1, 0), (0, -1, 1, 1)]",0,1,5,0.5,0_1,0.0,0.0,0.5,0.0,0.0,0.0,0.0
880,"[(0, -1, -1, 0), (0, 0, -1, -1)]",0,1,9,0.818181818181818,0_1,0.0,0.0,0.636363636363636,0.0,0.818181818181818,0.0,0.181818181818182
881,"[(0, -1, -1, 0), (0, 0, -1, 1)]",0,2,6,0.545454545454545,0_2,0.09090909090909,0.545454545454545,0.0,0.0,0.0,0.0,0.545454545454545
882,"[(0, -1, -1, 0), (0, 0, 1, -1)]",0,1,9,0.75,0_1,0.0,0.0,0.75,0.0,0.5,0.0,0.0
883,"[(0, -1, -1, 0), (0, 0, 1, 1)]",1,2,9,0.818181818181818,1_2,0.0,0.0,0.0,0.818181818181818,0.0,0.636363636363636,0.0
884,"[(0, -1, -1, 0), (0, 1, -1, -1)]",0,1,5,0.416666666666667,0_1,0.0,0.0,0.0,0.0,0.25,0.0,0.416666666666667
885,"[(0, -1, -1, 0), (0, 1, -1, 0)]",0,2,7,0.538461538461538,0_2,0.23076923076923,0.384615384615384,0.0,0.0,0.0,0.0,0.538461538461538
886,"[(0, -1, -1, 0), (0, 1, -1, 1)]",0,2,8,0.571428571428571,0_2,0.285714285714285,0.42857142857142794,0.0,0.0,0.0,0.0,0.571428571428571
887,"[(0, -1, -1, 0), (0, 1, 0, -1)]",0,1,7,0.636363636363636,0_1,0.0,0.0,0.636363636363636,0.0,0.27272727272727204,0.0,0.0
888,"[(0, -1, -1, 0), (0, 1, 0, 1)]",1,2,7,0.636363636363636,1_2,0.0,0.0,0.0,0.636363636363636,0.0,0.27272727272727204,0.0
889,"[(0, -1, -1, 0), (0, 1, 1, -1)]",0,1,10,0.909090909090909,0_1,0.0,0.0,0.909090909090909,0.0,0.818181818181818,0.0,0.0
890,"[(0, -1, -1, 0), (0, 1, 1, 0)]",1,2,8,0.727272727272727,1_2,0.0,0.0,0.0,0.727272727272727,0.0,0.454545454545454,0.0
891,"[(0, -1, -1, 0), (0, 1, 1, 1)]",1,2,8,0.727272727272727,1_2,0.0,0.0,0.0,0.727272727272727,0.0,0.454545454545454,0.0
892,"[(0, -1, -1, 0), (1, -1, -1, 0)]",0,2,5,0.5,0_2,0.4,0.09999999999999998,0.0,0.0,0.0,0.0,0.5
893,"[(0, -1, -1, 0), (1, -1, 0, -1)]",0,1,6,0.545454545454545,0_1,0.0,0.0,0.545454545454545,0.0,0.09090909090909,0.0,0.0
894,"[(0, -1, -1, 0), (1, -1, 0, 0)]",1,2,7,0.7,1_2,0.0,0.0,0.0,0.49999999999999994,0.0,0.6,0.2
895,"[(0, -1, -1, 0), (1, -1, 0, 1)]",1,2,9,0.9,1_2,0.0,0.0,0.0,0.9,0.0,0.8,0.0
896,"[(0, -1, -1, 0), (1, -1, 1, 0)]",1,2,6,0.6,1_2,0.0,0.0,0.0,0.39999999999999997,0.0,0.39999999999999997,0.2
897,"[(0, -1, -1, 0), (1, 0, -1, -1)]",0,1,7,0.636363636363636,0_1,0.0,0.0,0.36363636363636304,0.0,0.5454545454545451,0.0,0.272727272727273
898,"[(0, -1, -1, 0), (1, 0, -1, 0)]",0,2,6,0.545454545454545,0_2,0.363636363636363,0.272727272727272,0.0,0.0,0.0,0.0,0.545454545454545
899,"[(0, -1, -1, 0), (1, 0, -1, 1)]",0,2,7,0.636363636363636,0_2,0.5454545454545451,0.36363636363636304,0.0,0.0,0.0,0.0,0.636363636363636
900,"[(0, -1, -1, 0), (1, 0, 0, -1)]",0,1,8,0.571428571428571,0_1,0.0,0.0,0.571428571428571,0.0,0.14285714285714196,0.0,0.0
901,"[(0, -1, -1, 0), (1, 0, 0, 1)]",1,2,11,1.0,1_2,0.0,0.0,0.0,1.0,0.0,1.0,0.0
902,"[(0, -1, -1, 0), (1, 0, 1, -1)]",1,2,8,0.727272727272727,1_2,0.0,0.0,0.0,0.727272727272727,0.0,0.454545454545454,0.0
903,"[(0, -1, -1, 0), (1, 0, 1, 0)]",0,1,6,0.6,0_1,0.0,0.0,0.6,0.0,0.19999999999999996,0.0,0.0
904,"[(0, -1, -1, 0), (1, 0, 1, 1)]",1,2,6,0.545454545454545,1_2,0.0,0.0,0.0,0.4545454545454541,0.0,0.181818181818181,0.0909090909090909
905,"[(0, -1, -1, 0), (1, 1, -1, 0)]",0,2,7,0.636363636363636,0_2,0.27272727272727204,0.636363636363636,0.0,0.0,0.0,0.0,0.636363636363636
906,"[(0, -1, -1, 0), (1, 1, 0, -1)]",1,2,11,0.846153846153846,1_2,0.0,0.0,0.0,0.846153846153846,0.0,0.6923076923076921,0.0
907,"[(0, -1, -1, 0), (1, 1, 0, 0)]",1,2,10,0.909090909090909,1_2,0.0,0.0,0.0,0.909090909090909,0.0,0.818181818181818,0.0
908,"[(0, -1, -1, 0), (1, 1, 0, 1)]",1,2,9,0.818181818181818,1_2,0.0,0.0,0.0,0.818181818181818,0.0,0.636363636363636,0.0
909,"[(0, -1, -1, 0), (1, 1, 1, 0)]",0,1,5,0.5,0_1,0.0,0.0,0.5,0.0,0.0,0.0,0.0
910,"[(0, -1, -1, 1), (0, -1, 0, -1)]",0,1,6,0.545454545454545,0_1,0.0,0.0,0.545454545454545,0.0,0.09090909090909,0.0,0.0
911,"[(0, -1, -1, 1), (0, -1, 0, 1)]",1,2,7,0.7,1_2,0.0,0.0,0.0,0.6,0.0,0.49999999999999994,0.1
912,"[(0, -1, -1, 1), (0, -1, 1, -1)]",0,1,6,0.545454545454545,0_1,0.0,0.0,0.4545454545454541,0.0,0.181818181818181,0.0,0.0909090909090909
913,"[(0, -1, -1, 1), (0, -1, 1, 0)]",1,2,6,0.545454545454545,1_2,0.0,0.0,0.0,0.545454545454545,0.0,0.09090909090909,0.0
914,"[(0, -1, -1, 1), (0, -1, 1, 1)]",1,2,7,0.636363636363636,1_2,0.0,0.0,0.0,0.36363636363636304,0.0,0.5454545454545451,0.272727272727273
915,"[(0, -1, -1, 1), (0, 0, -1, -1)]",0,1,6,0.545454545454545,0_1,0.0,0.0,0.272727272727272,0.0,0.363636363636363,0.0,0.272727272727273
916,"[(0, -1, -1, 1), (0, 0, -1, 1)]",0,2,9,0.9,0_2,0.9,0.8,0.0,0.0,0.0,0.0,0.9
917,"[(0, -1, -1, 1), (0, 0, 1, -1)]",1,2,5,0.5,1_2,0.0,0.0,0.0,0.4,0.0,0.09999999999999998,0.1
918,"[(0, -1, -1, 1), (0, 0, 1, 1)]",1,2,8,0.666666666666667,1_2,0.0,0.0,0.0,0.5,0.0,0.5,0.166666666666667
919,"[(0, -1, -1, 1), (0, 1, -1, -1)]",0,2,6,0.6,0_2,0.19999999999999996,0.6,0.0,0.0,0.0,0.0,0.6
920,"[(0, -1, -1, 1), (0, 1, -1, 0)]",0,2,4,0.4,0_2,0.10000000000000003,0.10000000000000003,0.0,0.0,0.0,0.0,0.4
921,"[(0, -1, -1, 1), (0, 1, -1, 1)]",0,2,7,0.583333333333333,0_2,0.33333333333333304,0.4166666666666661,0.0,0.0,0.0,0.0,0.583333333333333
922,"[(0, -1, -1, 1), (0, 1, 0, -1)]",0,1,8,0.727272727272727,0_1,0.0,0.0,0.727272727272727,0.0,0.454545454545454,0.0,0.0
923,"[(0, -1, -1, 1), (0, 1, 0, 1)]",1,2,10,0.909090909090909,1_2,0.0,0.0,0.0,0.909090909090909,0.0,0.818181818181818,0.0
924,"[(0, -1, -1, 1), (0, 1, 1, -1)]",0,1,9,0.818181818181818,0_1,0.0,0.0,0.818181818181818,0.0,0.636363636363636,0.0,0.0
925,"[(0, -1, -1, 1), (0, 1, 1, 0)]",1,2,7,0.636363636363636,1_2,0.0,0.0,0.0,0.5454545454545451,0.0,0.36363636363636304,0.0909090909090909
926,"[(0, -1, -1, 1), (0, 1, 1, 1)]",1,2,6,0.6,1_2,0.0,0.0,0.0,0.5,0.0,0.3,0.1
927,"[(0, -1, -1, 1), (1, -1, -1, 0)]",0,2,9,0.75,0_2,0.583333333333333,0.6666666666666667,0.0,0.0,0.0,0.0,0.75
928,"[(0, -1, -1, 1), (1, -1, 0, -1)]",1,2,7,0.636363636363636,1_2,0.0,0.0,0.0,0.5454545454545451,0.0,0.36363636363636304,0.0909090909090909
929,"[(0, -1, -1, 1), (1, -1, 0, 0)]",1,2,10,0.833333333333333,1_2,0.0,0.0,0.0,0.7499999999999998,0.0,0.7499999999999998,0.0833333333333333
930,"[(0, -1, -1, 1), (1, -1, 0, 1)]",1,2,8,0.666666666666667,1_2,0.0,0.0,0.0,0.5833333333333337,0.0,0.41666666666666696,0.0833333333333333
931,"[(0, -1, -1, 1), (1, -1, 1, 0)]",1,2,9,0.818181818181818,1_2,0.0,0.0,0.0,0.818181818181818,0.0,0.636363636363636,0.0
932,"[(0, -1, -1, 1), (1, 0, -1, -1)]",0,1,5,0.5,0_1,0.0,0.0,0.4,0.0,0.09999999999999998,0.0,0.1
933,"[(0, -1, -1, 1), (1, 0, -1, 0)]",0,2,6,0.6,0_2,0.5,0.3,0.0,0.0,0.0,0.0,0.6
934,"[(0, -1, -1, 1), (1, 0, -1, 1)]",0,2,9,0.75,0_2,0.6666666666666667,0.583333333333333,0.0,0.0,0.0,0.0,0.75
935,"[(0, -1, -1, 1), (1, 0, 0, -1)]",1,2,5,0.5,1_2,0.0,0.0,0.0,0.4,0.0,0.09999999999999998,0.1
936,"[(0, -1, -1, 1), (1, 0, 0, 1)]",1,2,10,0.909090909090909,1_2,0.0,0.0,0.0,0.909090909090909,0.0,0.818181818181818,0.0
937,"[(0, -1, -1, 1), (1, 0, 1, -1)]",0,1,7,0.583333333333333,0_1,0.0,0.0,0.583333333333333,0.0,0.16666666666666602,0.0,0.0
938,"[(0, -1, -1, 1), (1, 0, 1, 0)]",1,2,7,0.636363636363636,1_2,0.0,0.0,0.0,0.5454545454545451,0.0,0.36363636363636304,0.0909090909090909
939,"[(0, -1, -1, 1), (1, 0, 1, 1)]",1,2,8,0.727272727272727,1_2,0.0,0.0,0.0,0.636363636363636,0.0,0.545454545454545,0.0909090909090909
940,"[(0, -1, -1, 1), (1, 1, -1, 0)]",0,2,6,0.545454545454545,0_2,0.181818181818181,0.4545454545454541,0.0,0.0,0.0,0.0,0.545454545454545
941,"[(0, -1, -1, 1), (1, 1, 0, -1)]",0,1,6,0.6,0_1,0.0,0.0,0.5,0.0,0.3,0.0,0.1
942,"[(0, -1, -1, 1), (1, 1, 0, 0)]",1,2,10,0.909090909090909,1_2,0.0,0.0,0.0,0.818181818181818,0.0,0.909090909090909,0.0909090909090909
943,"[(0, -1, -1, 1), (1, 1, 0, 1)]",1,2,9,0.75,1_2,0.0,0.0,0.0,0.75,0.0,0.5,0.0
944,"[(0, -1, -1, 1), (1, 1, 1, 0)]",1,2,8,0.727272727272727,1_2,0.0,0.0,0.0,0.727272727272727,0.0,0.454545454545454,0.0
945,"[(0, -1, 0, -1), (0, -1, 0, 1)]",1,2,9,0.9,1_2,0.0,0.0,0.0,0.9,0.0,0.8,0.0
946,"[(0, -1, 0, -1), (0, -1, 1, -1)]",0,1,8,0.615384615384615,0_1,0.0,0.0,0.38461538461538397,0.0,0.461538461538461,0.0,0.230769230769231
947,"[(0, -1, 0, -1), (0, -1, 1, 0)]",1,2,4,0.4,1_2,0.0,0.0,0.0,0.10000000000000003,0.0,0.10000000000000003,0.3
948,"[(0, -1, 0, -1), (0, -1, 1, 1)]",1,2,6,0.6,1_2,0.0,0.0,0.0,0.5,0.0,0.3,0.1
949,"[(0, -1, 0, -1), (0, 0, -1, -1)]",0,1,6,0.5,0_1,0.0,0.0,0.08333333333333298,0.0,0.4166666666666667,0.0,0.416666666666667
950,"[(0, -1, 0, -1), (0, 0, -1, 1)]",1,2,6,0.545454545454545,1_2,0.0,0.0,0.0,0.4545454545454541,0.0,0.181818181818181,0.0909090909090909
951,"[(0, -1, 0, -1), (0, 0, 1, -1)]",0,1,5,0.454545454545455,0_1,0.0,0.0,0.090909090909091,0.0,0.272727272727273,0.0,0.363636363636364
952,"[(0, -1, 0, -1), (0, 0, 1, 1)]",1,2,9,0.818181818181818,1_2,0.0,0.0,0.0,0.818181818181818,0.0,0.636363636363636,0.0
953,"[(0, -1, 0, -1), (0, 1, -1, -1)]",0,1,7,0.583333333333333,0_1,0.0,0.0,0.33333333333333304,0.0,0.4166666666666661,0.0,0.25
954,"[(0, -1, 0, -1), (0, 1, -1, 0)]",1,2,10,0.833333333333333,1_2,0.0,0.0,0.0,0.833333333333333,0.0,0.6666666666666661,0.0
955,"[(0, -1, 0, -1), (0, 1, -1, 1)]",1,2,7,0.636363636363636,1_2,0.0,0.0,0.0,0.5454545454545451,0.0,0.36363636363636304,0.0909090909090909
956,"[(0, -1, 0, -1), (0, 1, 0, -1)]",0,2,5,0.454545454545455,0_2,0.3636363636363641,0.0,0.0,0.0,0.0,0.0,0.454545454545455
957,"[(0, -1, 0, -1), (0, 1, 0, 1)]",1,2,9,0.818181818181818,1_2,0.0,0.0,0.0,0.818181818181818,0.0,0.636363636363636,0.0
958,"[(0, -1, 0, -1), (0, 1, 1, -1)]",0,2,5,0.5,0_2,0.09999999999999998,0.4,0.0,0.0,0.0,0.0,0.5
959,"[(0, -1, 0, -1), (0, 1, 1, 0)]",0,2,6,0.5,0_2,0.25,0.25,0.0,0.0,0.0,0.0,0.5
960,"[(0, -1, 0, -1), (0, 1, 1, 1)]",0,1,6,0.6,0_1,0.0,0.0,0.5,0.0,0.3,0.0,0.1
961,"[(0, -1, 0, -1), (1, -1, -1, 0)]",0,1,7,0.636363636363636,0_1,0.0,0.0,0.5454545454545451,0.0,0.36363636363636304,0.0,0.0909090909090909
962,"[(0, -1, 0, -1), (1, -1, 0, -1)]",0,2,5,0.454545454545455,0_2,0.272727272727273,0.090909090909091,0.0,0.0,0.0,0.0,0.454545454545455
963,"[(0, -1, 0, -1), (1, -1, 0, 0)]",1,2,8,0.8,1_2,0.0,0.0,0.0,0.7000000000000001,0.0,0.7000000000000001,0.1
964,"[(0, -1, 0, -1), (1, -1, 0, 1)]",1,2,10,0.909090909090909,1_2,0.0,0.0,0.0,0.909090909090909,0.0,0.818181818181818,0.0
965,"[(0, -1, 0, -1), (1, -1, 1, 0)]",1,2,9,0.818181818181818,1_2,0.0,0.0,0.0,0.636363636363636,0.0,0.818181818181818,0.181818181818182
966,"[(0, -1, 0, -1), (1, 0, -1, -1)]",0,2,5,0.5,0_2,0.2,0.3,0.0,0.0,0.0,0.0,0.5
967,"[(0, -1, 0, -1), (1, 0, -1, 0)]",1,2,7,0.636363636363636,1_2,0.0,0.0,0.0,0.636363636363636,0.0,0.27272727272727204,0.0
968,"[(0, -1, 0, -1), (1, 0, -1, 1)]",1,2,6,0.6,1_2,0.0,0.0,0.0,0.6,0.0,0.19999999999999996,0.0
969,"[(0, -1, 0, -1), (1, 0, 0, -1)]",0,2,6,0.545454545454545,0_2,0.545454545454545,0.09090909090909,0.0,0.0,0.0,0.0,0.545454545454545
970,"[(0, -1, 0, -1), (1, 0, 0, 1)]",1,2,11,1.0,1_2,0.0,0.0,0.0,1.0,0.0,1.0,0.0
971,"[(0, -1, 0, -1), (1, 0, 1, -1)]",1,2,6,0.545454545454545,1_2,0.0,0.0,0.0,0.272727272727272,0.0,0.363636363636363,0.272727272727273
972,"[(0, -1, 0, -1), (1, 0, 1, 0)]",1,2,5,0.5,1_2,0.0,0.0,0.0,0.2,0.0,0.3,0.3
973,"[(0, -1, 0, -1), (1, 0, 1, 1)]",0,1,6,0.5,0_1,0.0,0.0,0.5,0.0,0.0,0.0,0.0
974,"[(0, -1, 0, -1), (1, 1, -1, 0)]",0,1,9,0.692307692307692,0_1,0.0,0.0,0.538461538461538,0.0,0.538461538461538,0.0,0.153846153846154
975,"[(0, -1, 0, -1), (1, 1, 0, -1)]",0,2,6,0.6,0_2,0.6,0.19999999999999996,0.0,0.0,0.0,0.0,0.6
976,"[(0, -1, 0, -1), (1, 1, 0, 0)]",0,2,4,0.363636363636364,0_2,0.090909090909091,0.0,0.0,0.0,0.0,0.0,0.363636363636364
977,"[(0, -1, 0, -1), (1, 1, 0, 1)]",1,2,10,1.0,1_2,0.0,0.0,0.0,1.0,0.0,1.0,0.0
978,"[(0, -1, 0, -1), (1, 1, 1, 0)]",0,1,4,0.4,0_1,0.0,0.0,0.2,0.0,0.0,0.0,0.2
979,"[(0, -1, 0, 1), (0, -1, 1, -1)]",0,1,9,0.818181818181818,0_1,0.0,0.0,0.7272727272727271,0.0,0.7272727272727271,0.0,0.0909090909090909
980,"[(0, -1, 0, 1), (0, -1, 1, 0)]",0,1,9,0.9,0_1,0.0,0.0,0.9,0.0,0.8,0.0,0.0
981,"[(0, -1, 0, 1), (0, -1, 1, 1)]",1,2,5,0.5,1_2,0.0,0.0,0.0,0.4,0.0,0.09999999999999998,0.1
982,"[(0, -1, 0, 1), (0, 0, -1, -1)]",0,1,12,0.923076923076923,0_1,0.0,0.0,0.8461538461538461,0.0,0.923076923076923,0.0,0.0769230769230769
983,"[(0, -1, 0, 1), (0, 0, -1, 1)]",0,1,11,0.846153846153846,0_1,0.0,0.0,0.7692307692307692,0.0,0.7692307692307692,0.0,0.0769230769230769
984,"[(0, -1, 0, 1), (0, 0, 1, -1)]",0,1,10,0.909090909090909,0_1,0.0,0.0,0.818181818181818,0.0,0.909090909090909,0.0,0.0909090909090909
985,"[(0, -1, 0, 1), (0, 0, 1, 1)]",0,1,11,0.916666666666667,0_1,0.0,0.0,0.916666666666667,0.0,0.8333333333333337,0.0,0.0
986,"[(0, -1, 0, 1), (0, 1, -1, -1)]",0,1,11,1.0,0_1,0.0,0.0,1.0,0.0,1.0,0.0,0.0
987,"[(0, -1, 0, 1), (0, 1, -1, 0)]",0,1,11,0.846153846153846,0_1,0.0,0.0,0.7692307692307692,0.0,0.7692307692307692,0.0,0.0769230769230769
988,"[(0, -1, 0, 1), (0, 1, -1, 1)]",0,1,8,0.8,0_1,0.0,0.0,0.6000000000000001,0.0,0.8,0.0,0.2
989,"[(0, -1, 0, 1), (0, 1, 0, -1)]",0,1,10,0.909090909090909,0_1,0.0,0.0,0.909090909090909,0.0,0.818181818181818,0.0,0.0
990,"[(0, -1, 0, 1), (0, 1, 0, 1)]",1,2,6,0.545454545454545,1_2,0.0,0.0,0.0,0.545454545454545,0.0,0.09090909090909,0.0
991,"[(0, -1, 0, 1), (0, 1, 1, -1)]",0,1,8,0.727272727272727,0_1,0.0,0.0,0.636363636363636,0.0,0.545454545454545,0.0,0.0909090909090909
992,"[(0, -1, 0, 1), (0, 1, 1, 0)]",0,1,9,0.9,0_1,0.0,0.0,0.9,0.0,0.8,0.0,0.0
993,"[(0, -1, 0, 1), (0, 1, 1, 1)]",0,1,5,0.5,0_1,0.0,0.0,0.3,0.0,0.2,0.0,0.2
994,"[(0, -1, 0, 1), (1, -1, -1, 0)]",0,1,7,0.636363636363636,0_1,0.0,0.0,0.45454545454545403,0.0,0.45454545454545403,0.0,0.181818181818182
995,"[(0, -1, 0, 1), (1, -1, 0, -1)]",0,1,7,0.636363636363636,0_1,0.0,0.0,0.5454545454545451,0.0,0.36363636363636304,0.0,0.0909090909090909
996,"[(0, -1, 0, 1), (1, -1, 0, 0)]",0,1,7,0.583333333333333,0_1,0.0,0.0,0.583333333333333,0.0,0.16666666666666602,0.0,0.0
997,"[(0, -1, 0, 1), (1, -1, 0, 1)]",0,1,5,0.454545454545455,0_1,0.0,0.0,0.3636363636363641,0.0,0.0,0.0,0.0909090909090909
998,"[(0, -1, 0, 1), (1, -1, 1, 0)]",0,1,7,0.636363636363636,0_1,0.0,0.0,0.5454545454545451,0.0,0.36363636363636304,0.0,0.0909090909090909
999,"[(0, -1, 0, 1), (1, 0, -1, -1)]",0,1,10,0.909090909090909,0_1,0.0,0.0,0.909090909090909,0.0,0.818181818181818,0.0,0.0
1000,"[(0, -1, 0, 1), (1, 0, -1, 0)]",0,1,9,0.9,0_1,0.0,0.0,0.9,0.0,0.8,0.0,0.0
1001,"[(0, -1, 0, 1), (1, 0, -1, 1)]",0,1,8,0.8,0_1,0.0,0.0,0.8,0.0,0.6000000000000001,0.0,0.0
1002,"[(0, -1, 0, 1), (1, 0, 0, -1)]",0,1,11,1.0,0_1,0.0,0.0,1.0,0.0,1.0,0.0,0.0
1003,"[(0, -1, 0, 1), (1, 0, 0, 1)]",0,1,6,0.5,0_1,0.0,0.0,0.4166666666666667,0.0,0.08333333333333298,0.0,0.0833333333333333
1004,"[(0, -1, 0, 1), (1, 0, 1, -1)]",0,1,8,0.727272727272727,0_1,0.0,0.0,0.636363636363636,0.0,0.545454545454545,0.0,0.0909090909090909
1005,"[(0, -1, 0, 1), (1, 0, 1, 0)]",0,1,7,0.7,0_1,0.0,0.0,0.49999999999999994,0.0,0.6,0.0,0.2
1006,"[(0, -1, 0, 1), (1, 0, 1, 1)]",0,1,9,0.818181818181818,0_1,0.0,0.0,0.7272727272727271,0.0,0.7272727272727271,0.0,0.0909090909090909
1007,"[(0, -1, 0, 1), (1, 1, -1, 0)]",0,1,9,0.818181818181818,0_1,0.0,0.0,0.818181818181818,0.0,0.636363636363636,0.0,0.0
1008,"[(0, -1, 0, 1), (1, 1, 0, -1)]",0,1,10,0.909090909090909,0_1,0.0,0.0,0.818181818181818,0.0,0.909090909090909,0.0,0.0909090909090909
1009,"[(0, -1, 0, 1), (1, 1, 0, 0)]",1,2,9,0.75,1_2,0.0,0.0,0.0,0.75,0.0,0.5,0.0
1010,"[(0, -1, 0, 1), (1, 1, 0, 1)]",1,2,7,0.7,1_2,0.0,0.0,0.0,0.7,0.0,0.39999999999999997,0.0
1011,"[(0, -1, 0, 1), (1, 1, 1, 0)]",0,1,7,0.583333333333333,0_1,0.0,0.0,0.4166666666666661,0.0,0.33333333333333304,0.0,0.166666666666667
1012,"[(0, -1, 1, -1), (0, -1, 1, 0)]",1,2,5,0.5,1_2,0.0,0.0,0.0,0.2,0.0,0.3,0.3
1013,"[(0, -1, 1, -1), (0, -1, 1, 1)]",1,2,7,0.636363636363636,1_2,0.0,0.0,0.0,0.27272727272727204,0.0,0.636363636363636,0.363636363636364
1014,"[(0, -1, 1, -1), (0, 0, -1, -1)]",0,1,5,0.5,0_1,0.0,0.0,0.2,0.0,0.3,0.0,0.3
1015,"[(0, -1, 1, -1), (0, 0, -1, 1)]",0,1,6,0.6,0_1,0.0,0.0,0.6,0.0,0.19999999999999996,0.0,0.0
1016,"[(0, -1, 1, -1), (0, 0, 1, -1)]",0,2,9,0.75,0_2,0.6666666666666667,0.583333333333333,0.0,0.0,0.0,0.0,0.75
1017,"[(0, -1, 1, -1), (0, 0, 1, 1)]",1,2,8,0.727272727272727,1_2,0.0,0.0,0.0,0.545454545454545,0.0,0.636363636363636,0.181818181818182
1018,"[(0, -1, 1, -1), (0, 1, -1, -1)]",0,2,5,0.5,0_2,0.2,0.3,0.0,0.0,0.0,0.0,0.5
1019,"[(0, -1, 1, -1), (0, 1, -1, 0)]",1,2,7,0.636363636363636,1_2,0.0,0.0,0.0,0.5454545454545451,0.0,0.36363636363636304,0.0909090909090909
1020,"[(0, -1, 1, -1), (0, 1, -1, 1)]",0,1,8,0.571428571428571,0_1,0.0,0.0,0.49999999999999956,0.0,0.21428571428571397,0.0,0.0714285714285714
1021,"[(0, -1, 1, -1), (0, 1, 0, -1)]",0,2,7,0.636363636363636,0_2,0.45454545454545403,0.45454545454545403,0.0,0.0,0.0,0.0,0.636363636363636
1022,"[(0, -1, 1, -1), (0, 1, 0, 1)]",1,2,9,0.9,1_2,0.0,0.0,0.0,0.9,0.0,0.8,0.0
1023,"[(0, -1, 1, -1), (0, 1, 1, -1)]",0,2,7,0.7,0_2,0.7,0.39999999999999997,0.0,0.0,0.0,0.0,0.7
1024,"[(0, -1, 1, -1), (0, 1, 1, 0)]",1,2,6,0.6,1_2,0.0,0.0,0.0,0.19999999999999996,0.0,0.6,0.4
1025,"[(0, -1, 1, -1), (0, 1, 1, 1)]",1,2,9,0.75,1_2,0.0,0.0,0.0,0.5,0.0,0.75,0.25
1026,"[(0, -1, 1, -1), (1, -1, -1, 0)]",1,2,6,0.6,1_2,0.0,0.0,0.0,0.6,0.0,0.19999999999999996,0.0
1027,"[(0, -1, 1, -1), (1, -1, 0, -1)]",0,2,5,0.454545454545455,0_2,0.181818181818182,0.181818181818182,0.0,0.0,0.0,0.0,0.454545454545455
1028,"[(0, -1, 1, -1), (1, -1, 0, 0)]",1,2,9,0.75,1_2,0.0,0.0,0.0,0.75,0.0,0.5,0.0
1029,"[(0, -1, 1, -1), (1, -1, 0, 1)]",1,2,11,0.916666666666667,1_2,0.0,0.0,0.0,0.916666666666667,0.0,0.8333333333333337,0.0
1030,"[(0, -1, 1, -1), (1, -1, 1, 0)]",1,2,8,0.666666666666667,1_2,0.0,0.0,0.0,0.41666666666666696,0.0,0.5833333333333337,0.25
1031,"[(0, -1, 1, -1), (1, 0, -1, -1)]",0,2,4,0.363636363636364,0_2,0.090909090909091,0.0,0.0,0.0,0.0,0.0,0.363636363636364
1032,"[(0, -1, 1, -1), (1, 0, -1, 0)]",0,1,7,0.583333333333333,0_1,0.0,0.0,0.4999999999999997,0.0,0.25000000000000006,0.0,0.0833333333333333
1033,"[(0, -1, 1, -1), (1, 0, -1, 1)]",1,2,5,0.5,1_2,0.0,0.0,0.0,0.4,0.0,0.09999999999999998,0.1
1034,"[(0, -1, 1, -1), (1, 0, 0, -1)]",0,2,4,0.363636363636364,0_2,0.090909090909091,0.0,0.0,0.0,0.0,0.0,0.363636363636364
1035,"[(0, -1, 1, -1), (1, 0, 0, 1)]",1,2,11,0.916666666666667,1_2,0.0,0.0,0.0,0.916666666666667,0.0,0.8333333333333337,0.0
1036,"[(0, -1, 1, -1), (1, 0, 1, -1)]",0,2,6,0.6,0_2,0.6,0.19999999999999996,0.0,0.0,0.0,0.0,0.6
1037,"[(0, -1, 1, -1), (1, 0, 1, 0)]",0,2,5,0.454545454545455,0_2,0.3636363636363641,0.0,0.0,0.0,0.0,0.0,0.454545454545455
1038,"[(0, -1, 1, -1), (1, 0, 1, 1)]",0,1,5,0.416666666666667,0_1,0.0,0.0,0.25,0.0,0.0,0.0,0.166666666666667
1039,"[(0, -1, 1, -1), (1, 1, -1, 0)]",1,2,8,0.8,1_2,0.0,0.0,0.0,0.8,0.0,0.6000000000000001,0.0
1040,"[(0, -1, 1, -1), (1, 1, 0, -1)]",0,2,10,0.833333333333333,0_2,0.7499999999999998,0.7499999999999998,0.0,0.0,0.0,0.0,0.833333333333333
1041,"[(0, -1, 1, -1), (1, 1, 0, 0)]",1,2,11,1.0,1_2,0.0,0.0,0.0,1.0,0.0,1.0,0.0
1042,"[(0, -1, 1, -1), (1, 1, 0, 1)]",1,2,9,0.818181818181818,1_2,0.0,0.0,0.0,0.818181818181818,0.0,0.636363636363636,0.0
1043,"[(0, -1, 1, -1), (1, 1, 1, 0)]",1,2,6,0.6,1_2,0.0,0.0,0.0,0.19999999999999996,0.0,0.6,0.4
1044,"[(0, -1, 1, 0), (0, -1, 1, 1)]",1,2,5,0.454545454545455,1_2,0.0,0.0,0.0,0.272727272727273,0.0,0.090909090909091,0.181818181818182
1045,"[(0, -1, 1, 0), (0, 0, -1, -1)]",0,1,7,0.7,0_1,0.0,0.0,0.6,0.0,0.49999999999999994,0.0,0.1
1046,"[(0, -1, 1, 0), (0, 0, -1, 1)]",0,1,9,0.818181818181818,0_1,0.0,0.0,0.818181818181818,0.0,0.636363636363636,0.0,0.0
1047,"[(0, -1, 1, 0), (0, 0, 1, -1)]",0,2,5,0.5,0_2,0.3,0.2,0.0,0.0,0.0,0.0,0.5
1048,"[(0, -1, 1, 0), (0, 0, 1, 1)]",0,2,6,0.545454545454545,0_2,0.363636363636363,0.272727272727272,0.0,0.0,0.0,0.0,0.545454545454545
1049,"[(0, -1, 1, 0), (0, 1, -1, -1)]",0,1,11,0.916666666666667,0_1,0.0,0.0,0.8333333333333337,0.0,0.916666666666667,0.0,0.0833333333333333
1050,"[(0, -1, 1, 0), (0, 1, -1, 0)]",0,1,9,0.818181818181818,0_1,0.0,0.0,0.7272727272727271,0.0,0.7272727272727271,0.0,0.0909090909090909
1051,"[(0, -1, 1, 0), (0, 1, -1, 1)]",0,1,9,0.818181818181818,0_1,0.0,0.0,0.7272727272727271,0.0,0.7272727272727271,0.0,0.0909090909090909
1052,"[(0, -1, 1, 0), (0, 1, 0, -1)]",0,1,6,0.545454545454545,0_1,0.0,0.0,0.181818181818181,0.0,0.4545454545454541,0.0,0.363636363636364
1053,"[(0, -1, 1, 0), (0, 1, 0, 1)]",1,2,8,0.727272727272727,1_2,0.0,0.0,0.0,0.545454545454545,0.0,0.636363636363636,0.181818181818182
1054,"[(0, -1, 1, 0), (0, 1, 1, -1)]",0,1,7,0.636363636363636,0_1,0.0,0.0,0.27272727272727204,0.0,0.636363636363636,0.0,0.363636363636364
1055,"[(0, -1, 1, 0), (0, 1, 1, 0)]",0,2,7,0.583333333333333,0_2,0.33333333333333304,0.4166666666666661,0.0,0.0,0.0,0.0,0.583333333333333
1056,"[(0, -1, 1, 0), (0, 1, 1, 1)]",0,1,5,0.5,0_1,0.0,0.0,0.2,0.0,0.3,0.0,0.3
1057,"[(0, -1, 1, 0), (1, -1, -1, 0)]",0,1,8,0.727272727272727,0_1,0.0,0.0,0.727272727272727,0.0,0.454545454545454,0.0,0.0
1058,"[(0, -1, 1, 0), (1, -1, 0, -1)]",0,1,7,0.583333333333333,0_1,0.0,0.0,0.4166666666666661,0.0,0.33333333333333304,0.0,0.166666666666667
1059,"[(0, -1, 1, 0), (1, -1, 0, 0)]",1,2,10,0.833333333333333,1_2,0.0,0.0,0.0,0.6666666666666661,0.0,0.833333333333333,0.166666666666667
1060,"[(0, -1, 1, 0), (1, -1, 0, 1)]",1,2,6,0.545454545454545,1_2,0.0,0.0,0.0,0.4545454545454541,0.0,0.181818181818181,0.0909090909090909
1061,"[(0, -1, 1, 0), (1, -1, 1, 0)]",0,2,4,0.363636363636364,0_2,0.090909090909091,0.0,0.0,0.0,0.0,0.0,0.363636363636364
1062,"[(0, -1, 1, 0), (1, 0, -1, -1)]",0,1,10,1.0,0_1,0.0,0.0,1.0,0.0,1.0,0.0,0.0
1063,"[(0, -1, 1, 0), (1, 0, -1, 0)]",0,1,8,0.727272727272727,0_1,0.0,0.0,0.636363636363636,0.0,0.545454545454545,0.0,0.0909090909090909
1064,"[(0, -1, 1, 0), (1, 0, -1, 1)]",0,1,9,0.818181818181818,0_1,0.0,0.0,0.7272727272727271,0.0,0.7272727272727271,0.0,0.0909090909090909
1065,"[(0, -1, 1, 0), (1, 0, 0, -1)]",0,1,7,0.636363636363636,0_1,0.0,0.0,0.5454545454545451,0.0,0.36363636363636304,0.0,0.0909090909090909
1066,"[(0, -1, 1, 0), (1, 0, 0, 1)]",1,2,8,0.666666666666667,1_2,0.0,0.0,0.0,0.5833333333333337,0.0,0.41666666666666696,0.0833333333333333
1067,"[(0, -1, 1, 0), (1, 0, 1, -1)]",0,1,8,0.8,0_1,0.0,0.0,0.6000000000000001,0.0,0.8,0.0,0.2
1068,"[(0, -1, 1, 0), (1, 0, 1, 0)]",0,2,4,0.4,0_2,0.10000000000000003,0.10000000000000003,0.0,0.0,0.0,0.0,0.4
1069,"[(0, -1, 1, 0), (1, 0, 1, 1)]",0,1,5,0.416666666666667,0_1,0.0,0.0,0.25,0.0,0.0,0.0,0.166666666666667
1070,"[(0, -1, 1, 0), (1, 1, -1, 0)]",0,1,8,0.8,0_1,0.0,0.0,0.7000000000000001,0.0,0.7000000000000001,0.0,0.1
1071,"[(0, -1, 1, 0), (1, 1, 0, -1)]",1,2,7,0.538461538461538,1_2,0.0,0.0,0.0,0.538461538461538,0.0,0.07692307692307598,0.0
1072,"[(0, -1, 1, 0), (1, 1, 0, 0)]",1,2,6,0.6,1_2,0.0,0.0,0.0,0.39999999999999997,0.0,0.39999999999999997,0.2
1073,"[(0, -1, 1, 0), (1, 1, 0, 1)]",1,2,10,0.833333333333333,1_2,0.0,0.0,0.0,0.7499999999999998,0.0,0.7499999999999998,0.0833333333333333
1074,"[(0, -1, 1, 0), (1, 1, 1, 0)]",0,2,7,0.636363636363636,0_2,0.45454545454545403,0.45454545454545403,0.0,0.0,0.0,0.0,0.636363636363636
1075,"[(0, -1, 1, 1), (0, 0, -1, -1)]",0,1,10,0.833333333333333,0_1,0.0,0.0,0.7499999999999998,0.0,0.7499999999999998,0.0,0.0833333333333333
1076,"[(0, -1, 1, 1), (0, 0, -1, 1)]",0,1,10,0.833333333333333,0_1,0.0,0.0,0.833333333333333,0.0,0.6666666666666661,0.0,0.0
1077,"[(0, -1, 1, 1), (0, 0, 1, -1)]",0,1,6,0.6,0_1,0.0,0.0,0.19999999999999996,0.0,0.6,0.0,0.4
1078,"[(0, -1, 1, 1), (0, 0, 1, 1)]",0,1,4,0.363636363636364,0_1,0.0,0.0,0.0,0.0,0.090909090909091,0.0,0.363636363636364
1079,"[(0, -1, 1, 1), (0, 1, -1, -1)]",0,1,9,0.818181818181818,0_1,0.0,0.0,0.818181818181818,0.0,0.636363636363636,0.0,0.0
1080,"[(0, -1, 1, 1), (0, 1, -1, 0)]",0,1,6,0.5,0_1,0.0,0.0,0.5,0.0,0.0,0.0,0.0
1081,"[(0, -1, 1, 1), (0, 1, -1, 1)]",0,1,5,0.454545454545455,0_1,0.0,0.0,0.3636363636363641,0.0,0.0,0.0,0.0909090909090909
1082,"[(0, -1, 1, 1), (0, 1, 0, -1)]",1,2,5,0.5,1_2,0.0,0.0,0.0,0.4,0.0,0.09999999999999998,0.1
1083,"[(0, -1, 1, 1), (0, 1, 0, 1)]",1,2,9,0.818181818181818,1_2,0.0,0.0,0.0,0.7272727272727271,0.0,0.7272727272727271,0.0909090909090909
1084,"[(0, -1, 1, 1), (0, 1, 1, -1)]",0,2,4,0.4,0_2,0.10000000000000003,0.10000000000000003,0.0,0.0,0.0,0.0,0.4
1085,"[(0, -1, 1, 1), (0, 1, 1, 0)]",0,2,5,0.5,0_2,0.5,0.0,0.0,0.0,0.0,0.0,0.5
1086,"[(0, -1, 1, 1), (0, 1, 1, 1)]",0,1,5,0.416666666666667,0_1,0.0,0.0,0.08333333333333404,0.0,0.16666666666666702,0.0,0.333333333333333
1087,"[(0, -1, 1, 1), (1, -1, -1, 0)]",0,1,6,0.6,0_1,0.0,0.0,0.5,0.0,0.3,0.0,0.1
1088,"[(0, -1, 1, 1), (1, -1, 0, -1)]",0,1,8,0.666666666666667,0_1,0.0,0.0,0.666666666666667,0.0,0.333333333333334,0.0,0.0
1089,"[(0, -1, 1, 1), (1, -1, 0, 0)]",1,2,11,1.0,1_2,0.0,0.0,0.0,1.0,0.0,1.0,0.0
1090,"[(0, -1, 1, 1), (1, -1, 0, 1)]",1,2,7,0.7,1_2,0.0,0.0,0.0,0.7,0.0,0.39999999999999997,0.0
1091,"[(0, -1, 1, 1), (1, -1, 1, 0)]",0,1,7,0.636363636363636,0_1,0.0,0.0,0.27272727272727204,0.0,0.636363636363636,0.0,0.363636363636364
1092,"[(0, -1, 1, 1), (1, 0, -1, -1)]",0,1,8,0.727272727272727,0_1,0.0,0.0,0.545454545454545,0.0,0.636363636363636,0.0,0.181818181818182
1093,"[(0, -1, 1, 1), (1, 0, -1, 0)]",0,1,6,0.5,0_1,0.0,0.0,0.4166666666666667,0.0,0.08333333333333298,0.0,0.0833333333333333
1094,"[(0, -1, 1, 1), (1, 0, -1, 1)]",0,1,7,0.7,0_1,0.0,0.0,0.49999999999999994,0.0,0.6,0.0,0.2
1095,"[(0, -1, 1, 1), (1, 0, 0, -1)]",0,1,8,0.727272727272727,0_1,0.0,0.0,0.545454545454545,0.0,0.636363636363636,0.0,0.181818181818182
1096,"[(0, -1, 1, 1), (1, 0, 0, 1)]",1,2,7,0.636363636363636,1_2,0.0,0.0,0.0,0.45454545454545403,0.0,0.45454545454545403,0.181818181818182
1097,"[(0, -1, 1, 1), (1, 0, 1, -1)]",0,1,5,0.416666666666667,0_1,0.0,0.0,0.08333333333333404,0.0,0.16666666666666702,0.0,0.333333333333333
1098,"[(0, -1, 1, 1), (1, 0, 1, 0)]",1,2,6,0.461538461538462,1_2,0.0,0.0,0.0,0.07692307692307698,0.0,0.30769230769230804,0.384615384615385
1099,"[(0, -1, 1, 1), (1, 0, 1, 1)]",0,1,4,0.363636363636364,0_1,0.0,0.0,0.090909090909091,0.0,0.0,0.0,0.272727272727273
1100,"[(0, -1, 1, 1), (1, 1, -1, 0)]",0,1,5,0.5,0_1,0.0,0.0,0.2,0.0,0.3,0.0,0.3
1101,"[(0, -1, 1, 1), (1, 1, 0, -1)]",0,1,9,0.75,0_1,0.0,0.0,0.583333333333333,0.0,0.6666666666666667,0.0,0.166666666666667
1102,"[(0, -1, 1, 1), (1, 1, 0, 0)]",1,2,9,0.818181818181818,1_2,0.0,0.0,0.0,0.7272727272727271,0.0,0.7272727272727271,0.0909090909090909
1103,"[(0, -1, 1, 1), (1, 1, 0, 1)]",1,2,11,0.916666666666667,1_2,0.0,0.0,0.0,0.916666666666667,0.0,0.8333333333333337,0.0
1104,"[(0, -1, 1, 1), (1, 1, 1, 0)]",0,2,5,0.454545454545455,0_2,0.090909090909091,0.272727272727273,0.0,0.0,0.0,0.0,0.454545454545455
1105,"[(0, 0, -1, -1), (0, 0, -1, 1)]",1,2,6,0.6,1_2,0.0,0.0,0.0,0.19999999999999996,0.0,0.6,0.4
1106,"[(0, 0, -1, -1), (0, 0, 1, -1)]",1,2,7,0.538461538461538,1_2,0.0,0.0,0.0,0.15384615384615297,0.0,0.4615384615384611,0.384615384615385
1107,"[(0, 0, -1, -1), (0, 0, 1, 1)]",1,2,9,0.9,1_2,0.0,0.0,0.0,0.9,0.0,0.8,0.0
1108,"[(0, 0, -1, -1), (0, 1, -1, -1)]",0,2,12,0.8,0_2,0.7333333333333334,0.6666666666666671,0.0,0.0,0.0,0.0,0.8
1109,"[(0, 0, -1, -1), (0, 1, -1, 0)]",1,2,7,0.636363636363636,1_2,0.0,0.0,0.0,0.36363636363636304,0.0,0.5454545454545451,0.272727272727273
1110,"[(0, 0, -1, -1), (0, 1, -1, 1)]",0,2,4,0.4,0_2,0.2,0.0,0.0,0.0,0.0,0.0,0.4
1111,"[(0, 0, -1, -1), (0, 1, 0, -1)]",0,1,5,0.384615384615385,0_1,0.0,0.0,0.15384615384615402,0.0,0.0,0.0,0.230769230769231
1112,"[(0, 0, -1, -1), (0, 1, 0, 1)]",1,2,14,1.0,1_2,0.0,0.0,0.0,1.0,0.0,1.0,0.0
1113,"[(0, 0, -1, -1), (0, 1, 1, -1)]",1,2,8,0.666666666666667,1_2,0.0,0.0,0.0,0.5,0.0,0.5,0.166666666666667
1114,"[(0, 0, -1, -1), (0, 1, 1, 0)]",1,2,10,0.909090909090909,1_2,0.0,0.0,0.0,0.818181818181818,0.0,0.909090909090909,0.0909090909090909
1115,"[(0, 0, -1, -1), (0, 1, 1, 1)]",1,2,9,0.818181818181818,1_2,0.0,0.0,0.0,0.7272727272727271,0.0,0.7272727272727271,0.0909090909090909
1116,"[(0, 0, -1, -1), (1, -1, -1, 0)]",0,2,6,0.545454545454545,0_2,0.4545454545454541,0.181818181818181,0.0,0.0,0.0,0.0,0.545454545454545
1117,"[(0, 0, -1, -1), (1, -1, 0, -1)]",1,2,8,0.727272727272727,1_2,0.0,0.0,0.0,0.545454545454545,0.0,0.636363636363636,0.181818181818182
1118,"[(0, 0, -1, -1), (1, -1, 0, 0)]",1,2,11,1.0,1_2,0.0,0.0,0.0,1.0,0.0,1.0,0.0
1119,"[(0, 0, -1, -1), (1, -1, 0, 1)]",1,2,10,1.0,1_2,0.0,0.0,0.0,1.0,0.0,1.0,0.0
1120,"[(0, 0, -1, -1), (1, -1, 1, 0)]",1,2,6,0.6,1_2,0.0,0.0,0.0,0.39999999999999997,0.0,0.39999999999999997,0.2
1121,"[(0, 0, -1, -1), (1, 0, -1, -1)]",0,2,8,0.727272727272727,0_2,0.545454545454545,0.636363636363636,0.0,0.0,0.0,0.0,0.727272727272727
1122,"[(0, 0, -1, -1), (1, 0, -1, 0)]",1,2,8,0.727272727272727,1_2,0.0,0.0,0.0,0.636363636363636,0.0,0.545454545454545,0.0909090909090909
1123,"[(0, 0, -1, -1), (1, 0, -1, 1)]",1,2,7,0.583333333333333,1_2,0.0,0.0,0.0,0.25000000000000006,0.0,0.4999999999999997,0.333333333333333
1124,"[(0, 0, -1, -1), (1, 0, 0, -1)]",1,2,5,0.5,1_2,0.0,0.0,0.0,0.2,0.0,0.3,0.3
1125,"[(0, 0, -1, -1), (1, 0, 0, 1)]",1,2,11,1.0,1_2,0.0,0.0,0.0,1.0,0.0,1.0,0.0
1126,"[(0, 0, -1, -1), (1, 0, 1, -1)]",1,2,6,0.6,1_2,0.0,0.0,0.0,0.39999999999999997,0.0,0.39999999999999997,0.2
1127,"[(0, 0, -1, -1), (1, 0, 1, 0)]",1,2,8,0.8,1_2,0.0,0.0,0.0,0.8,0.0,0.6000000000000001,0.0
1128,"[(0, 0, -1, -1), (1, 0, 1, 1)]",1,2,11,0.916666666666667,1_2,0.0,0.0,0.0,0.916666666666667,0.0,0.8333333333333337,0.0
1129,"[(0, 0, -1, -1), (1, 1, -1, 0)]",0,2,7,0.636363636363636,0_2,0.36363636363636304,0.5454545454545451,0.0,0.0,0.0,0.0,0.636363636363636
1130,"[(0, 0, -1, -1), (1, 1, 0, -1)]",0,2,5,0.416666666666667,0_2,0.25,0.0,0.0,0.0,0.0,0.0,0.416666666666667
1131,"[(0, 0, -1, -1), (1, 1, 0, 0)]",1,2,10,0.833333333333333,1_2,0.0,0.0,0.0,0.7499999999999998,0.0,0.7499999999999998,0.0833333333333333
1132,"[(0, 0, -1, -1), (1, 1, 0, 1)]",1,2,11,1.0,1_2,0.0,0.0,0.0,1.0,0.0,1.0,0.0
1133,"[(0, 0, -1, -1), (1, 1, 1, 0)]",1,2,9,0.818181818181818,1_2,0.0,0.0,0.0,0.818181818181818,0.0,0.636363636363636,0.0
1134,"[(0, 0, -1, 1), (0, 0, 1, -1)]",0,1,5,0.454545454545455,0_1,0.0,0.0,0.3636363636363641,0.0,0.0,0.0,0.0909090909090909
1135,"[(0, 0, -1, 1), (0, 0, 1, 1)]",1,2,5,0.5,1_2,0.0,0.0,0.0,0.4,0.0,0.09999999999999998,0.1
1136,"[(0, 0, -1, 1), (0, 1, -1, -1)]",0,2,6,0.5,0_2,0.08333333333333298,0.4166666666666667,0.0,0.0,0.0,0.0,0.5
1137,"[(0, 0, -1, 1), (0, 1, -1, 0)]",0,2,8,0.666666666666667,0_2,0.5833333333333337,0.41666666666666696,0.0,0.0,0.0,0.0,0.666666666666667
1138,"[(0, 0, -1, 1), (0, 1, -1, 1)]",0,2,6,0.6,0_2,0.5,0.3,0.0,0.0,0.0,0.0,0.6
1139,"[(0, 0, -1, 1), (0, 1, 0, -1)]",1,2,6,0.6,1_2,0.0,0.0,0.0,0.6,0.0,0.19999999999999996,0.0
1140,"[(0, 0, -1, 1), (0, 1, 0, 1)]",1,2,8,0.727272727272727,1_2,0.0,0.0,0.0,0.636363636363636,0.0,0.545454545454545,0.0909090909090909
1141,"[(0, 0, -1, 1), (0, 1, 1, -1)]",0,1,5,0.5,0_1,0.0,0.0,0.5,0.0,0.0,0.0,0.0
1142,"[(0, 0, -1, 1), (0, 1, 1, 0)]",1,2,10,0.833333333333333,1_2,0.0,0.0,0.0,0.7499999999999998,0.0,0.7499999999999998,0.0833333333333333
1143,"[(0, 0, -1, 1), (0, 1, 1, 1)]",1,2,11,1.0,1_2,0.0,0.0,0.0,1.0,0.0,1.0,0.0
1144,"[(0, 0, -1, 1), (1, -1, -1, 0)]",0,2,8,0.666666666666667,0_2,0.5833333333333337,0.41666666666666696,0.0,0.0,0.0,0.0,0.666666666666667
1145,"[(0, 0, -1, 1), (1, -1, 0, -1)]",1,2,8,0.8,1_2,0.0,0.0,0.0,0.8,0.0,0.6000000000000001,0.0
1146,"[(0, 0, -1, 1), (1, -1, 0, 0)]",1,2,10,0.833333333333333,1_2,0.0,0.0,0.0,0.833333333333333,0.0,0.6666666666666661,0.0
1147,"[(0, 0, -1, 1), (1, -1, 0, 1)]",1,2,9,0.9,1_2,0.0,0.0,0.0,0.8,0.0,0.9,0.1
1148,"[(0, 0, -1, 1), (1, -1, 1, 0)]",1,2,8,0.666666666666667,1_2,0.0,0.0,0.0,0.5,0.0,0.5,0.166666666666667
1149,"[(0, 0, -1, 1), (1, 0, -1, -1)]",0,1,7,0.583333333333333,0_1,0.0,0.0,0.33333333333333304,0.0,0.4166666666666661,0.0,0.25
1150,"[(0, 0, -1, 1), (1, 0, -1, 0)]",0,2,6,0.6,0_2,0.3,0.5,0.0,0.0,0.0,0.0,0.6
1151,"[(0, 0, -1, 1), (1, 0, -1, 1)]",1,2,5,0.416666666666667,1_2,0.0,0.0,0.0,0.08333333333333404,0.0,0.16666666666666702,0.333333333333333
1152,"[(0, 0, -1, 1), (1, 0, 0, -1)]",0,1,7,0.538461538461538,0_1,0.0,0.0,0.4615384615384611,0.0,0.15384615384615297,0.0,0.0769230769230769
1153,"[(0, 0, -1, 1), (1, 0, 0, 1)]",1,2,11,0.916666666666667,1_2,0.0,0.0,0.0,0.8333333333333337,0.0,0.916666666666667,0.0833333333333333
1154,"[(0, 0, -1, 1), (1, 0, 1, -1)]",1,2,6,0.6,1_2,0.0,0.0,0.0,0.6,0.0,0.19999999999999996,0.0
1155,"[(0, 0, -1, 1), (1, 0, 1, 0)]",1,2,9,0.692307692307692,1_2,0.0,0.0,0.0,0.6153846153846151,0.0,0.46153846153846095,0.0769230769230769
1156,"[(0, 0, -1, 1), (1, 0, 1, 1)]",0,1,5,0.416666666666667,0_1,0.0,0.0,0.25,0.0,0.0,0.0,0.166666666666667
1157,"[(0, 0, -1, 1), (1, 1, -1, 0)]",0,2,7,0.7,0_2,0.7,0.39999999999999997,0.0,0.0,0.0,0.0,0.7
1158,"[(0, 0, -1, 1), (1, 1, 0, -1)]",1,2,6,0.545454545454545,1_2,0.0,0.0,0.0,0.545454545454545,0.0,0.09090909090909,0.0
1159,"[(0, 0, -1, 1), (1, 1, 0, 0)]",1,2,10,0.833333333333333,1_2,0.0,0.0,0.0,0.833333333333333,0.0,0.6666666666666661,0.0
1160,"[(0, 0, -1, 1), (1, 1, 0, 1)]",1,2,7,0.7,1_2,0.0,0.0,0.0,0.6,0.0,0.49999999999999994,0.1
1161,"[(0, 0, -1, 1), (1, 1, 1, 0)]",1,2,8,0.8,1_2,0.0,0.0,0.0,0.8,0.0,0.6000000000000001,0.0
1162,"[(0, 0, 1, -1), (0, 0, 1, 1)]",1,2,5,0.5,1_2,0.0,0.0,0.0,0.09999999999999998,0.0,0.4,0.4
1163,"[(0, 0, 1, -1), (0, 1, -1, -1)]",0,2,5,0.454545454545455,0_2,0.181818181818182,0.181818181818182,0.0,0.0,0.0,0.0,0.454545454545455
1164,"[(0, 0, 1, -1), (0, 1, -1, 0)]",1,2,7,0.583333333333333,1_2,0.0,0.0,0.0,0.583333333333333,0.0,0.16666666666666602,0.0
1165,"[(0, 0, 1, -1), (0, 1, -1, 1)]",1,2,8,0.727272727272727,1_2,0.0,0.0,0.0,0.727272727272727,0.0,0.454545454545454,0.0
1166,"[(0, 0, 1, -1), (0, 1, 0, -1)]",0,2,8,0.666666666666667,0_2,0.41666666666666696,0.5833333333333337,0.0,0.0,0.0,0.0,0.666666666666667
1167,"[(0, 0, 1, -1), (0, 1, 0, 1)]",1,2,9,0.9,1_2,0.0,0.0,0.0,0.9,0.0,0.8,0.0
1168,"[(0, 0, 1, -1), (0, 1, 1, -1)]",0,2,8,0.727272727272727,0_2,0.545454545454545,0.636363636363636,0.0,0.0,0.0,0.0,0.727272727272727
1169,"[(0, 0, 1, -1), (0, 1, 1, 0)]",0,2,6,0.545454545454545,0_2,0.181818181818181,0.4545454545454541,0.0,0.0,0.0,0.0,0.545454545454545
1170,"[(0, 0, 1, -1), (0, 1, 1, 1)]",1,2,7,0.583333333333333,1_2,0.0,0.0,0.0,0.4166666666666661,0.0,0.33333333333333304,0.166666666666667
1171,"[(0, 0, 1, -1), (1, -1, -1, 0)]",1,2,7,0.7,1_2,0.0,0.0,0.0,0.6,0.0,0.49999999999999994,0.1
1172,"[(0, 0, 1, -1), (1, -1, 0, -1)]",1,2,5,0.5,1_2,0.0,0.0,0.0,0.2,0.0,0.3,0.3
1173,"[(0, 0, 1, -1), (1, -1, 0, 0)]",1,2,9,0.75,1_2,0.0,0.0,0.0,0.75,0.0,0.5,0.0
1174,"[(0, 0, 1, -1), (1, -1, 0, 1)]",1,2,12,1.0,1_2,0.0,0.0,0.0,1.0,0.0,1.0,0.0
1175,"[(0, 0, 1, -1), (1, -1, 1, 0)]",0,2,5,0.454545454545455,0_2,0.181818181818182,0.181818181818182,0.0,0.0,0.0,0.0,0.454545454545455
1176,"[(0, 0, 1, -1), (1, 0, -1, -1)]",0,1,5,0.5,0_1,0.0,0.0,0.09999999999999998,0.0,0.4,0.0,0.4
1177,"[(0, 0, 1, -1), (1, 0, -1, 0)]",1,2,7,0.583333333333333,1_2,0.0,0.0,0.0,0.4999999999999997,0.0,0.25000000000000006,0.0833333333333333
1178,"[(0, 0, 1, -1), (1, 0, -1, 1)]",1,2,7,0.7,1_2,0.0,0.0,0.0,0.7,0.0,0.39999999999999997,0.0
1179,"[(0, 0, 1, -1), (1, 0, 0, -1)]",0,2,6,0.5,0_2,0.5,0.0,0.0,0.0,0.0,0.0,0.5
1180,"[(0, 0, 1, -1), (1, 0, 0, 1)]",1,2,9,0.818181818181818,1_2,0.0,0.0,0.0,0.818181818181818,0.0,0.636363636363636,0.0
1181,"[(0, 0, 1, -1), (1, 0, 1, -1)]",0,2,9,0.9,0_2,0.8,0.9,0.0,0.0,0.0,0.0,0.9
1182,"[(0, 0, 1, -1), (1, 0, 1, 0)]",0,2,6,0.545454545454545,0_2,0.4545454545454541,0.181818181818181,0.0,0.0,0.0,0.0,0.545454545454545
1183,"[(0, 0, 1, -1), (1, 0, 1, 1)]",1,2,9,0.75,1_2,0.0,0.0,0.0,0.6666666666666667,0.0,0.583333333333333,0.0833333333333333
1184,"[(0, 0, 1, -1), (1, 1, -1, 0)]",0,1,8,0.727272727272727,0_1,0.0,0.0,0.727272727272727,0.0,0.454545454545454,0.0,0.0
1185,"[(0, 0, 1, -1), (1, 1, 0, -1)]",0,2,6,0.5,0_2,0.16666666666666702,0.33333333333333304,0.0,0.0,0.0,0.0,0.5
1186,"[(0, 0, 1, -1), (1, 1, 0, 0)]",1,2,9,0.818181818181818,1_2,0.0,0.0,0.0,0.818181818181818,0.0,0.636363636363636,0.0
1187,"[(0, 0, 1, -1), (1, 1, 0, 1)]",1,2,9,0.818181818181818,1_2,0.0,0.0,0.0,0.818181818181818,0.0,0.636363636363636,0.0
1188,"[(0, 0, 1, -1), (1, 1, 1, 0)]",1,2,4,0.4,1_2,0.0,0.0,0.0,0.10000000000000003,0.0,0.10000000000000003,0.3
1189,"[(0, 0, 1, 1), (0, 1, -1, -1)]",0,1,11,1.0,0_1,0.0,0.0,1.0,0.0,1.0,0.0,0.0
1190,"[(0, 0, 1, 1), (0, 1, -1, 0)]",0,1,10,0.909090909090909,0_1,0.0,0.0,0.909090909090909,0.0,0.818181818181818,0.0,0.0
1191,"[(0, 0, 1, 1), (0, 1, -1, 1)]",0,1,8,0.727272727272727,0_1,0.0,0.0,0.636363636363636,0.0,0.545454545454545,0.0,0.0909090909090909
1192,"[(0, 0, 1, 1), (0, 1, 0, -1)]",0,1,11,0.916666666666667,0_1,0.0,0.0,0.916666666666667,0.0,0.8333333333333337,0.0,0.0
1193,"[(0, 0, 1, 1), (0, 1, 0, 1)]",1,2,8,0.8,1_2,0.0,0.0,0.0,0.8,0.0,0.6000000000000001,0.0
1194,"[(0, 0, 1, 1), (0, 1, 1, -1)]",0,1,8,0.727272727272727,0_1,0.0,0.0,0.545454545454545,0.0,0.636363636363636,0.0,0.181818181818182
1195,"[(0, 0, 1, 1), (0, 1, 1, 0)]",0,1,6,0.5,0_1,0.0,0.0,0.33333333333333304,0.0,0.16666666666666702,0.0,0.166666666666667
1196,"[(0, 0, 1, 1), (0, 1, 1, 1)]",0,2,7,0.583333333333333,0_2,0.33333333333333304,0.4166666666666661,0.0,0.0,0.0,0.0,0.583333333333333
1197,"[(0, 0, 1, 1), (1, -1, -1, 0)]",0,1,6,0.6,0_1,0.0,0.0,0.6,0.0,0.19999999999999996,0.0,0.0
1198,"[(0, 0, 1, 1), (1, -1, 0, -1)]",0,1,6,0.6,0_1,0.0,0.0,0.6,0.0,0.19999999999999996,0.0,0.0
1199,"[(0, 0, 1, 1), (1, -1, 0, 0)]",0,1,5,0.5,0_1,0.0,0.0,0.5,0.0,0.0,0.0,0.0
1200,"[(0, 0, 1, 1), (1, -1, 0, 1)]",1,2,5,0.5,1_2,0.0,0.0,0.0,0.3,0.0,0.2,0.2
1201,"[(0, 0, 1, 1), (1, -1, 1, 0)]",0,1,4,0.4,0_1,0.0,0.0,0.2,0.0,0.0,0.0,0.2
1202,"[(0, 0, 1, 1), (1, 0, -1, -1)]",0,1,10,0.909090909090909,0_1,0.0,0.0,0.909090909090909,0.0,0.818181818181818,0.0,0.0
1203,"[(0, 0, 1, 1), (1, 0, -1, 0)]",0,1,9,0.75,0_1,0.0,0.0,0.75,0.0,0.5,0.0,0.0
1204,"[(0, 0, 1, 1), (1, 0, -1, 1)]",0,1,8,0.727272727272727,0_1,0.0,0.0,0.636363636363636,0.0,0.545454545454545,0.0,0.0909090909090909
1205,"[(0, 0, 1, 1), (1, 0, 0, -1)]",0,1,8,0.666666666666667,0_1,0.0,0.0,0.5833333333333337,0.0,0.41666666666666696,0.0,0.0833333333333333
1206,"[(0, 0, 1, 1), (1, 0, 0, 1)]",1,2,10,0.833333333333333,1_2,0.0,0.0,0.0,0.7499999999999998,0.0,0.7499999999999998,0.0833333333333333
1207,"[(0, 0, 1, 1), (1, 0, 1, -1)]",0,1,7,0.7,0_1,0.0,0.0,0.39999999999999997,0.0,0.7,0.0,0.3
1208,"[(0, 0, 1, 1), (1, 0, 1, 0)]",0,2,7,0.583333333333333,0_2,0.4166666666666661,0.33333333333333304,0.0,0.0,0.0,0.0,0.583333333333333
1209,"[(0, 0, 1, 1), (1, 0, 1, 1)]",0,2,8,0.727272727272727,0_2,0.727272727272727,0.454545454545454,0.0,0.0,0.0,0.0,0.727272727272727
1210,"[(0, 0, 1, 1), (1, 1, -1, 0)]",0,1,9,0.75,0_1,0.0,0.0,0.75,0.0,0.5,0.0,0.0
1211,"[(0, 0, 1, 1), (1, 1, 0, -1)]",0,1,8,0.727272727272727,0_1,0.0,0.0,0.636363636363636,0.0,0.545454545454545,0.0,0.0909090909090909
1212,"[(0, 0, 1, 1), (1, 1, 0, 0)]",1,2,9,0.818181818181818,1_2,0.0,0.0,0.0,0.818181818181818,0.0,0.636363636363636,0.0
1213,"[(0, 0, 1, 1), (1, 1, 0, 1)]",1,2,6,0.6,1_2,0.0,0.0,0.0,0.6,0.0,0.19999999999999996,0.0
1214,"[(0, 0, 1, 1), (1, 1, 1, 0)]",0,2,7,0.583333333333333,0_2,0.4166666666666661,0.33333333333333304,0.0,0.0,0.0,0.0,0.583333333333333
1215,"[(0, 1, -1, -1), (0, 1, -1, 0)]",1,2,7,0.583333333333333,1_2,0.0,0.0,0.0,0.25000000000000006,0.0,0.4999999999999997,0.333333333333333
1216,"[(0, 1, -1, -1), (0, 1, -1, 1)]",1,2,8,0.666666666666667,1_2,0.0,0.0,0.0,0.333333333333334,0.0,0.666666666666667,0.333333333333333
1217,"[(0, 1, -1, -1), (0, 1, 0, -1)]",1,2,4,0.4,1_2,0.0,0.0,0.0,0.10000000000000003,0.0,0.10000000000000003,0.3
1218,"[(0, 1, -1, -1), (0, 1, 0, 1)]",1,2,7,0.7,1_2,0.0,0.0,0.0,0.7,0.0,0.39999999999999997,0.0
1219,"[(0, 1, -1, -1), (0, 1, 1, -1)]",0,2,5,0.5,0_2,0.3,0.2,0.0,0.0,0.0,0.0,0.5
1220,"[(0, 1, -1, -1), (0, 1, 1, 0)]",1,2,8,0.8,1_2,0.0,0.0,0.0,0.7000000000000001,0.0,0.7000000000000001,0.1
1221,"[(0, 1, -1, -1), (0, 1, 1, 1)]",1,2,11,1.0,1_2,0.0,0.0,0.0,1.0,0.0,1.0,0.0
1222,"[(0, 1, -1, -1), (1, -1, -1, 0)]",0,2,6,0.5,0_2,0.4166666666666667,0.08333333333333298,0.0,0.0,0.0,0.0,0.5
1223,"[(0, 1, -1, -1), (1, -1, 0, -1)]",1,2,8,0.8,1_2,0.0,0.0,0.0,0.6000000000000001,0.0,0.8,0.2
1224,"[(0, 1, -1, -1), (1, -1, 0, 0)]",1,2,10,1.0,1_2,0.0,0.0,0.0,1.0,0.0,1.0,0.0
1225,"[(0, 1, -1, -1), (1, -1, 0, 1)]",1,2,9,0.818181818181818,1_2,0.0,0.0,0.0,0.818181818181818,0.0,0.636363636363636,0.0
1226,"[(0, 1, -1, -1), (1, -1, 1, 0)]",1,2,9,0.818181818181818,1_2,0.0,0.0,0.0,0.818181818181818,0.0,0.636363636363636,0.0
1227,"[(0, 1, -1, -1), (1, 0, -1, -1)]",0,2,7,0.636363636363636,0_2,0.5454545454545451,0.36363636363636304,0.0,0.0,0.0,0.0,0.636363636363636
1228,"[(0, 1, -1, -1), (1, 0, -1, 0)]",1,2,6,0.545454545454545,1_2,0.0,0.0,0.0,0.09090909090909,0.0,0.545454545454545,0.454545454545455
1229,"[(0, 1, -1, -1), (1, 0, -1, 1)]",1,2,5,0.454545454545455,1_2,0.0,0.0,0.0,0.090909090909091,0.0,0.272727272727273,0.363636363636364
1230,"[(0, 1, -1, -1), (1, 0, 0, -1)]",1,2,10,0.909090909090909,1_2,0.0,0.0,0.0,0.909090909090909,0.0,0.818181818181818,0.0
1231,"[(0, 1, -1, -1), (1, 0, 0, 1)]",1,2,9,0.9,1_2,0.0,0.0,0.0,0.8,0.0,0.9,0.1
1232,"[(0, 1, -1, -1), (1, 0, 1, -1)]",0,1,5,0.454545454545455,0_1,0.0,0.0,0.181818181818182,0.0,0.181818181818182,0.0,0.272727272727273
1233,"[(0, 1, -1, -1), (1, 0, 1, 0)]",1,2,11,0.916666666666667,1_2,0.0,0.0,0.0,0.916666666666667,0.0,0.8333333333333337,0.0
1234,"[(0, 1, -1, -1), (1, 0, 1, 1)]",1,2,10,0.909090909090909,1_2,0.0,0.0,0.0,0.818181818181818,0.0,0.909090909090909,0.0909090909090909
1235,"[(0, 1, -1, -1), (1, 1, -1, 0)]",1,2,7,0.636363636363636,1_2,0.0,0.0,0.0,0.45454545454545403,0.0,0.45454545454545403,0.181818181818182
1236,"[(0, 1, -1, -1), (1, 1, 0, -1)]",0,2,5,0.454545454545455,0_2,0.272727272727273,0.090909090909091,0.0,0.0,0.0,0.0,0.454545454545455
1237,"[(0, 1, -1, -1), (1, 1, 0, 0)]",1,2,9,0.818181818181818,1_2,0.0,0.0,0.0,0.7272727272727271,0.0,0.7272727272727271,0.0909090909090909
1238,"[(0, 1, -1, -1), (1, 1, 0, 1)]",1,2,9,0.9,1_2,0.0,0.0,0.0,0.9,0.0,0.8,0.0
1239,"[(0, 1, -1, -1), (1, 1, 1, 0)]",1,2,9,0.9,1_2,0.0,0.0,0.0,0.8,0.0,0.9,0.1
1240,"[(0, 1, -1, 0), (0, 1, -1, 1)]",0,2,6,0.6,0_2,0.5,0.3,0.0,0.0,0.0,0.0,0.6
1241,"[(0, 1, -1, 0), (0, 1, 0, -1)]",0,1,7,0.583333333333333,0_1,0.0,0.0,0.583333333333333,0.0,0.16666666666666602,0.0,0.0
1242,"[(0, 1, -1, 0), (0, 1, 0, 1)]",1,2,7,0.7,1_2,0.0,0.0,0.0,0.6,0.0,0.49999999999999994,0.1
1243,"[(0, 1, -1, 0), (0, 1, 1, -1)]",0,1,7,0.636363636363636,0_1,0.0,0.0,0.5454545454545451,0.0,0.36363636363636304,0.0,0.0909090909090909
1244,"[(0, 1, -1, 0), (0, 1, 1, 0)]",1,2,8,0.8,1_2,0.0,0.0,0.0,0.7000000000000001,0.0,0.7000000000000001,0.1
1245,"[(0, 1, -1, 0), (0, 1, 1, 1)]",1,2,6,0.5,1_2,0.0,0.0,0.0,0.33333333333333304,0.0,0.16666666666666702,0.166666666666667
1246,"[(0, 1, -1, 0), (1, -1, -1, 0)]",0,2,8,0.727272727272727,0_2,0.636363636363636,0.545454545454545,0.0,0.0,0.0,0.0,0.727272727272727
1247,"[(0, 1, -1, 0), (1, -1, 0, -1)]",0,1,6,0.545454545454545,0_1,0.0,0.0,0.4545454545454541,0.0,0.181818181818181,0.0,0.0909090909090909
1248,"[(0, 1, -1, 0), (1, -1, 0, 0)]",1,2,10,1.0,1_2,0.0,0.0,0.0,1.0,0.0,1.0,0.0
1249,"[(0, 1, -1, 0), (1, -1, 0, 1)]",1,2,7,0.7,1_2,0.0,0.0,0.0,0.49999999999999994,0.0,0.6,0.2
1250,"[(0, 1, -1, 0), (1, -1, 1, 0)]",1,2,9,0.75,1_2,0.0,0.0,0.0,0.75,0.0,0.5,0.0
1251,"[(0, 1, -1, 0), (1, 0, -1, -1)]",0,1,5,0.5,0_1,0.0,0.0,0.0,0.0,0.5,0.0,0.5
1252,"[(0, 1, -1, 0), (1, 0, -1, 0)]",0,2,4,0.363636363636364,0_2,0.090909090909091,0.0,0.0,0.0,0.0,0.0,0.363636363636364
1253,"[(0, 1, -1, 0), (1, 0, -1, 1)]",0,2,6,0.6,0_2,0.39999999999999997,0.39999999999999997,0.0,0.0,0.0,0.0,0.6
1254,"[(0, 1, -1, 0), (1, 0, 0, -1)]",0,1,6,0.6,0_1,0.0,0.0,0.6,0.0,0.19999999999999996,0.0,0.0
1255,"[(0, 1, -1, 0), (1, 0, 0, 1)]",1,2,11,0.916666666666667,1_2,0.0,0.0,0.0,0.916666666666667,0.0,0.8333333333333337,0.0
1256,"[(0, 1, -1, 0), (1, 0, 1, -1)]",0,1,6,0.5,0_1,0.0,0.0,0.5,0.0,0.0,0.0,0.0
1257,"[(0, 1, -1, 0), (1, 0, 1, 0)]",1,2,8,0.727272727272727,1_2,0.0,0.0,0.0,0.545454545454545,0.0,0.636363636363636,0.181818181818182
1258,"[(0, 1, -1, 0), (1, 0, 1, 1)]",1,2,10,0.909090909090909,1_2,0.0,0.0,0.0,0.818181818181818,0.0,0.909090909090909,0.0909090909090909
1259,"[(0, 1, -1, 0), (1, 1, -1, 0)]",0,2,4,0.4,0_2,0.10000000000000003,0.10000000000000003,0.0,0.0,0.0,0.0,0.4
1260,"[(0, 1, -1, 0), (1, 1, 0, -1)]",0,1,5,0.5,0_1,0.0,0.0,0.3,0.0,0.2,0.0,0.2
1261,"[(0, 1, -1, 0), (1, 1, 0, 0)]",1,2,13,1.0,1_2,0.0,0.0,0.0,1.0,0.0,1.0,0.0
1262,"[(0, 1, -1, 0), (1, 1, 0, 1)]",1,2,8,0.666666666666667,1_2,0.0,0.0,0.0,0.41666666666666696,0.0,0.5833333333333337,0.25
1263,"[(0, 1, -1, 0), (1, 1, 1, 0)]",1,2,9,0.75,1_2,0.0,0.0,0.0,0.6666666666666667,0.0,0.583333333333333,0.0833333333333333
1264,"[(0, 1, -1, 1), (0, 1, 0, -1)]",1,2,9,0.692307692307692,1_2,0.0,0.0,0.0,0.6153846153846151,0.0,0.46153846153846095,0.0769230769230769
1265,"[(0, 1, -1, 1), (0, 1, 0, 1)]",1,2,7,0.7,1_2,0.0,0.0,0.0,0.6,0.0,0.49999999999999994,0.1
1266,"[(0, 1, -1, 1), (0, 1, 1, -1)]",0,1,10,0.909090909090909,0_1,0.0,0.0,0.909090909090909,0.0,0.818181818181818,0.0,0.0
1267,"[(0, 1, -1, 1), (0, 1, 1, 0)]",1,2,5,0.5,1_2,0.0,0.0,0.0,0.4,0.0,0.09999999999999998,0.1
1268,"[(0, 1, -1, 1), (0, 1, 1, 1)]",1,2,7,0.7,1_2,0.0,0.0,0.0,0.6,0.0,0.49999999999999994,0.1
1269,"[(0, 1, -1, 1), (1, -1, -1, 0)]",0,2,7,0.7,0_2,0.7,0.39999999999999997,0.0,0.0,0.0,0.0,0.7
1270,"[(0, 1, -1, 1), (1, -1, 0, -1)]",1,2,5,0.5,1_2,0.0,0.0,0.0,0.3,0.0,0.2,0.2
1271,"[(0, 1, -1, 1), (1, -1, 0, 0)]",1,2,9,0.818181818181818,1_2,0.0,0.0,0.0,0.818181818181818,0.0,0.636363636363636,0.0
1272,"[(0, 1, -1, 1), (1, -1, 0, 1)]",1,2,9,0.9,1_2,0.0,0.0,0.0,0.8,0.0,0.9,0.1
1273,"[(0, 1, -1, 1), (1, -1, 1, 0)]",1,2,8,0.8,1_2,0.0,0.0,0.0,0.8,0.0,0.6000000000000001,0.0
1274,"[(0, 1, -1, 1), (1, 0, -1, -1)]",0,1,6,0.545454545454545,0_1,0.0,0.0,0.272727272727272,0.0,0.363636363636363,0.0,0.272727272727273
1275,"[(0, 1, -1, 1), (1, 0, -1, 0)]",0,2,8,0.666666666666667,0_2,0.5,0.5,0.0,0.0,0.0,0.0,0.666666666666667
1276,"[(0, 1, -1, 1), (1, 0, -1, 1)]",0,2,9,0.75,0_2,0.6666666666666667,0.583333333333333,0.0,0.0,0.0,0.0,0.75
1277,"[(0, 1, -1, 1), (1, 0, 0, -1)]",1,2,7,0.636363636363636,1_2,0.0,0.0,0.0,0.636363636363636,0.0,0.27272727272727204,0.0
1278,"[(0, 1, -1, 1), (1, 0, 0, 1)]",1,2,9,0.9,1_2,0.0,0.0,0.0,0.9,0.0,0.8,0.0
1279,"[(0, 1, -1, 1), (1, 0, 1, -1)]",0,1,6,0.6,0_1,0.0,0.0,0.6,0.0,0.19999999999999996,0.0,0.0
1280,"[(0, 1, -1, 1), (1, 0, 1, 0)]",1,2,8,0.8,1_2,0.0,0.0,0.0,0.7000000000000001,0.0,0.7000000000000001,0.1
1281,"[(0, 1, -1, 1), (1, 0, 1, 1)]",1,2,8,0.8,1_2,0.0,0.0,0.0,0.8,0.0,0.6000000000000001,0.0
1282,"[(0, 1, -1, 1), (1, 1, -1, 0)]",0,2,9,0.818181818181818,0_2,0.636363636363636,0.818181818181818,0.0,0.0,0.0,0.0,0.818181818181818
1283,"[(0, 1, -1, 1), (1, 1, 0, -1)]",0,1,6,0.545454545454545,0_1,0.0,0.0,0.4545454545454541,0.0,0.181818181818181,0.0,0.0909090909090909
1284,"[(0, 1, -1, 1), (1, 1, 0, 0)]",1,2,9,0.818181818181818,1_2,0.0,0.0,0.0,0.818181818181818,0.0,0.636363636363636,0.0
1285,"[(0, 1, -1, 1), (1, 1, 0, 1)]",1,2,10,0.833333333333333,1_2,0.0,0.0,0.0,0.833333333333333,0.0,0.6666666666666661,0.0
1286,"[(0, 1, -1, 1), (1, 1, 1, 0)]",1,2,9,0.818181818181818,1_2,0.0,0.0,0.0,0.818181818181818,0.0,0.636363636363636,0.0
1287,"[(0, 1, 0, -1), (0, 1, 0, 1)]",1,2,12,1.0,1_2,0.0,0.0,0.0,1.0,0.0,1.0,0.0
1288,"[(0, 1, 0, -1), (0, 1, 1, -1)]",0,2,7,0.636363636363636,0_2,0.45454545454545403,0.45454545454545403,0.0,0.0,0.0,0.0,0.636363636363636
1289,"[(0, 1, 0, -1), (0, 1, 1, 0)]",0,1,4,0.4,0_1,0.0,0.0,0.2,0.0,0.0,0.0,0.2
1290,"[(0, 1, 0, -1), (0, 1, 1, 1)]",1,2,8,0.727272727272727,1_2,0.0,0.0,0.0,0.545454545454545,0.0,0.636363636363636,0.181818181818182
1291,"[(0, 1, 0, -1), (1, -1, -1, 0)]",1,2,6,0.6,1_2,0.0,0.0,0.0,0.5,0.0,0.3,0.1
1292,"[(0, 1, 0, -1), (1, -1, 0, -1)]",0,2,7,0.636363636363636,0_2,0.636363636363636,0.27272727272727204,0.0,0.0,0.0,0.0,0.636363636363636
1293,"[(0, 1, 0, -1), (1, -1, 0, 0)]",1,2,9,0.75,1_2,0.0,0.0,0.0,0.6666666666666667,0.0,0.583333333333333,0.0833333333333333
1294,"[(0, 1, 0, -1), (1, -1, 0, 1)]",1,2,10,0.833333333333333,1_2,0.0,0.0,0.0,0.833333333333333,0.0,0.6666666666666661,0.0
1295,"[(0, 1, 0, -1), (1, -1, 1, 0)]",1,2,7,0.583333333333333,1_2,0.0,0.0,0.0,0.4999999999999997,0.0,0.25000000000000006,0.0833333333333333
1296,"[(0, 1, 0, -1), (1, 0, -1, -1)]",0,2,6,0.5,0_2,0.16666666666666702,0.33333333333333304,0.0,0.0,0.0,0.0,0.5
1297,"[(0, 1, 0, -1), (1, 0, -1, 0)]",0,1,7,0.583333333333333,0_1,0.0,0.0,0.583333333333333,0.0,0.16666666666666602,0.0,0.0
1298,"[(0, 1, 0, -1), (1, 0, -1, 1)]",0,1,5,0.454545454545455,0_1,0.0,0.0,0.3636363636363641,0.0,0.0,0.0,0.0909090909090909
1299,"[(0, 1, 0, -1), (1, 0, 0, -1)]",0,2,5,0.5,0_2,0.5,0.0,0.0,0.0,0.0,0.0,0.5
1300,"[(0, 1, 0, -1), (1, 0, 0, 1)]",1,2,7,0.583333333333333,1_2,0.0,0.0,0.0,0.583333333333333,0.0,0.16666666666666602,0.0
1301,"[(0, 1, 0, -1), (1, 0, 1, -1)]",0,2,6,0.6,0_2,0.19999999999999996,0.6,0.0,0.0,0.0,0.0,0.6
1302,"[(0, 1, 0, -1), (1, 0, 1, 0)]",0,1,5,0.416666666666667,0_1,0.0,0.0,0.25,0.0,0.0,0.0,0.166666666666667
1303,"[(0, 1, 0, -1), (1, 0, 1, 1)]",0,1,6,0.6,0_1,0.0,0.0,0.6,0.0,0.19999999999999996,0.0,0.0
1304,"[(0, 1, 0, -1), (1, 1, -1, 0)]",0,1,5,0.5,0_1,0.0,0.0,0.4,0.0,0.09999999999999998,0.0,0.1
1305,"[(0, 1, 0, -1), (1, 1, 0, -1)]",0,2,7,0.636363636363636,0_2,0.45454545454545403,0.45454545454545403,0.0,0.0,0.0,0.0,0.636363636363636
1306,"[(0, 1, 0, -1), (1, 1, 0, 0)]",1,2,9,0.75,1_2,0.0,0.0,0.0,0.583333333333333,0.0,0.6666666666666667,0.166666666666667
1307,"[(0, 1, 0, -1), (1, 1, 0, 1)]",1,2,8,0.8,1_2,0.0,0.0,0.0,0.8,0.0,0.6000000000000001,0.0
1308,"[(0, 1, 0, -1), (1, 1, 1, 0)]",1,2,5,0.5,1_2,0.0,0.0,0.0,0.2,0.0,0.3,0.3
1309,"[(0, 1, 0, 1), (0, 1, 1, -1)]",0,1,10,1.0,0_1,0.0,0.0,1.0,0.0,1.0,0.0,0.0
1310,"[(0, 1, 0, 1), (0, 1, 1, 0)]",0,1,8,0.8,0_1,0.0,0.0,0.7000000000000001,0.0,0.7000000000000001,0.0,0.1
1311,"[(0, 1, 0, 1), (0, 1, 1, 1)]",0,1,6,0.6,0_1,0.0,0.0,0.6,0.0,0.19999999999999996,0.0,0.0
1312,"[(0, 1, 0, 1), (1, -1, -1, 0)]",0,1,9,0.9,0_1,0.0,0.0,0.9,0.0,0.8,0.0,0.0
1313,"[(0, 1, 0, 1), (1, -1, 0, -1)]",0,1,6,0.545454545454545,0_1,0.0,0.0,0.4545454545454541,0.0,0.181818181818181,0.0,0.0909090909090909
1314,"[(0, 1, 0, 1), (1, -1, 0, 0)]",0,1,6,0.6,0_1,0.0,0.0,0.5,0.0,0.3,0.0,0.1
1315,"[(0, 1, 0, 1), (1, -1, 0, 1)]",0,1,5,0.454545454545455,0_1,0.0,0.0,0.272727272727273,0.0,0.090909090909091,0.0,0.181818181818182
1316,"[(0, 1, 0, 1), (1, -1, 1, 0)]",0,1,7,0.636363636363636,0_1,0.0,0.0,0.45454545454545403,0.0,0.45454545454545403,0.0,0.181818181818182
1317,"[(0, 1, 0, 1), (1, 0, -1, -1)]",0,1,10,1.0,0_1,0.0,0.0,1.0,0.0,1.0,0.0,0.0
1318,"[(0, 1, 0, 1), (1, 0, -1, 0)]",0,1,9,0.818181818181818,0_1,0.0,0.0,0.7272727272727271,0.0,0.7272727272727271,0.0,0.0909090909090909
1319,"[(0, 1, 0, 1), (1, 0, -1, 1)]",0,1,10,0.909090909090909,0_1,0.0,0.0,0.909090909090909,0.0,0.818181818181818,0.0,0.0
1320,"[(0, 1, 0, 1), (1, 0, 0, -1)]",0,1,9,0.75,0_1,0.0,0.0,0.6666666666666667,0.0,0.583333333333333,0.0,0.0833333333333333
1321,"[(0, 1, 0, 1), (1, 0, 0, 1)]",1,2,6,0.6,1_2,0.0,0.0,0.0,0.5,0.0,0.3,0.1
1322,"[(0, 1, 0, 1), (1, 0, 1, -1)]",0,1,11,1.0,0_1,0.0,0.0,1.0,0.0,1.0,0.0,0.0
1323,"[(0, 1, 0, 1), (1, 0, 1, 0)]",0,1,9,0.9,0_1,0.0,0.0,0.8,0.0,0.9,0.0,0.1
1324,"[(0, 1, 0, 1), (1, 0, 1, 1)]",0,1,7,0.7,0_1,0.0,0.0,0.39999999999999997,0.0,0.7,0.0,0.3
1325,"[(0, 1, 0, 1), (1, 1, -1, 0)]",0,1,7,0.7,0_1,0.0,0.0,0.7,0.0,0.39999999999999997,0.0,0.0
1326,"[(0, 1, 0, 1), (1, 1, 0, -1)]",0,1,8,0.8,0_1,0.0,0.0,0.8,0.0,0.6000000000000001,0.0,0.0
1327,"[(0, 1, 0, 1), (1, 1, 0, 0)]",1,2,9,0.75,1_2,0.0,0.0,0.0,0.75,0.0,0.5,0.0
1328,"[(0, 1, 0, 1), (1, 1, 0, 1)]",1,2,7,0.636363636363636,1_2,0.0,0.0,0.0,0.5454545454545451,0.0,0.36363636363636304,0.0909090909090909
1329,"[(0, 1, 0, 1), (1, 1, 1, 0)]",0,1,9,0.75,0_1,0.0,0.0,0.6666666666666667,0.0,0.583333333333333,0.0,0.0833333333333333
1330,"[(0, 1, 1, -1), (0, 1, 1, 0)]",0,2,6,0.6,0_2,0.5,0.3,0.0,0.0,0.0,0.0,0.6
1331,"[(0, 1, 1, -1), (0, 1, 1, 1)]",1,2,8,0.8,1_2,0.0,0.0,0.0,0.7000000000000001,0.0,0.7000000000000001,0.1
1332,"[(0, 1, 1, -1), (1, -1, -1, 0)]",1,2,8,0.727272727272727,1_2,0.0,0.0,0.0,0.636363636363636,0.0,0.545454545454545,0.0909090909090909
1333,"[(0, 1, 1, -1), (1, -1, 0, -1)]",0,2,7,0.7,0_2,0.7,0.39999999999999997,0.0,0.0,0.0,0.0,0.7
1334,"[(0, 1, 1, -1), (1, -1, 0, 0)]",1,2,10,0.909090909090909,1_2,0.0,0.0,0.0,0.909090909090909,0.0,0.818181818181818,0.0
1335,"[(0, 1, 1, -1), (1, -1, 0, 1)]",1,2,11,0.916666666666667,1_2,0.0,0.0,0.0,0.916666666666667,0.0,0.8333333333333337,0.0
1336,"[(0, 1, 1, -1), (1, -1, 1, 0)]",1,2,6,0.545454545454545,1_2,0.0,0.0,0.0,0.09090909090909,0.0,0.545454545454545,0.454545454545455
1337,"[(0, 1, 1, -1), (1, 0, -1, -1)]",0,1,5,0.416666666666667,0_1,0.0,0.0,0.08333333333333404,0.0,0.16666666666666702,0.0,0.333333333333333
1338,"[(0, 1, 1, -1), (1, 0, -1, 0)]",1,2,6,0.6,1_2,0.0,0.0,0.0,0.6,0.0,0.19999999999999996,0.0
1339,"[(0, 1, 1, -1), (1, 0, -1, 1)]",1,2,9,0.818181818181818,1_2,0.0,0.0,0.0,0.818181818181818,0.0,0.636363636363636,0.0
1340,"[(0, 1, 1, -1), (1, 0, 0, -1)]",1,2,6,0.6,1_2,0.0,0.0,0.0,0.19999999999999996,0.0,0.6,0.4
1341,"[(0, 1, 1, -1), (1, 0, 0, 1)]",1,2,11,1.0,1_2,0.0,0.0,0.0,1.0,0.0,1.0,0.0
1342,"[(0, 1, 1, -1), (1, 0, 1, -1)]",0,2,7,0.636363636363636,0_2,0.45454545454545403,0.45454545454545403,0.0,0.0,0.0,0.0,0.636363636363636
1343,"[(0, 1, 1, -1), (1, 0, 1, 0)]",1,2,8,0.666666666666667,1_2,0.0,0.0,0.0,0.5833333333333337,0.0,0.41666666666666696,0.0833333333333333
1344,"[(0, 1, 1, -1), (1, 0, 1, 1)]",1,2,10,0.833333333333333,1_2,0.0,0.0,0.0,0.7499999999999998,0.0,0.7499999999999998,0.0833333333333333
1345,"[(0, 1, 1, -1), (1, 1, -1, 0)]",1,2,5,0.454545454545455,1_2,0.0,0.0,0.0,0.272727272727273,0.0,0.090909090909091,0.181818181818182
1346,"[(0, 1, 1, -1), (1, 1, 0, -1)]",1,2,6,0.545454545454545,1_2,0.0,0.0,0.0,0.272727272727272,0.0,0.363636363636363,0.272727272727273
1347,"[(0, 1, 1, -1), (1, 1, 0, 0)]",1,2,9,0.818181818181818,1_2,0.0,0.0,0.0,0.7272727272727271,0.0,0.7272727272727271,0.0909090909090909
1348,"[(0, 1, 1, -1), (1, 1, 0, 1)]",1,2,11,1.0,1_2,0.0,0.0,0.0,1.0,0.0,1.0,0.0
1349,"[(0, 1, 1, -1), (1, 1, 1, 0)]",1,2,10,0.909090909090909,1_2,0.0,0.0,0.0,0.818181818181818,0.0,0.909090909090909,0.0909090909090909
1350,"[(0, 1, 1, 0), (0, 1, 1, 1)]",0,1,4,0.363636363636364,0_1,0.0,0.0,0.090909090909091,0.0,0.0,0.0,0.272727272727273
1351,"[(0, 1, 1, 0), (1, -1, -1, 0)]",0,1,7,0.636363636363636,0_1,0.0,0.0,0.45454545454545403,0.0,0.45454545454545403,0.0,0.181818181818182
1352,"[(0, 1, 1, 0), (1, -1, 0, -1)]",1,2,4,0.4,1_2,0.0,0.0,0.0,0.10000000000000003,0.0,0.10000000000000003,0.3
1353,"[(0, 1, 1, 0), (1, -1, 0, 0)]",1,2,9,0.818181818181818,1_2,0.0,0.0,0.0,0.7272727272727271,0.0,0.7272727272727271,0.0909090909090909
1354,"[(0, 1, 1, 0), (1, -1, 0, 1)]",1,2,9,0.818181818181818,1_2,0.0,0.0,0.0,0.818181818181818,0.0,0.636363636363636,0.0
1355,"[(0, 1, 1, 0), (1, -1, 1, 0)]",0,2,6,0.545454545454545,0_2,0.363636363636363,0.272727272727272,0.0,0.0,0.0,0.0,0.545454545454545
1356,"[(0, 1, 1, 0), (1, 0, -1, -1)]",0,1,9,0.818181818181818,0_1,0.0,0.0,0.7272727272727271,0.0,0.7272727272727271,0.0,0.0909090909090909
1357,"[(0, 1, 1, 0), (1, 0, -1, 0)]",0,1,9,0.818181818181818,0_1,0.0,0.0,0.818181818181818,0.0,0.636363636363636,0.0,0.0
1358,"[(0, 1, 1, 0), (1, 0, -1, 1)]",0,1,10,0.909090909090909,0_1,0.0,0.0,0.909090909090909,0.0,0.818181818181818,0.0,0.0
1359,"[(0, 1, 1, 0), (1, 0, 0, -1)]",0,1,5,0.416666666666667,0_1,0.0,0.0,0.25,0.0,0.0,0.0,0.166666666666667
1360,"[(0, 1, 1, 0), (1, 0, 0, 1)]",1,2,9,0.818181818181818,1_2,0.0,0.0,0.0,0.7272727272727271,0.0,0.7272727272727271,0.0909090909090909
1361,"[(0, 1, 1, 0), (1, 0, 1, -1)]",0,1,5,0.454545454545455,0_1,0.0,0.0,0.0,0.0,0.3636363636363641,0.0,0.454545454545455
1362,"[(0, 1, 1, 0), (1, 0, 1, 0)]",0,2,6,0.6,0_2,0.39999999999999997,0.39999999999999997,0.0,0.0,0.0,0.0,0.6
1363,"[(0, 1, 1, 0), (1, 0, 1, 1)]",0,2,7,0.636363636363636,0_2,0.5454545454545451,0.36363636363636304,0.0,0.0,0.0,0.0,0.636363636363636
1364,"[(0, 1, 1, 0), (1, 1, -1, 0)]",1,2,6,0.5,1_2,0.0,0.0,0.0,0.33333333333333304,0.0,0.16666666666666702,0.166666666666667
1365,"[(0, 1, 1, 0), (1, 1, 0, -1)]",0,1,9,0.818181818181818,0_1,0.0,0.0,0.7272727272727271,0.0,0.7272727272727271,0.0,0.0909090909090909
1366,"[(0, 1, 1, 0), (1, 1, 0, 0)]",1,2,7,0.7,1_2,0.0,0.0,0.0,0.49999999999999994,0.0,0.6,0.2
1367,"[(0, 1, 1, 0), (1, 1, 0, 1)]",1,2,10,0.909090909090909,1_2,0.0,0.0,0.0,0.818181818181818,0.0,0.909090909090909,0.0909090909090909
1368,"[(0, 1, 1, 0), (1, 1, 1, 0)]",1,2,6,0.6,1_2,0.0,0.0,0.0,0.39999999999999997,0.0,0.39999999999999997,0.2
1369,"[(0, 1, 1, 1), (1, -1, -1, 0)]",0,1,10,0.909090909090909,0_1,0.0,0.0,0.909090909090909,0.0,0.818181818181818,0.0,0.0
1370,"[(0, 1, 1, 1), (1, -1, 0, -1)]",0,1,5,0.454545454545455,0_1,0.0,0.0,0.3636363636363641,0.0,0.0,0.0,0.0909090909090909
1371,"[(0, 1, 1, 1), (1, -1, 0, 0)]",1,2,9,0.818181818181818,1_2,0.0,0.0,0.0,0.636363636363636,0.0,0.818181818181818,0.181818181818182
1372,"[(0, 1, 1, 1), (1, -1, 0, 1)]",1,2,8,0.8,1_2,0.0,0.0,0.0,0.8,0.0,0.6000000000000001,0.0
1373,"[(0, 1, 1, 1), (1, -1, 1, 0)]",0,2,6,0.5,0_2,0.33333333333333304,0.16666666666666702,0.0,0.0,0.0,0.0,0.5
1374,"[(0, 1, 1, 1), (1, 0, -1, -1)]",0,1,11,1.0,0_1,0.0,0.0,1.0,0.0,1.0,0.0,0.0
1375,"[(0, 1, 1, 1), (1, 0, -1, 0)]",0,1,10,1.0,0_1,0.0,0.0,1.0,0.0,1.0,0.0,0.0
1376,"[(0, 1, 1, 1), (1, 0, -1, 1)]",0,1,9,0.75,0_1,0.0,0.0,0.6666666666666667,0.0,0.583333333333333,0.0,0.0833333333333333
1377,"[(0, 1, 1, 1), (1, 0, 0, -1)]",1,2,5,0.5,1_2,0.0,0.0,0.0,0.4,0.0,0.09999999999999998,0.1
1378,"[(0, 1, 1, 1), (1, 0, 0, 1)]",1,2,7,0.636363636363636,1_2,0.0,0.0,0.0,0.45454545454545403,0.0,0.45454545454545403,0.181818181818182
1379,"[(0, 1, 1, 1), (1, 0, 1, -1)]",0,1,4,0.363636363636364,0_1,0.0,0.0,0.0,0.0,0.090909090909091,0.0,0.363636363636364
1380,"[(0, 1, 1, 1), (1, 0, 1, 0)]",0,2,8,0.571428571428571,0_2,0.357142857142857,0.357142857142857,0.0,0.0,0.0,0.0,0.571428571428571
1381,"[(0, 1, 1, 1), (1, 0, 1, 1)]",0,2,6,0.545454545454545,0_2,0.4545454545454541,0.181818181818181,0.0,0.0,0.0,0.0,0.545454545454545
1382,"[(0, 1, 1, 1), (1, 1, -1, 0)]",0,1,7,0.7,0_1,0.0,0.0,0.49999999999999994,0.0,0.6,0.0,0.2
1383,"[(0, 1, 1, 1), (1, 1, 0, -1)]",0,1,5,0.5,0_1,0.0,0.0,0.5,0.0,0.0,0.0,0.0
1384,"[(0, 1, 1, 1), (1, 1, 0, 0)]",1,2,8,0.727272727272727,1_2,0.0,0.0,0.0,0.545454545454545,0.0,0.636363636363636,0.181818181818182
1385,"[(0, 1, 1, 1), (1, 1, 0, 1)]",1,2,8,0.727272727272727,1_2,0.0,0.0,0.0,0.636363636363636,0.0,0.545454545454545,0.0909090909090909
1386,"[(0, 1, 1, 1), (1, 1, 1, 0)]",0,1,6,0.6,0_1,0.0,0.0,0.3,0.0,0.5,0.0,0.3
1387,"[(1, -1, -1, 0), (1, -1, 0, -1)]",1,2,7,0.636363636363636,1_2,0.0,0.0,0.0,0.636363636363636,0.0,0.27272727272727204,0.0
1388,"[(1, -1, -1, 0), (1, -1, 0, 0)]",1,2,11,0.916666666666667,1_2,0.0,0.0,0.0,0.916666666666667,0.0,0.8333333333333337,0.0
1389,"[(1, -1, -1, 0), (1, -1, 0, 1)]",1,2,8,0.727272727272727,1_2,0.0,0.0,0.0,0.636363636363636,0.0,0.545454545454545,0.0909090909090909
1390,"[(1, -1, -1, 0), (1, -1, 1, 0)]",1,2,6,0.545454545454545,1_2,0.0,0.0,0.0,0.545454545454545,0.0,0.09090909090909,0.0
1391,"[(1, -1, -1, 0), (1, 0, -1, -1)]",0,1,5,0.454545454545455,0_1,0.0,0.0,0.090909090909091,0.0,0.272727272727273,0.0,0.363636363636364
1392,"[(1, -1, -1, 0), (1, 0, -1, 0)]",0,2,8,0.666666666666667,0_2,0.5833333333333337,0.41666666666666696,0.0,0.0,0.0,0.0,0.666666666666667
1393,"[(1, -1, -1, 0), (1, 0, -1, 1)]",0,2,7,0.7,0_2,0.39999999999999997,0.7,0.0,0.0,0.0,0.0,0.7
1394,"[(1, -1, -1, 0), (1, 0, 0, -1)]",1,2,6,0.6,1_2,0.0,0.0,0.0,0.5,0.0,0.3,0.1
1395,"[(1, -1, -1, 0), (1, 0, 0, 1)]",1,2,7,0.636363636363636,1_2,0.0,0.0,0.0,0.636363636363636,0.0,0.27272727272727204,0.0
1396,"[(1, -1, -1, 0), (1, 0, 1, -1)]",0,1,6,0.6,0_1,0.0,0.0,0.6,0.0,0.19999999999999996,0.0,0.0
1397,"[(1, -1, -1, 0), (1, 0, 1, 0)]",1,2,9,0.75,1_2,0.0,0.0,0.0,0.6666666666666667,0.0,0.583333333333333,0.0833333333333333
1398,"[(1, -1, -1, 0), (1, 0, 1, 1)]",1,2,8,0.8,1_2,0.0,0.0,0.0,0.8,0.0,0.6000000000000001,0.0
1399,"[(1, -1, -1, 0), (1, 1, -1, 0)]",0,1,4,0.363636363636364,0_1,0.0,0.0,0.0,0.0,0.090909090909091,0.0,0.363636363636364
1400,"[(1, -1, -1, 0), (1, 1, 0, -1)]",0,1,6,0.545454545454545,0_1,0.0,0.0,0.545454545454545,0.0,0.09090909090909,0.0,0.0
1401,"[(1, -1, -1, 0), (1, 1, 0, 0)]",1,2,8,0.8,1_2,0.0,0.0,0.0,0.8,0.0,0.6000000000000001,0.0
1402,"[(1, -1, -1, 0), (1, 1, 0, 1)]",1,2,8,0.8,1_2,0.0,0.0,0.0,0.7000000000000001,0.0,0.7000000000000001,0.1
1403,"[(1, -1, -1, 0), (1, 1, 1, 0)]",1,2,9,0.75,1_2,0.0,0.0,0.0,0.75,0.0,0.5,0.0
1404,"[(1, -1, 0, -1), (1, -1, 0, 0)]",1,2,7,0.7,1_2,0.0,0.0,0.0,0.7,0.0,0.39999999999999997,0.0
1405,"[(1, -1, 0, -1), (1, -1, 0, 1)]",1,2,7,0.7,1_2,0.0,0.0,0.0,0.39999999999999997,0.0,0.7,0.3
1406,"[(1, -1, 0, -1), (1, -1, 1, 0)]",1,2,5,0.454545454545455,1_2,0.0,0.0,0.0,0.272727272727273,0.0,0.090909090909091,0.181818181818182
1407,"[(1, -1, 0, -1), (1, 0, -1, -1)]",0,1,6,0.5,0_1,0.0,0.0,0.25,0.0,0.25,0.0,0.25
1408,"[(1, -1, 0, -1), (1, 0, -1, 0)]",1,2,7,0.7,1_2,0.0,0.0,0.0,0.7,0.0,0.39999999999999997,0.0
1409,"[(1, -1, 0, -1), (1, 0, -1, 1)]",0,1,5,0.5,0_1,0.0,0.0,0.5,0.0,0.0,0.0,0.0
1410,"[(1, -1, 0, -1), (1, 0, 0, -1)]",0,2,7,0.583333333333333,0_2,0.4166666666666661,0.33333333333333304,0.0,0.0,0.0,0.0,0.583333333333333
1411,"[(1, -1, 0, -1), (1, 0, 0, 1)]",1,2,7,0.7,1_2,0.0,0.0,0.0,0.7,0.0,0.39999999999999997,0.0
1412,"[(1, -1, 0, -1), (1, 0, 1, -1)]",0,2,7,0.636363636363636,0_2,0.36363636363636304,0.5454545454545451,0.0,0.0,0.0,0.0,0.636363636363636
1413,"[(1, -1, 0, -1), (1, 0, 1, 0)]",1,2,6,0.6,1_2,0.0,0.0,0.0,0.3,0.0,0.5,0.3
1414,"[(1, -1, 0, -1), (1, 0, 1, 1)]",0,1,5,0.5,0_1,0.0,0.0,0.5,0.0,0.0,0.0,0.0
1415,"[(1, -1, 0, -1), (1, 1, -1, 0)]",0,1,8,0.727272727272727,0_1,0.0,0.0,0.636363636363636,0.0,0.545454545454545,0.0,0.0909090909090909
1416,"[(1, -1, 0, -1), (1, 1, 0, -1)]",0,1,8,0.666666666666667,0_1,0.0,0.0,0.41666666666666696,0.0,0.5833333333333337,0.0,0.25
1417,"[(1, -1, 0, -1), (1, 1, 0, 0)]",1,2,9,0.818181818181818,1_2,0.0,0.0,0.0,0.818181818181818,0.0,0.636363636363636,0.0
1418,"[(1, -1, 0, -1), (1, 1, 0, 1)]",1,2,9,0.818181818181818,1_2,0.0,0.0,0.0,0.818181818181818,0.0,0.636363636363636,0.0
1419,"[(1, -1, 0, -1), (1, 1, 1, 0)]",1,2,7,0.636363636363636,1_2,0.0,0.0,0.0,0.5454545454545451,0.0,0.36363636363636304,0.0909090909090909
1420,"[(1, -1, 0, 0), (1, -1, 0, 1)]",0,1,7,0.583333333333333,0_1,0.0,0.0,0.583333333333333,0.0,0.16666666666666602,0.0,0.0
1421,"[(1, -1, 0, 0), (1, -1, 1, 0)]",0,1,7,0.636363636363636,0_1,0.0,0.0,0.5454545454545451,0.0,0.36363636363636304,0.0,0.0909090909090909
1422,"[(1, -1, 0, 0), (1, 0, -1, -1)]",0,1,10,1.0,0_1,0.0,0.0,1.0,0.0,1.0,0.0,0.0
1423,"[(1, -1, 0, 0), (1, 0, -1, 0)]",0,1,8,0.727272727272727,0_1,0.0,0.0,0.727272727272727,0.0,0.454545454545454,0.0,0.0
1424,"[(1, -1, 0, 0), (1, 0, -1, 1)]",0,1,10,0.909090909090909,0_1,0.0,0.0,0.818181818181818,0.0,0.909090909090909,0.0,0.0909090909090909
1425,"[(1, -1, 0, 0), (1, 0, 0, -1)]",0,1,7,0.636363636363636,0_1,0.0,0.0,0.636363636363636,0.0,0.27272727272727204,0.0,0.0
1426,"[(1, -1, 0, 0), (1, 0, 0, 1)]",1,2,6,0.5,1_2,0.0,0.0,0.0,0.4166666666666667,0.0,0.08333333333333298,0.0833333333333333
1427,"[(1, -1, 0, 0), (1, 0, 1, -1)]",0,1,11,1.0,0_1,0.0,0.0,1.0,0.0,1.0,0.0,0.0
1428,"[(1, -1, 0, 0), (1, 0, 1, 0)]",0,1,9,0.818181818181818,0_1,0.0,0.0,0.818181818181818,0.0,0.636363636363636,0.0,0.0
1429,"[(1, -1, 0, 0), (1, 0, 1, 1)]",0,1,7,0.636363636363636,0_1,0.0,0.0,0.636363636363636,0.0,0.27272727272727204,0.0,0.0
1430,"[(1, -1, 0, 0), (1, 1, -1, 0)]",0,1,10,0.909090909090909,0_1,0.0,0.0,0.909090909090909,0.0,0.818181818181818,0.0,0.0
1431,"[(1, -1, 0, 0), (1, 1, 0, -1)]",0,1,11,0.916666666666667,0_1,0.0,0.0,0.916666666666667,0.0,0.8333333333333337,0.0,0.0
1432,"[(1, -1, 0, 0), (1, 1, 0, 0)]",1,2,6,0.545454545454545,1_2,0.0,0.0,0.0,0.545454545454545,0.0,0.09090909090909,0.0
1433,"[(1, -1, 0, 0), (1, 1, 0, 1)]",0,1,8,0.666666666666667,0_1,0.0,0.0,0.666666666666667,0.0,0.333333333333334,0.0,0.0
1434,"[(1, -1, 0, 0), (1, 1, 1, 0)]",0,1,10,0.909090909090909,0_1,0.0,0.0,0.909090909090909,0.0,0.818181818181818,0.0,0.0
1435,"[(1, -1, 0, 1), (1, -1, 1, 0)]",0,1,9,0.818181818181818,0_1,0.0,0.0,0.7272727272727271,0.0,0.7272727272727271,0.0,0.0909090909090909
1436,"[(1, -1, 0, 1), (1, 0, -1, -1)]",0,1,7,0.7,0_1,0.0,0.0,0.6,0.0,0.49999999999999994,0.0,0.1
1437,"[(1, -1, 0, 1), (1, 0, -1, 0)]",0,1,9,0.818181818181818,0_1,0.0,0.0,0.818181818181818,0.0,0.636363636363636,0.0,0.0
1438,"[(1, -1, 0, 1), (1, 0, -1, 1)]",0,1,8,0.727272727272727,0_1,0.0,0.0,0.636363636363636,0.0,0.545454545454545,0.0,0.0909090909090909
1439,"[(1, -1, 0, 1), (1, 0, 0, -1)]",0,1,8,0.8,0_1,0.0,0.0,0.6000000000000001,0.0,0.8,0.0,0.2
1440,"[(1, -1, 0, 1), (1, 0, 0, 1)]",0,1,8,0.8,0_1,0.0,0.0,0.8,0.0,0.6000000000000001,0.0,0.0
1441,"[(1, -1, 0, 1), (1, 0, 1, -1)]",0,1,10,0.909090909090909,0_1,0.0,0.0,0.909090909090909,0.0,0.818181818181818,0.0,0.0
1442,"[(1, -1, 0, 1), (1, 0, 1, 0)]",0,1,8,0.727272727272727,0_1,0.0,0.0,0.636363636363636,0.0,0.545454545454545,0.0,0.0909090909090909
1443,"[(1, -1, 0, 1), (1, 0, 1, 1)]",0,1,8,0.727272727272727,0_1,0.0,0.0,0.727272727272727,0.0,0.454545454545454,0.0,0.0
1444,"[(1, -1, 0, 1), (1, 1, -1, 0)]",0,1,10,0.833333333333333,0_1,0.0,0.0,0.833333333333333,0.0,0.6666666666666661,0.0,0.0
1445,"[(1, -1, 0, 1), (1, 1, 0, -1)]",0,1,10,0.909090909090909,0_1,0.0,0.0,0.818181818181818,0.0,0.909090909090909,0.0,0.0909090909090909
1446,"[(1, -1, 0, 1), (1, 1, 0, 0)]",0,1,8,0.8,0_1,0.0,0.0,0.7000000000000001,0.0,0.7000000000000001,0.0,0.1
1447,"[(1, -1, 0, 1), (1, 1, 0, 1)]",1,2,7,0.636363636363636,1_2,0.0,0.0,0.0,0.5454545454545451,0.0,0.36363636363636304,0.0909090909090909
1448,"[(1, -1, 0, 1), (1, 1, 1, 0)]",0,1,10,1.0,0_1,0.0,0.0,1.0,0.0,1.0,0.0,0.0
1449,"[(1, -1, 1, 0), (1, 0, -1, -1)]",0,1,7,0.7,0_1,0.0,0.0,0.49999999999999994,0.0,0.6,0.0,0.2
1450,"[(1, -1, 1, 0), (1, 0, -1, 0)]",0,1,7,0.636363636363636,0_1,0.0,0.0,0.636363636363636,0.0,0.27272727272727204,0.0,0.0
1451,"[(1, -1, 1, 0), (1, 0, -1, 1)]",0,1,6,0.6,0_1,0.0,0.0,0.6,0.0,0.19999999999999996,0.0,0.0
1452,"[(1, -1, 1, 0), (1, 0, 0, -1)]",0,1,9,0.9,0_1,0.0,0.0,0.9,0.0,0.8,0.0,0.0
1453,"[(1, -1, 1, 0), (1, 0, 0, 1)]",1,2,8,0.666666666666667,1_2,0.0,0.0,0.0,0.666666666666667,0.0,0.333333333333334,0.0
1454,"[(1, -1, 1, 0), (1, 0, 1, -1)]",0,1,7,0.7,0_1,0.0,0.0,0.39999999999999997,0.0,0.7,0.0,0.3
1455,"[(1, -1, 1, 0), (1, 0, 1, 0)]",0,2,5,0.454545454545455,0_2,0.272727272727273,0.090909090909091,0.0,0.0,0.0,0.0,0.454545454545455
1456,"[(1, -1, 1, 0), (1, 0, 1, 1)]",0,2,5,0.454545454545455,0_2,0.272727272727273,0.090909090909091,0.0,0.0,0.0,0.0,0.454545454545455
1457,"[(1, -1, 1, 0), (1, 1, -1, 0)]",0,1,9,0.9,0_1,0.0,0.0,0.8,0.0,0.9,0.0,0.1
1458,"[(1, -1, 1, 0), (1, 1, 0, -1)]",0,1,6,0.545454545454545,0_1,0.0,0.0,0.363636363636363,0.0,0.272727272727272,0.0,0.181818181818182
1459,"[(1, -1, 1, 0), (1, 1, 0, 0)]",1,2,7,0.7,1_2,0.0,0.0,0.0,0.7,0.0,0.39999999999999997,0.0
1460,"[(1, -1, 1, 0), (1, 1, 0, 1)]",1,2,8,0.8,1_2,0.0,0.0,0.0,0.8,0.0,0.6000000000000001,0.0
1461,"[(1, -1, 1, 0), (1, 1, 1, 0)]",0,1,4,0.4,0_1,0.0,0.0,0.10000000000000003,0.0,0.10000000000000003,0.0,0.3
1462,"[(1, 0, -1, -1), (1, 0, -1, 0)]",1,2,7,0.7,1_2,0.0,0.0,0.0,0.39999999999999997,0.0,0.7,0.3
1463,"[(1, 0, -1, -1), (1, 0, -1, 1)]",0,2,4,0.4,0_2,0.2,0.0,0.0,0.0,0.0,0.0,0.4
1464,"[(1, 0, -1, -1), (1, 0, 0, -1)]",0,2,5,0.416666666666667,0_2,0.25,0.0,0.0,0.0,0.0,0.0,0.416666666666667
1465,"[(1, 0, -1, -1), (1, 0, 0, 1)]",1,2,10,0.909090909090909,1_2,0.0,0.0,0.0,0.909090909090909,0.0,0.818181818181818,0.0
1466,"[(1, 0, -1, -1), (1, 0, 1, -1)]",0,2,4,0.4,0_2,0.10000000000000003,0.10000000000000003,0.0,0.0,0.0,0.0,0.4
1467,"[(1, 0, -1, -1), (1, 0, 1, 0)]",1,2,8,0.666666666666667,1_2,0.0,0.0,0.0,0.5833333333333337,0.0,0.41666666666666696,0.0833333333333333
1468,"[(1, 0, -1, -1), (1, 0, 1, 1)]",1,2,11,0.916666666666667,1_2,0.0,0.0,0.0,0.916666666666667,0.0,0.8333333333333337,0.0
1469,"[(1, 0, -1, -1), (1, 1, -1, 0)]",0,2,7,0.636363636363636,0_2,0.5454545454545451,0.36363636363636304,0.0,0.0,0.0,0.0,0.636363636363636
1470,"[(1, 0, -1, -1), (1, 1, 0, -1)]",1,2,7,0.636363636363636,1_2,0.0,0.0,0.0,0.27272727272727204,0.0,0.636363636363636,0.363636363636364
1471,"[(1, 0, -1, -1), (1, 1, 0, 0)]",1,2,12,1.0,1_2,0.0,0.0,0.0,1.0,0.0,1.0,0.0
1472,"[(1, 0, -1, -1), (1, 1, 0, 1)]",1,2,9,0.818181818181818,1_2,0.0,0.0,0.0,0.7272727272727271,0.0,0.7272727272727271,0.0909090909090909
1473,"[(1, 0, -1, -1), (1, 1, 1, 0)]",1,2,11,0.916666666666667,1_2,0.0,0.0,0.0,0.916666666666667,0.0,0.8333333333333337,0.0
1474,"[(1, 0, -1, 0), (1, 0, -1, 1)]",1,2,6,0.6,1_2,0.0,0.0,0.0,0.19999999999999996,0.0,0.6,0.4
1475,"[(1, 0, -1, 0), (1, 0, 0, -1)]",0,1,7,0.7,0_1,0.0,0.0,0.7,0.0,0.39999999999999997,0.0,0.0
1476,"[(1, 0, -1, 0), (1, 0, 0, 1)]",1,2,7,0.7,1_2,0.0,0.0,0.0,0.49999999999999994,0.0,0.6,0.2
1477,"[(1, 0, -1, 0), (1, 0, 1, -1)]",0,1,5,0.454545454545455,0_1,0.0,0.0,0.3636363636363641,0.0,0.0,0.0,0.0909090909090909
1478,"[(1, 0, -1, 0), (1, 0, 1, 0)]",1,2,8,0.8,1_2,0.0,0.0,0.0,0.8,0.0,0.6000000000000001,0.0
1479,"[(1, 0, -1, 0), (1, 0, 1, 1)]",1,2,7,0.7,1_2,0.0,0.0,0.0,0.7,0.0,0.39999999999999997,0.0
1480,"[(1, 0, -1, 0), (1, 1, -1, 0)]",0,2,7,0.583333333333333,0_2,0.16666666666666602,0.583333333333333,0.0,0.0,0.0,0.0,0.583333333333333
1481,"[(1, 0, -1, 0), (1, 1, 0, -1)]",0,1,8,0.727272727272727,0_1,0.0,0.0,0.545454545454545,0.0,0.636363636363636,0.0,0.181818181818182
1482,"[(1, 0, -1, 0), (1, 1, 0, 0)]",1,2,9,0.818181818181818,1_2,0.0,0.0,0.0,0.818181818181818,0.0,0.636363636363636,0.0
1483,"[(1, 0, -1, 0), (1, 1, 0, 1)]",1,2,10,0.909090909090909,1_2,0.0,0.0,0.0,0.909090909090909,0.0,0.818181818181818,0.0
1484,"[(1, 0, -1, 0), (1, 1, 1, 0)]",1,2,11,1.0,1_2,0.0,0.0,0.0,1.0,0.0,1.0,0.0
1485,"[(1, 0, -1, 1), (1, 0, 0, -1)]",1,2,8,0.666666666666667,1_2,0.0,0.0,0.0,0.666666666666667,0.0,0.333333333333334,0.0
1486,"[(1, 0, -1, 1), (1, 0, 0, 1)]",1,2,8,0.727272727272727,1_2,0.0,0.0,0.0,0.636363636363636,0.0,0.545454545454545,0.0909090909090909
1487,"[(1, 0, -1, 1), (1, 0, 1, -1)]",0,1,8,0.666666666666667,0_1,0.0,0.0,0.666666666666667,0.0,0.333333333333334,0.0,0.0
1488,"[(1, 0, -1, 1), (1, 0, 1, 0)]",1,2,8,0.727272727272727,1_2,0.0,0.0,0.0,0.636363636363636,0.0,0.545454545454545,0.0909090909090909
1489,"[(1, 0, -1, 1), (1, 0, 1, 1)]",1,2,10,0.833333333333333,1_2,0.0,0.0,0.0,0.7499999999999998,0.0,0.7499999999999998,0.0833333333333333
1490,"[(1, 0, -1, 1), (1, 1, -1, 0)]",0,2,6,0.545454545454545,0_2,0.363636363636363,0.272727272727272,0.0,0.0,0.0,0.0,0.545454545454545
1491,"[(1, 0, -1, 1), (1, 1, 0, -1)]",1,2,9,0.75,1_2,0.0,0.0,0.0,0.6666666666666667,0.0,0.583333333333333,0.0833333333333333
1492,"[(1, 0, -1, 1), (1, 1, 0, 0)]",1,2,8,0.727272727272727,1_2,0.0,0.0,0.0,0.727272727272727,0.0,0.454545454545454,0.0
1493,"[(1, 0, -1, 1), (1, 1, 0, 1)]",1,2,9,0.9,1_2,0.0,0.0,0.0,0.9,0.0,0.8,0.0
1494,"[(1, 0, -1, 1), (1, 1, 1, 0)]",1,2,9,0.818181818181818,1_2,0.0,0.0,0.0,0.7272727272727271,0.0,0.7272727272727271,0.0909090909090909
1495,"[(1, 0, 0, -1), (1, 0, 0, 1)]",1,2,9,0.75,1_2,0.0,0.0,0.0,0.75,0.0,0.5,0.0
1496,"[(1, 0, 0, -1), (1, 0, 1, -1)]",0,1,6,0.6,0_1,0.0,0.0,0.19999999999999996,0.0,0.6,0.0,0.4
1497,"[(1, 0, 0, -1), (1, 0, 1, 0)]",1,2,10,0.833333333333333,1_2,0.0,0.0,0.0,0.833333333333333,0.0,0.6666666666666661,0.0
1498,"[(1, 0, 0, -1), (1, 0, 1, 1)]",0,1,4,0.4,0_1,0.0,0.0,0.2,0.0,0.0,0.0,0.2
1499,"[(1, 0, 0, -1), (1, 1, -1, 0)]",0,1,7,0.636363636363636,0_1,0.0,0.0,0.5454545454545451,0.0,0.36363636363636304,0.0,0.0909090909090909
1500,"[(1, 0, 0, -1), (1, 1, 0, -1)]",0,2,7,0.636363636363636,0_2,0.27272727272727204,0.636363636363636,0.0,0.0,0.0,0.0,0.636363636363636
1501,"[(1, 0, 0, -1), (1, 1, 0, 0)]",1,2,9,0.9,1_2,0.0,0.0,0.0,0.9,0.0,0.8,0.0
1502,"[(1, 0, 0, -1), (1, 1, 0, 1)]",1,2,11,1.0,1_2,0.0,0.0,0.0,1.0,0.0,1.0,0.0
1503,"[(1, 0, 0, -1), (1, 1, 1, 0)]",1,2,5,0.454545454545455,1_2,0.0,0.0,0.0,0.272727272727273,0.0,0.090909090909091,0.181818181818182
1504,"[(1, 0, 0, 1), (1, 0, 1, -1)]",0,1,11,1.0,0_1,0.0,0.0,1.0,0.0,1.0,0.0,0.0
1505,"[(1, 0, 0, 1), (1, 0, 1, 0)]",0,1,9,0.818181818181818,0_1,0.0,0.0,0.818181818181818,0.0,0.636363636363636,0.0,0.0
1506,"[(1, 0, 0, 1), (1, 0, 1, 1)]",0,1,6,0.6,0_1,0.0,0.0,0.6,0.0,0.19999999999999996,0.0,0.0
1507,"[(1, 0, 0, 1), (1, 1, -1, 0)]",0,1,10,0.909090909090909,0_1,0.0,0.0,0.909090909090909,0.0,0.818181818181818,0.0,0.0
1508,"[(1, 0, 0, 1), (1, 1, 0, -1)]",0,1,7,0.7,0_1,0.0,0.0,0.6,0.0,0.49999999999999994,0.0,0.1
1509,"[(1, 0, 0, 1), (1, 1, 0, 0)]",0,1,9,0.9,0_1,0.0,0.0,0.9,0.0,0.8,0.0,0.0
1510,"[(1, 0, 0, 1), (1, 1, 0, 1)]",0,1,5,0.5,0_1,0.0,0.0,0.2,0.0,0.3,0.0,0.3
1511,"[(1, 0, 0, 1), (1, 1, 1, 0)]",0,1,8,0.666666666666667,0_1,0.0,0.0,0.666666666666667,0.0,0.333333333333334,0.0,0.0
1512,"[(1, 0, 1, -1), (1, 0, 1, 0)]",1,2,6,0.6,1_2,0.0,0.0,0.0,0.39999999999999997,0.0,0.39999999999999997,0.2
1513,"[(1, 0, 1, -1), (1, 0, 1, 1)]",1,2,10,0.909090909090909,1_2,0.0,0.0,0.0,0.909090909090909,0.0,0.818181818181818,0.0
1514,"[(1, 0, 1, -1), (1, 1, -1, 0)]",1,2,11,1.0,1_2,0.0,0.0,0.0,1.0,0.0,1.0,0.0
1515,"[(1, 0, 1, -1), (1, 1, 0, -1)]",0,2,6,0.6,0_2,0.3,0.5,0.0,0.0,0.0,0.0,0.6
1516,"[(1, 0, 1, -1), (1, 1, 0, 0)]",1,2,9,0.818181818181818,1_2,0.0,0.0,0.0,0.636363636363636,0.0,0.818181818181818,0.181818181818182
1517,"[(1, 0, 1, -1), (1, 1, 0, 1)]",1,2,11,0.916666666666667,1_2,0.0,0.0,0.0,0.916666666666667,0.0,0.8333333333333337,0.0
1518,"[(1, 0, 1, -1), (1, 1, 1, 0)]",1,2,8,0.727272727272727,1_2,0.0,0.0,0.0,0.545454545454545,0.0,0.636363636363636,0.181818181818182
1519,"[(1, 0, 1, 0), (1, 0, 1, 1)]",0,2,6,0.545454545454545,0_2,0.09090909090909,0.545454545454545,0.0,0.0,0.0,0.0,0.545454545454545
1520,"[(1, 0, 1, 0), (1, 1, -1, 0)]",0,1,7,0.636363636363636,0_1,0.0,0.0,0.5454545454545451,0.0,0.36363636363636304,0.0,0.0909090909090909
1521,"[(1, 0, 1, 0), (1, 1, 0, -1)]",0,1,7,0.7,0_1,0.0,0.0,0.7,0.0,0.39999999999999997,0.0,0.0
1522,"[(1, 0, 1, 0), (1, 1, 0, 0)]",1,2,9,0.692307692307692,1_2,0.0,0.0,0.0,0.692307692307692,0.0,0.38461538461538397,0.0
1523,"[(1, 0, 1, 0), (1, 1, 0, 1)]",1,2,6,0.545454545454545,1_2,0.0,0.0,0.0,0.545454545454545,0.0,0.09090909090909,0.0
1524,"[(1, 0, 1, 0), (1, 1, 1, 0)]",0,1,7,0.636363636363636,0_1,0.0,0.0,0.36363636363636304,0.0,0.5454545454545451,0.0,0.272727272727273
1525,"[(1, 0, 1, 1), (1, 1, -1, 0)]",0,1,8,0.666666666666667,0_1,0.0,0.0,0.5833333333333337,0.0,0.41666666666666696,0.0,0.0833333333333333
1526,"[(1, 0, 1, 1), (1, 1, 0, -1)]",0,1,7,0.636363636363636,0_1,0.0,0.0,0.5454545454545451,0.0,0.36363636363636304,0.0,0.0909090909090909
1527,"[(1, 0, 1, 1), (1, 1, 0, 0)]",1,2,9,0.75,1_2,0.0,0.0,0.0,0.6666666666666667,0.0,0.583333333333333,0.0833333333333333
1528,"[(1, 0, 1, 1), (1, 1, 0, 1)]",1,2,7,0.636363636363636,1_2,0.0,0.0,0.0,0.636363636363636,0.0,0.27272727272727204,0.0
1529,"[(1, 0, 1, 1), (1, 1, 1, 0)]",0,2,4,0.4,0_2,0.10000000000000003,0.10000000000000003,0.0,0.0,0.0,0.0,0.4
1530,"[(1, 1, -1, 0), (1, 1, 0, -1)]",0,1,6,0.545454545454545,0_1,0.0,0.0,0.4545454545454541,0.0,0.181818181818181,0.0,0.0909090909090909
1531,"[(1, 1, -1, 0), (1, 1, 0, 0)]",1,2,9,0.75,1_2,0.0,0.0,0.0,0.6666666666666667,0.0,0.583333333333333,0.0833333333333333
1532,"[(1, 1, -1, 0), (1, 1, 0, 1)]",1,2,10,0.833333333333333,1_2,0.0,0.0,0.0,0.833333333333333,0.0,0.6666666666666661,0.0
1533,"[(1, 1, -1, 0), (1, 1, 1, 0)]",1,2,8,0.8,1_2,0.0,0.0,0.0,0.7000000000000001,0.0,0.7000000000000001,0.1
1534,"[(1, 1, 0, -1), (1, 1, 0, 0)]",1,2,9,0.9,1_2,0.0,0.0,0.0,0.8,0.0,0.9,0.1
1535,"[(1, 1, 0, -1), (1, 1, 0, 1)]",1,2,8,0.727272727272727,1_2,0.0,0.0,0.0,0.727272727272727,0.0,0.454545454545454,0.0
1536,"[(1, 1, 0, -1), (1, 1, 1, 0)]",1,2,6,0.545454545454545,1_2,0.0,0.0,0.0,0.545454545454545,0.0,0.09090909090909,0.0
1537,"[(1, 1, 0, 0), (1, 1, 0, 1)]",0,1,6,0.545454545454545,0_1,0.0,0.0,0.545454545454545,0.0,0.09090909090909,0.0,0.0
1538,"[(1, 1, 0, 0), (1, 1, 1, 0)]",0,1,8,0.666666666666667,0_1,0.0,0.0,0.666666666666667,0.0,0.333333333333334,0.0,0.0
1539,"[(1, 1, 0, 1), (1, 1, 1, 0)]",0,1,7,0.636363636363636,0_1,0.0,0.0,0.636363636363636,0.0,0.27272727272727204,0.0,0.0
